ImageId,RepositoryPath,Width,Height,Bytes,Sha256,IsKnownSourceSheet,KnownCropCount,PriorityScore
"legacy-image-0001","assets/source/legacy1e/steamusercontent-a.akamaihd.net/images/asset__0007b1a704707540.png",2000,2000,925614,"c9cf689ea37a880f563d058ae7779125759d3312ccb21e263c40b86aa0813dc1",True,1,1070
"legacy-image-0003","assets/source/legacy1e/steamusercontent-a.akamaihd.net/images/asset__028ca35d37b338dc.png",1024,1024,1004896,"94430e76f30d9958f0474c8c7fb664a2ce371e544b05295d09e0b7813c08d66b",True,1,1070
"legacy-image-0004","assets/source/legacy1e/steamusercontent-a.akamaihd.net/images/asset__029a55df7aa12763.jpg",1942,1942,554608,"d6b1ff67b063ca5946fa0e90f068add71ca6d02c359afcec92668c0cc93fd899",True,1,1070
"legacy-image-0005","assets/source/legacy1e/steamusercontent-a.akamaihd.net/images/asset__02e20fbebf2cc778.jpg",2048,2048,349039,"fa1b86882d08b2f28345ca8341871f325622e8a602bd848da54e2b31da295b98",True,1,1070
"legacy-image-0006","assets/source/legacy1e/steamusercontent-a.akamaihd.net/images/asset__055f87ae1f2bccdf.jpg",1536,1536,257932,"c6419f2313f749508be0f85b4f3fe9daf83f313f0bf7d6e5fef5a8d068a4a128",True,1,1070
"legacy-image-0008","assets/source/legacy1e/steamusercontent-a.akamaihd.net/images/asset__062ebd85ad782fed.jpg",1536,1536,260905,"40d49a0fb32c6bcde0ea3dd96cbe5155a239315f339f8693620ed96502e7debc",True,1,1070
"legacy-image-0009","assets/source/legacy1e/steamusercontent-a.akamaihd.net/images/asset__07b611202808b32f.jpg",2048,2048,641374,"c26bb7d4e034776e9e6d9350f22c68fcd8ad290942cca3c53ca956ae943629ea",True,1,1070
"legacy-image-0011","assets/source/legacy1e/steamusercontent-a.akamaihd.net/images/asset__0d8c2cd2b70ca7d6.jpg",1024,1024,181271,"184f54cceff55e33232f30260420101f5b83e710ee50fe0d45b88bf2cb732943",True,1,1070
"legacy-image-0012","assets/source/legacy1e/steamusercontent-a.akamaihd.net/images/asset__0e078b693215dcd2.jpg",2048,2048,349081,"2e852055cccf281b2456dc2d5dd160f46c6a8073bf6633da5b8a8447010e0392",True,1,1070
"legacy-image-0015","assets/source/legacy1e/steamusercontent-a.akamaihd.net/images/asset__116b5f5103b89cc7.jpg",1541,1541,168808,"cb97f9be120e8b1bfb153a21c7ca9b967b46a6170c7411b4ea20df44a99dd3ca",True,1,1070
"legacy-image-0016","assets/source/legacy1e/steamusercontent-a.akamaihd.net/images/asset__12292d3a084cbe3c.jpg",2048,2048,379353,"bc1b8e2589c99c5d3671076b3c2f629d430970364c412e667d4805f754209e97",True,1,1070
"legacy-image-0022","assets/source/legacy1e/steamusercontent-a.akamaihd.net/images/asset__1786b38448ff15bc.jpg",1522,1522,195957,"ff847b440d9aa68c78f4be61dc6a9aa82fa21eb8dfa17e55ab4c51e121a254d5",True,1,1070
"legacy-image-0024","assets/source/legacy1e/steamusercontent-a.akamaihd.net/images/asset__188553706626c179.png",1024,1024,372473,"ca2afedbdd5df6750ebe77bcde9a3a4a431dcd193e91e922df48c72ce4d361fa",True,1,1070
"legacy-image-0025","assets/source/legacy1e/steamusercontent-a.akamaihd.net/images/asset__18bbda2defef0191.png",2000,2000,957655,"7810d67b19270395e2a3a947350e0b3302ad3401d68f19b374e757d49dc3e901",True,1,1070
"legacy-image-0026","assets/source/legacy1e/steamusercontent-a.akamaihd.net/images/asset__18f0fc42531efb0d.png",1024,1024,1003203,"0caa706016204c88ca57b0d5c3b98bf7f8a0ef2b6a95abfc392eb080b2d39d3f",True,1,1070
"legacy-image-0028","assets/source/legacy1e/steamusercontent-a.akamaihd.net/images/asset__1ce28bfa8588d1c0.jpg",3072,3072,1186306,"07eeaaa7ddd3d1a5369a05a894ca83638a20f4b2ef5b5aa72691178c50959149",True,1,1070
"legacy-image-0031","assets/source/legacy1e/steamusercontent-a.akamaihd.net/images/asset__1ea8b35fc299dd61.jpg",1024,1024,181396,"8262741c8d683cc16de548686cb018bbedabda3e1fd6daa8c4547904adb72e15",True,1,1070
"legacy-image-0033","assets/source/legacy1e/steamusercontent-a.akamaihd.net/images/asset__1fc394576a49cbf6.jpg",2200,2200,706987,"f23cd7146f105620d04877444a244d5b4f06ae5c292083b378f5d86f35e4de03",True,1,1070
"legacy-image-0034","assets/source/legacy1e/steamusercontent-a.akamaihd.net/images/asset__222fd202161556fa.jpg",2048,2048,867527,"d0efe68bec83e69ea160e6bbd04f100ffae693916987e4192b93952170266003",True,1,1070
"legacy-image-0036","assets/source/legacy1e/steamusercontent-a.akamaihd.net/images/asset__234090aa2d6c6f2f.jpg",1024,1024,164652,"5edd983ca411b8a0b33027dafe1f352486893f707847382648e3cffc4d58d4dd",True,1,1070
"legacy-image-0039","assets/source/legacy1e/steamusercontent-a.akamaihd.net/images/asset__26c202af3d983f80.png",1024,1024,658718,"129872542dd7f8a019791db09302acc263d8007f23db6ac82c2979eca168bcd1",True,1,1070
"legacy-image-0040","assets/source/legacy1e/steamusercontent-a.akamaihd.net/images/asset__26d4850cfab22457.jpg",1024,1024,193462,"819f67cefa4c04cbfb3377806a7fa63b09ebeb7581b1fe679331cbdd69ddded4",True,1,1070
"legacy-image-0043","assets/source/legacy1e/steamusercontent-a.akamaihd.net/images/asset__27a89001f714f298.jpg",3072,3072,876487,"76196bfc64da12c86410bb4462339f0cf3ad952e077908ffc035c65a6c23434b",True,1,1070
"legacy-image-0044","assets/source/legacy1e/steamusercontent-a.akamaihd.net/images/asset__283b62cba7623fcb.png",1536,1536,1380229,"1d6e641138b056b55a2a906db46f31529ba59592ab6c8c2f787b5cc1ef0678dc",True,1,1070
"legacy-image-0045","assets/source/legacy1e/steamusercontent-a.akamaihd.net/images/asset__284cf739230c5520.jpg",2048,2048,625465,"da60d3bfa3891d8c7f7529df6c42ebd74848b90a6832248b9e40c365ea515378",True,1,1070
"legacy-image-0046","assets/source/legacy1e/steamusercontent-a.akamaihd.net/images/asset__290cc31e747a82fa.png",2048,2048,3435636,"be628660daac7fab9d3bf9d7869e7bd7bcf2d608fb206cc987ab449decba5bc9",True,1,1070
"legacy-image-0047","assets/source/legacy1e/steamusercontent-a.akamaihd.net/images/asset__2a09386f0ae85856.jpg",1522,1522,196301,"3cf16ea7bae17e656a72807e7425ec61cfd33e8b2960a42cf9f28a924c474528",True,1,1070
"legacy-image-0048","assets/source/legacy1e/steamusercontent-a.akamaihd.net/images/asset__2b628d8e1453f008.jpg",2048,2048,287463,"9306c1286d082ce27d3b6ba61f4b7d0f4512ef55648d8df1c4565423f089685f",True,1,1070
"legacy-image-0049","assets/source/legacy1e/steamusercontent-a.akamaihd.net/images/asset__2c21c96d3d0f6df4.png",2000,2000,926796,"3cd8b807b264b81c4a12c18108d5e6cd5474d765e86aeefd57cc78f6118074cc",True,1,1070
"legacy-image-0050","assets/source/legacy1e/steamusercontent-a.akamaihd.net/images/asset__2ddee426d5cd4e0a.png",1024,1024,372508,"bae1c3f0325e866069ec63497eeb104d431fa8564c9a15ad15eeb5abf20cf3ad",True,1,1070
"legacy-image-0052","assets/source/legacy1e/steamusercontent-a.akamaihd.net/images/asset__313bf3911892eafb.jpg",2048,2048,322666,"76abc6cbc811734311d39ca7bab6748c9d57f0147b8773678bd6741eaced8b62",True,1,1070
"legacy-image-0053","assets/source/legacy1e/steamusercontent-a.akamaihd.net/images/asset__31c8025202b87472.jpg",1024,1024,144785,"14eef94e219e80c574af7110ba2f36f14fc0e7462f01964b0c8a8c46c028e803",True,1,1070
"legacy-image-0055","assets/source/legacy1e/steamusercontent-a.akamaihd.net/images/asset__38c73e26b7ef0f5c.png",2048,2048,3665245,"346a6d56dbaa923acab429c93fa3d405b5feb74cea36bd807bb2ccaa74e43af4",True,1,1070
"legacy-image-0056","assets/source/legacy1e/steamusercontent-a.akamaihd.net/images/asset__3948b5a8e50c3bd1.jpg",2048,2048,640912,"20a1ee8351af21d3da7016e3c5f7ce0cd19de5cf9c0627ea0848b506f59d920a",True,1,1070
"legacy-image-0057","assets/source/legacy1e/steamusercontent-a.akamaihd.net/images/asset__397623d826256999.jpg",1525,1525,168732,"c47c0fd6863d493542f2268e30e0aa137caced8b36ba63e3cdf26f9a547e572b",True,1,1070
"legacy-image-0060","assets/source/legacy1e/steamusercontent-a.akamaihd.net/images/asset__3b663ec0ec08d3c1.jpg",2048,2048,733968,"d1192fd684977d623de764c669fbc1eddb307154f000fadf45854d80c6cd128c",True,1,1070
"legacy-image-0061","assets/source/legacy1e/steamusercontent-a.akamaihd.net/images/asset__3bf6a0f4e42179fc.jpg",1024,1024,138884,"2a364c6d8ec72b29e55f7a6283a0d4376c3300669e3d71ecf62fcd91891d8180",True,1,1070
"legacy-image-0062","assets/source/legacy1e/steamusercontent-a.akamaihd.net/images/asset__3c511d937f9cfc39.png",2048,2048,3666118,"ef60cdf65bdf6cc269ccd3a40be4106f555f867b453f67df5eaf42f80e108150",True,1,1070
"legacy-image-0063","assets/source/legacy1e/steamusercontent-a.akamaihd.net/images/asset__3ca5873ebdf5b343.png",1522,1522,765867,"3cae9b9fdf5c555a2c408ebaace2aa668b09df888bd917da047e00f371cd4d30",True,1,1070
"legacy-image-0064","assets/source/legacy1e/steamusercontent-a.akamaihd.net/images/asset__3d0e951020b2d514.png",1024,1024,785320,"b35601d8f91df4ad00560dc99b1fb9cfb71ad97d97c806665ea6716720e24cd8",True,1,1070
"legacy-image-0065","assets/source/legacy1e/steamusercontent-a.akamaihd.net/images/asset__3f53e0f9d8299340.jpg",1024,1024,145673,"edb8e5846efaab9a507475ce3a72d1f146cd2619b13fb0949269366fd5c957c3",True,1,1070
"legacy-image-0066","assets/source/legacy1e/steamusercontent-a.akamaihd.net/images/asset__41d30b92b50898f3.png",1024,1024,435756,"577e4d42efd6bdbf7ff701be8759ff08b9b6d0b13952a558b0a5b338cd0ea302",True,1,1070
"legacy-image-0067","assets/source/legacy1e/steamusercontent-a.akamaihd.net/images/asset__4267f6573a9e0524.jpg",3072,3072,1427826,"1e399fb660d9892e382d60f0edaed70bc4861a4ce5a81f87acd5244eb83b415d",True,1,1070
"legacy-image-0069","assets/source/legacy1e/steamusercontent-a.akamaihd.net/images/asset__43e91ad6b8c25e5a.jpg",1024,1024,138464,"43741159eebda3aae2f1a780ce674e10c36a0ce6d265b70e0becbabdc7499855",True,1,1070
"legacy-image-0070","assets/source/legacy1e/steamusercontent-a.akamaihd.net/images/asset__44cc2e9f77a0f54f.jpg",2048,2048,349069,"4d7dd00b8f3e97045c278a11d6f3c70137a26496eeef75376843f8873075abf7",True,1,1070
"legacy-image-0073","assets/source/legacy1e/steamusercontent-a.akamaihd.net/images/asset__468416f146e1f06d.png",1024,1024,766344,"abe6df6db2740d97ec2d61dc1689f00fbf2294a79affaf07da5749c10e7f3c0b",True,1,1070
"legacy-image-0074","assets/source/legacy1e/steamusercontent-a.akamaihd.net/images/asset__47198294f94ca5ea.png",1024,1024,371921,"2e30c7b90852e05b183dd574c114f6cc7541c0c5788f4d2231cea68cbc32b445",True,1,1070
"legacy-image-0076","assets/source/legacy1e/steamusercontent-a.akamaihd.net/images/asset__479ac4c40d60d726.png",2200,2200,3356152,"5e701da557aa7f883c61fe1fdceca22cf003619b53e7d4d1e9762ebd2cfe4cae",True,3,1070
"legacy-image-0077","assets/source/legacy1e/steamusercontent-a.akamaihd.net/images/asset__4807b3729c8343a3.jpg",2048,2048,515653,"3e34398d748bccbac87de37ddb863167c2dea43e8beb76ef1db7c1d03717d49e",True,1,1070
"legacy-image-0078","assets/source/legacy1e/steamusercontent-a.akamaihd.net/images/asset__48e6bba4f70cfabc.jpg",1024,1024,164242,"dd60314fa67f5eeb7859699e664ba2088eab09954039ab8d99986a9a4b8fcffd",True,1,1070
"legacy-image-0079","assets/source/legacy1e/steamusercontent-a.akamaihd.net/images/asset__4af57bb26524ed0b.jpg",1525,1525,168805,"151ccf8058620d0e23a9799256704430c00eb5489f6f3d5174c632be3aedb9f1",True,1,1070
"legacy-image-0081","assets/source/legacy1e/steamusercontent-a.akamaihd.net/images/asset__4c009f4e322d5c41.png",2048,2048,1108562,"b287c4a9c9a1de8a1297899b29a7349481452dfe8d62c85228ab2a5c905c8fbf",True,1,1070
"legacy-image-0083","assets/source/legacy1e/steamusercontent-a.akamaihd.net/images/asset__4fa26aa87794e2f9.jpg",2300,2300,621004,"6c966c811ceb6a25feb0bbf0ae1300c9a4d25c6d9cf1f6c44e56933c17d36513",True,1,1070
"legacy-image-0087","assets/source/legacy1e/steamusercontent-a.akamaihd.net/images/asset__530db44fdeb67130.png",2048,2048,1298262,"11b92d15828b797b42387c3b5a2076de26945a54862ca06656de3d803f5cb995",True,1,1070
"legacy-image-0089","assets/source/legacy1e/steamusercontent-a.akamaihd.net/images/asset__56b3528f863cf077.jpg",2300,2300,623269,"4da6d3ff681f510af0452321b242a98c83306c2b2ab860a4d29f13124a4ca224",True,1,1070
"legacy-image-0091","assets/source/legacy1e/steamusercontent-a.akamaihd.net/images/asset__588199dc62ebbe1e.jpg",1536,1536,175017,"3f7a00c7b63d3594127d9a807ec8b7b347ea5fe1f044d110a1e789cd9f20bf7b",True,1,1070
"legacy-image-0092","assets/source/legacy1e/steamusercontent-a.akamaihd.net/images/asset__5cae101d5041fcf3.png",1024,1024,658747,"5a2be6cd77d524ad609cb4c07ec9571ab1cc636cb2e439169735003ae7205e0e",True,1,1070
"legacy-image-0093","assets/source/legacy1e/steamusercontent-a.akamaihd.net/images/asset__5da59378b7d9f2a3.png",1024,1024,601792,"f7615091702ac01e7b90b278889a502b1f5714b0a550afc62573891850cd4e24",True,1,1070
"legacy-image-0094","assets/source/legacy1e/steamusercontent-a.akamaihd.net/images/asset__5ecaf2bd7f8d7b76.jpg",3072,3072,875365,"1b67ca60c0f16693df66f7adb10910b1c721b0c561fc556493c48a40d9c62597",True,2,1070
"legacy-image-0097","assets/source/legacy1e/steamusercontent-a.akamaihd.net/images/asset__61e603ba4eae6169.jpg",2048,2048,322065,"9301963e43016631f97f0a79bcd9bde3c8ee551490e20cbafef96c9873da0734",True,1,1070
"legacy-image-0098","assets/source/legacy1e/steamusercontent-a.akamaihd.net/images/asset__6225167008bb5fce.jpg",1024,1024,164393,"782747239f7975a5f5a2be7c0c441eaf4981424aad57970a3a78ae92f7a0561c",True,1,1070
"legacy-image-0100","assets/source/legacy1e/steamusercontent-a.akamaihd.net/images/asset__631e741e3464206b.png",2048,2048,1492178,"77ead0758500fc8caeb026a4f08e3746258f1b95531b5da8a9ed29e014a1ddc6",True,1,1070
"legacy-image-0102","assets/source/legacy1e/steamusercontent-a.akamaihd.net/images/asset__68ff2cc03d300acb.png",2048,2048,1508178,"ccc00b2c563b2a35c72a29111cf2e4991d4989802403903ed70fe9ad98835ebb",True,1,1070
"legacy-image-0103","assets/source/legacy1e/steamusercontent-a.akamaihd.net/images/asset__6938d04d38918f0f.png",1024,1024,377878,"ef9e27b8afd849538307b76b3f9d9e98ead812b333c40781c25a7743f50a7842",True,1,1070
"legacy-image-0104","assets/source/legacy1e/steamusercontent-a.akamaihd.net/images/asset__69f4ecd608d361bf.png",1024,1024,515840,"1e5b0686ad3bc00febc382e01bdef59968e6f53cd8642f2f67d5b3d077ab1ade",True,1,1070
"legacy-image-0105","assets/source/legacy1e/steamusercontent-a.akamaihd.net/images/asset__6a0c60074efb9f5c.png",2000,2000,924687,"0e38d44e9d15ba4231b26b6333e64b5c6a97d4bf1f31151c7946a99be96adcf3",True,1,1070
"legacy-image-0109","assets/source/legacy1e/steamusercontent-a.akamaihd.net/images/asset__6dda404247201f0c.png",2048,2048,1029655,"08a72e2763f8e1abba87467d4727ef75eeaa84766ca346a51158f06748ea7253",True,1,1070
"legacy-image-0111","assets/source/legacy1e/steamusercontent-a.akamaihd.net/images/asset__6e97d1e9c3fe2186.jpg",2300,2300,621013,"725809cc38366f0f7bd3f70e205ec76abfceaad5ad5be0b0b03d82aad7bdb205",True,1,1070
"legacy-image-0112","assets/source/legacy1e/steamusercontent-a.akamaihd.net/images/asset__6ea7c985873a0654.jpg",2048,2048,733076,"0b50322807ea931fad2f093bfe60bf833e9d60739a3954daa18bf8118bf9a378",True,1,1070
"legacy-image-0113","assets/source/legacy1e/steamusercontent-a.akamaihd.net/images/asset__6feb9e8d6d3b24e9.jpg",1024,1024,139136,"28b50648f4e23878238cd32d1261c2b79f14d123603877f66718f9796ed21c39",True,1,1070
"legacy-image-0115","assets/source/legacy1e/steamusercontent-a.akamaihd.net/images/asset__70dd166decee0563.jpg",2300,2300,623177,"bfcd54276cdddbdd269767a4b05aa9258af3a52f6e301545b830830e6f03b263",True,1,1070
"legacy-image-0116","assets/source/legacy1e/steamusercontent-a.akamaihd.net/images/asset__7416dd8e946ea549.png",2000,2000,926176,"def7a8969c03f4f0117109b0d895f3a6075b765a92bb77f9a63299ab108e30a6",True,1,1070
"legacy-image-0118","assets/source/legacy1e/steamusercontent-a.akamaihd.net/images/asset__764db731223587eb.png",1024,1024,726863,"d1aa5da26869f11ec4e787b9fa6448930eef2a5aedaefaeb374c2ee646a7f4a4",True,1,1070
"legacy-image-0121","assets/source/legacy1e/steamusercontent-a.akamaihd.net/images/asset__80d72ea254b5531f.png",2000,2000,926726,"a5870a68aed14690baccf7343a90dd377c074974b00177b60f81f164ecac6a96",True,1,1070
"legacy-image-0124","assets/source/legacy1e/steamusercontent-a.akamaihd.net/images/asset__816196eb61b9f0d0.png",2000,2000,1276261,"b7d4449b661a705f6d06dd03ee830607fc299d02ba96dc169b028454fab056a0",True,1,1070
"legacy-image-0126","assets/source/legacy1e/steamusercontent-a.akamaihd.net/images/asset__825891661acc77de.png",1536,1536,750597,"cc38efff529d1c2682f4fa1aaf62291547ba6fe9855835c25605f01a7f74a6e2",True,1,1070
"legacy-image-0127","assets/source/legacy1e/steamusercontent-a.akamaihd.net/images/asset__82ba063d7c019215.jpg",2048,2048,603141,"65e80de1f1afa074da5520e8c3f9e552b89ff92a7f24cb34f8210545aebcc7fd",True,1,1070
"legacy-image-0129","assets/source/legacy1e/steamusercontent-a.akamaihd.net/images/asset__83a1eb5a43caf6e4.jpg",3000,3000,910652,"bc132e290cc3067be27ab165df78833863690be83942c11758278bee5f993e02",True,1,1070
"legacy-image-0130","assets/source/legacy1e/steamusercontent-a.akamaihd.net/images/asset__8552ac06500a17cf.jpg",3000,3000,911115,"4f7d0a8c532a7b650337424fc62c3f3a9b1f5402b6dafc163110f679b02b86d4",True,1,1070
"legacy-image-0132","assets/source/legacy1e/steamusercontent-a.akamaihd.net/images/asset__87382251cddea164.jpg",1024,1024,139002,"b9ed865cd4e3b31cc04eee8045485f801d09e7dc83a8a71ab67979e1de35665d",True,1,1070
"legacy-image-0134","assets/source/legacy1e/steamusercontent-a.akamaihd.net/images/asset__8865722a5fd3eea8.jpg",1802,1802,387298,"ac767f2762a1ca2692d29cfb12a127ad500e4910a9e85f9cf0536e9fa12abe62",True,1,1070
"legacy-image-0137","assets/source/legacy1e/steamusercontent-a.akamaihd.net/images/asset__895a9c2c30243998.jpg",1024,1024,185173,"82c6cde4e643310914dfceb1598c6a059f65c04704a483b50e7ca00e893bb0d4",True,1,1070
"legacy-image-0138","assets/source/legacy1e/steamusercontent-a.akamaihd.net/images/asset__8a8d56e8970d3f13.jpg",1541,1541,243115,"fc1e613f161999e999281bded34b87eaff90daddab2cd1004837655e23a88789",True,1,1070
"legacy-image-0139","assets/source/legacy1e/steamusercontent-a.akamaihd.net/images/asset__8edcd63544e01278.jpg",1024,1024,184958,"aeccf7c1d3414560e3bbec94d6ab599f5d18793519b41631d6ef6485318dd4f8",True,1,1070
"legacy-image-0140","assets/source/legacy1e/steamusercontent-a.akamaihd.net/images/asset__8effc513fca46c17.png",1024,1024,945346,"7be44da9143b525e826439ef6747a3e603aadc7c8c92f15b3a9b6a6e8f4ebfd8",True,1,1070
"legacy-image-0141","assets/source/legacy1e/steamusercontent-a.akamaihd.net/images/asset__91075d77874a97f5.jpg",2200,2200,562435,"31f04f99dabd3094b844eeab3e29e1516f1c2446538e0104e4cf47c96b7053ab",True,1,1070
"legacy-image-0142","assets/source/legacy1e/steamusercontent-a.akamaihd.net/images/asset__918718401447f3eb.jpg",1024,1024,185167,"0c785b50d0104eee92dd2436b4665910ca306b0405f1be3f2280ac118dc1ff63",True,1,1070
"legacy-image-0143","assets/source/legacy1e/steamusercontent-a.akamaihd.net/images/asset__9206d67cb1951531.png",2048,2048,3849907,"3734612c0a380cc7064329c19dc311898bd7b878ec2d7373e0256b747b84ab45",True,1,1070
"legacy-image-0147","assets/source/legacy1e/steamusercontent-a.akamaihd.net/images/asset__979839eadedbe9b0.png",1024,1024,567337,"166b984cf51d515b3cf2a3d6484cd16b2e2f83aa49b1b64025d8bc888ad62285",True,1,1070
"legacy-image-0148","assets/source/legacy1e/steamusercontent-a.akamaihd.net/images/asset__9832f52a2ba74315.png",1024,1024,943616,"4f5a68fca5f817c62509af71f6b7efc7a2aefd45c6568ad0cdfa8da93f013479",True,1,1070
"legacy-image-0149","assets/source/legacy1e/steamusercontent-a.akamaihd.net/images/asset__986563eedafd2375.jpg",3000,3000,911039,"0c839cb3e1e6c4648ba7778bf1cf60db5c42c5a54bfe4c56adb5c5bdd09f44d4",True,1,1070
"legacy-image-0150","assets/source/legacy1e/steamusercontent-a.akamaihd.net/images/asset__997851fbd402a21b.jpg",2200,2200,563028,"ed5c42e1246d3bdaf795df74a8c0a1ab2f062248e73911145725c28b63a772f1",True,1,1070
"legacy-image-0151","assets/source/legacy1e/steamusercontent-a.akamaihd.net/images/asset__9a170e187ec8bdd3.jpg",1522,1522,284589,"4327af8f57947812a89778f97d01214869b705e6395a6991bf1d851e9bbf6bc7",True,1,1070
"legacy-image-0152","assets/source/legacy1e/steamusercontent-a.akamaihd.net/images/asset__9a769a90c445cf85.png",2000,2000,925247,"a0704921d4c902d6e371a6569f29db567cddcdb29187fb2d8934f30027a4938a",True,1,1070
"legacy-image-0153","assets/source/legacy1e/steamusercontent-a.akamaihd.net/images/asset__9beb1f88fe4cb44e.jpg",2048,2048,256533,"676d1ffaee23c3798644e36e298f79fc12193ec617deddc6b5a9616a9158ea19",True,1,1070
"legacy-image-0154","assets/source/legacy1e/steamusercontent-a.akamaihd.net/images/asset__9bffdd5d64d90455.png",2200,2200,3266110,"f58c3afb4da622178079374ed64bd21cb35176730543435be4ef19680cdea316",True,4,1070
"legacy-image-0155","assets/source/legacy1e/steamusercontent-a.akamaihd.net/images/asset__9d1653feddb3d6be.png",1024,1024,601094,"748e59f350cfcb409610e26100f820eb36dbee42107d3735d94065ea3f107a2e",True,1,1070
"legacy-image-0157","assets/source/legacy1e/steamusercontent-a.akamaihd.net/images/asset__9fa3eacaa97eb075.jpg",1536,1536,808705,"070e9132bb7062d866aec06b4e47dd059791f2fd330c46a80990d71f55bd3988",True,1,1070
"legacy-image-0158","assets/source/legacy1e/steamusercontent-a.akamaihd.net/images/asset__a001fb6c459d02b9.png",3000,3000,2592924,"6da3d52ef8042a0d95db00335ee30c0932bfffd11c001dda597646f084a5ff99",True,1,1070
"legacy-image-0159","assets/source/legacy1e/steamusercontent-a.akamaihd.net/images/asset__a1e17ff2f9beebdd.jpg",2048,2048,380501,"13b0adf0a1cf070d4c9d7605696792db71d7a1e3cc86412933e88039197fa22b",True,1,1070
"legacy-image-0160","assets/source/legacy1e/steamusercontent-a.akamaihd.net/images/asset__a2255d00c6c09113.jpg",1802,1802,387396,"1526ab5322c2d6c20b14238b58e1c64691376b502955428c70446e4dd30124fc",True,1,1070
"legacy-image-0162","assets/source/legacy1e/steamusercontent-a.akamaihd.net/images/asset__a28587a196c79e16.jpg",3072,3072,2030163,"3a9560411e177477680dce15c15cd12dd53f309cdd81f3b11b933da04a78d7bc",True,1,1070
"legacy-image-0163","assets/source/legacy1e/steamusercontent-a.akamaihd.net/images/asset__a3cfaa9135262e74.jpg",2048,2048,450897,"af3b6a66fc6add7d298507bb9450d27cbd9d80397b60469557b9b8f852f280d2",True,1,1070
"legacy-image-0164","assets/source/legacy1e/steamusercontent-a.akamaihd.net/images/asset__a4c0920136fa57ad.jpg",1522,1522,284456,"8e6af8f6fee8b5d40c6c0c55ade4263ae598987f03dc32bc323b25fb73629594",True,1,1070
"legacy-image-0165","assets/source/legacy1e/steamusercontent-a.akamaihd.net/images/asset__a6af41a30fdc15ee.jpg",3072,3072,1428309,"c837bbd433f583b941d9f4ee90c52b5bca9677737663a9989015c9b4bd2d1606",True,1,1070
"legacy-image-0166","assets/source/legacy1e/steamusercontent-a.akamaihd.net/images/asset__a722e3b695f20f08.jpg",2048,2048,379395,"b63b867934d64f00401bba6584d7fea22d6bc81e57bb6d99ee5406cfa8d82d61",True,1,1070
"legacy-image-0169","assets/source/legacy1e/steamusercontent-a.akamaihd.net/images/asset__a9a2dd9dc6870c66.jpg",1522,1522,195800,"0984543ea367bd1ed0dea26484788697329f4fb0088baa96ecff8c6a1e7a3507",True,1,1070
"legacy-image-0170","assets/source/legacy1e/steamusercontent-a.akamaihd.net/images/asset__ab8adb2fb4d787ec.png",1024,1024,726421,"2792ff17b692ffdf54cf9e93c2a3888a5b178e40344c51274365500199538824",True,1,1070
"legacy-image-0171","assets/source/legacy1e/steamusercontent-a.akamaihd.net/images/asset__ae80120d522a404a.png",3000,3000,2585862,"27d71f0e98f57cf21df2044bdfeb15888b95a5a497d18bf27e5eaecc26b6a232",True,1,1070
"legacy-image-0173","assets/source/legacy1e/steamusercontent-a.akamaihd.net/images/asset__b02206a528ff82c0.png",1522,1522,765441,"2fda7255cf9d05059f3b0ca730c21cf821739bf5d347ed246d10dc26df34513a",True,1,1070
"legacy-image-0178","assets/source/legacy1e/steamusercontent-a.akamaihd.net/images/asset__b50b1b6db57105a6.jpg",3072,3072,1428085,"d7a7dde679a90b2c443ec83fe6caeba9eb87aebfcaec949b0006ce8e9dc11044",True,1,1070
"legacy-image-0179","assets/source/legacy1e/steamusercontent-a.akamaihd.net/images/asset__b52c3d72d013ceaf.jpg",2048,2048,349101,"025826a0244bc9e518ee55fe8ffce456849dd5f3dce8e0da29947a5d55cef0d6",True,1,1070
"legacy-image-0181","assets/source/legacy1e/steamusercontent-a.akamaihd.net/images/asset__b5702c22e1f3090a.jpg",2048,2048,451425,"60ef69cd53eb0d92629c4fc45c2382e0dc5bf3b67022377d527f58df6bb86831",True,1,1070
"legacy-image-0182","assets/source/legacy1e/steamusercontent-a.akamaihd.net/images/asset__b5d5d5cf72e82648.jpg",2048,2048,465672,"c627db6596aac7c6350f640e59a820e4d432a00178c50b9526dd68589f6074c3",True,1,1070
"legacy-image-0183","assets/source/legacy1e/steamusercontent-a.akamaihd.net/images/asset__b73f48e259f94c7a.jpg",1525,1525,168912,"95a55fcdc5ac6f47eb9764750db9b6b97d94d4000c60e756afe28e6a2b9cf714",True,1,1070
"legacy-image-0184","assets/source/legacy1e/steamusercontent-a.akamaihd.net/images/asset__b9071ee9ca4d83b5.jpg",1942,1942,554081,"fc20ea1543be6121ef3c7188d3a273c1671525b6cd1a6ae12f160083c07a77da",True,1,1070
"legacy-image-0185","assets/source/legacy1e/steamusercontent-a.akamaihd.net/images/asset__b9203c0314cdfe2d.jpg",1536,1536,175176,"bad110afdac6dfc1e00e6f5818edbfd2068d51d3284a7a05882ef2d44edf4768",True,1,1070
"legacy-image-0186","assets/source/legacy1e/steamusercontent-a.akamaihd.net/images/asset__b9cca8a13d1b9614.png",1536,1536,1611200,"b91fa6b5d58fa2e9c037182c1daa88e49a4ece87e902a96cc41215cdc1e3fd1b",True,1,1070
"legacy-image-0187","assets/source/legacy1e/steamusercontent-a.akamaihd.net/images/asset__b9e58f63e4cb7887.jpg",1024,1024,139409,"7c72a2ff7a8ec2d4e191ca103a027fdff944aed87e4a3816e89b5c7f3b37747b",True,1,1070
"legacy-image-0188","assets/source/legacy1e/steamusercontent-a.akamaihd.net/images/asset__bbd4152ba4e36d5d.jpg",1024,1024,191618,"a1cc4ab479770bfa85c645bdac82f8488d796e7b692db0d8539d92ebe605e6f6",True,1,1070
"legacy-image-0190","assets/source/legacy1e/steamusercontent-a.akamaihd.net/images/asset__bcd097999b97995a.jpg",2300,2300,621312,"8b32398aa0d30c571f41644697ebc80f3d569a301e69491ba29648dacf676e6a",True,1,1070
"legacy-image-0191","assets/source/legacy1e/steamusercontent-a.akamaihd.net/images/asset__bcec43fd2f22948f.jpg",2048,2048,465895,"8ab19ac62432a29697f32715d228f650ccaad735cdd1c68958d20bdf2d94a7ca",True,1,1070
"legacy-image-0192","assets/source/legacy1e/steamusercontent-a.akamaihd.net/images/asset__bdc4f60f73995490.png",1024,1024,761799,"49ed4f9eb783ed6b73f84b0ae43b5b397fde7734caaf47bfff32782de86671c9",True,1,1070
"legacy-image-0194","assets/source/legacy1e/steamusercontent-a.akamaihd.net/images/asset__befe00aee8b10b7f.jpg",2200,2200,712849,"2b4cc369f65371c8caa44406dd44016972dfd6a0e40bab48a4b6f0648b798fa6",True,1,1070
"legacy-image-0195","assets/source/legacy1e/steamusercontent-a.akamaihd.net/images/asset__bf4b5787efe937b3.png",1024,1024,751031,"4b6201160a863c5ac37bc237890b49dcaa2dd2721d11e3b17d7a64329540a070",True,1,1070
"legacy-image-0196","assets/source/legacy1e/steamusercontent-a.akamaihd.net/images/asset__bf9278b4260ea961.jpg",1942,1942,553479,"a8eee115a55e8efece8423da76ab9519986e890a3f0a0de9528a4a06304f7129",True,2,1070
"legacy-image-0197","assets/source/legacy1e/steamusercontent-a.akamaihd.net/images/asset__c11f0b0c5569b188.jpg",2200,2200,1265541,"900d04f897cca41f74f2ec141792b8ffc337f5bd8e58a94f00d828448f16d98a",True,1,1070
"legacy-image-0199","assets/source/legacy1e/steamusercontent-a.akamaihd.net/images/asset__c2c20e05b16f9336.jpg",2048,2048,284013,"f825d33a98c491a3216f1eb8c8d6e7f665d93a8dfd75d55e621058be89939a49",True,1,1070
"legacy-image-0200","assets/source/legacy1e/steamusercontent-a.akamaihd.net/images/asset__c4a6b653de4bd51e.jpg",1024,1024,144731,"e6570dd33fdd7cba5cfa81922b6cce491113e897ba36ce069c8bb2aa333ceff1",True,1,1070
"legacy-image-0202","assets/source/legacy1e/steamusercontent-a.akamaihd.net/images/asset__c8c2ec297394f8f6.png",2048,2048,1152594,"a259921069112946899a18b95a6945678bedbe6f2ab7b1947ca6f4e060cac55d",True,1,1070
"legacy-image-0203","assets/source/legacy1e/steamusercontent-a.akamaihd.net/images/asset__c9bee59c36adbb41.jpg",2048,2048,451220,"96453d46bfd0ea27d18b3935812e740ce7be5335333c8d003f62ef2aee58c596",True,1,1070
"legacy-image-0204","assets/source/legacy1e/steamusercontent-a.akamaihd.net/images/asset__c9d335848f3ae246.png",1024,1024,524025,"cb7b4374bad1a503536a19b4354ae6219468cf2b083a35e25ca268a1a0f33fbf",True,1,1070
"legacy-image-0205","assets/source/legacy1e/steamusercontent-a.akamaihd.net/images/asset__ca35a99351fca329.jpg",3072,3072,875710,"6614cfbb4a23300599e27ecbabe6c1e8b5d16f31c6a5eae997f517991eed32af",True,2,1070
"legacy-image-0210","assets/source/legacy1e/steamusercontent-a.akamaihd.net/images/asset__cbe3d2c0a7e07b45.png",2048,2048,3426922,"199fcc7d850ded8c66c7fdb66c1e270de13dcdbd9996f3635469196548e01c93",True,1,1070
"legacy-image-0211","assets/source/legacy1e/steamusercontent-a.akamaihd.net/images/asset__cbf384b34d6aa8f8.jpg",3072,3072,876568,"7971df3d327f8b2f6cfe31f93c3fb0f24524b2b005e31645b08b9bcbcbe6fef5",True,2,1070
"legacy-image-0213","assets/source/legacy1e/steamusercontent-a.akamaihd.net/images/asset__ccb0d2e08e9cd6cc.jpg",3000,3000,911021,"b839b5f952c8bb4ba58cf2a782d43d1106c35ee68891d62ff6c94c72725ec0bb",True,1,1070
"legacy-image-0214","assets/source/legacy1e/steamusercontent-a.akamaihd.net/images/asset__cd0d22c8f4347996.png",2048,2048,1508480,"2d4d4569f0858ee8453ef9fc417c03678f3a956dacefc6c094602f3fecb7bb4a",True,1,1070
"legacy-image-0215","assets/source/legacy1e/steamusercontent-a.akamaihd.net/images/asset__cfac7c679683abfc.jpg",1536,1536,400824,"62e1b5ba52a85ddac967dfa5fdc4cfe507244e348e9a8058b03f567cc83a6464",True,1,1070
"legacy-image-0217","assets/source/legacy1e/steamusercontent-a.akamaihd.net/images/asset__d20434c33edde0ed.png",1536,1536,1609721,"1765f322e8ccc419fbf51bb06988c2be64c4d4e988d21410275b55de58e9f9d6",True,1,1070
"legacy-image-0219","assets/source/legacy1e/steamusercontent-a.akamaihd.net/images/asset__d382c67e280ab176.jpg",2048,2048,644599,"e4aeff3c18e3b422ff9285ab17698667adc5f01f1c07b5bdd338a4f5d817724f",True,1,1070
"legacy-image-0220","assets/source/legacy1e/steamusercontent-a.akamaihd.net/images/asset__d398213884accbf0.png",3072,3072,2704629,"f1e8bdfffc67f752f00bd892dc1f1721afb7f62bdad4b19a9db16e158e681ec0",True,1,1070
"legacy-image-0225","assets/source/legacy1e/steamusercontent-a.akamaihd.net/images/asset__d71c337fc09e0da9.jpg",2048,2048,322221,"fafb5a1dee06ca49877b1e3aaa095b295e5c57a68b1e96619e030800ecdaf243",True,1,1070
"legacy-image-0228","assets/source/legacy1e/steamusercontent-a.akamaihd.net/images/asset__dd936d7ad2ac1b8b.jpg",2048,2048,600887,"80b5126a48a7abbeb8fa2360d27cf13fb04fb23c249bc3bcc4d7a63cb1d23a2d",True,1,1070
"legacy-image-0229","assets/source/legacy1e/steamusercontent-a.akamaihd.net/images/asset__de7f7833467986a1.jpg",2200,2200,861572,"ddf0dbd70cb2818694f2eb44e48de2f0ef3dd8d8f9de1d84aec989c94de463bb",True,3,1070
"legacy-image-0230","assets/source/legacy1e/steamusercontent-a.akamaihd.net/images/asset__e06ad4dfec665dde.jpg",1536,1536,264808,"1af03e545ea7eafa48523e5fbfa97f3f74cb3b095ae4bdf40be0365b130b2310",True,1,1070
"legacy-image-0231","assets/source/legacy1e/steamusercontent-a.akamaihd.net/images/asset__e2f5bbe9505b7e7b.jpg",1942,1942,553628,"3e5e615def3ff4a938992f19fe77b752cd0d38970af67a4d1b6eda9881522e49",True,1,1070
"legacy-image-0232","assets/source/legacy1e/steamusercontent-a.akamaihd.net/images/asset__e52b3d40c9434835.png",1024,1024,779523,"e9cf84f929b265b0bac2da24b5c9e1247bcf7186bd82c698fb2ad91ffb31b58d",True,1,1070
"legacy-image-0233","assets/source/legacy1e/steamusercontent-a.akamaihd.net/images/asset__e59c4a387e1a8612.jpg",1522,1522,284167,"0868093752192d6788419c6deb6d9cf6ea83de82c74919f671dddb4ec9748948",True,1,1070
"legacy-image-0235","assets/source/legacy1e/steamusercontent-a.akamaihd.net/images/asset__e78024cfec97ccf4.png",2048,2048,3850048,"9a00639504ee34352d5074ba127694ad2222446238e7e3f29ad9d3f82523420f",True,1,1070
"legacy-image-0236","assets/source/legacy1e/steamusercontent-a.akamaihd.net/images/asset__e9974f4b5c04ff70.jpg",1024,1024,145153,"5c70bf298c200257fd5148444cf93b999c246c14e8658ff90ba89717d922daf0",True,1,1070
"legacy-image-0238","assets/source/legacy1e/steamusercontent-a.akamaihd.net/images/asset__e9f1cb1cfdd09180.jpg",1536,1536,263600,"deae91aadb09524508aecf6ffb1292097229155949e97524be140b373f1cdc07",True,1,1070
"legacy-image-0239","assets/source/legacy1e/steamusercontent-a.akamaihd.net/images/asset__ea547c1dff2119e2.png",1024,1024,584506,"8f6a8ab06bce8a3c3f49aa78aaf2b419f129633df8dd8fac7e38ad9b72272a8a",True,1,1070
"legacy-image-0240","assets/source/legacy1e/steamusercontent-a.akamaihd.net/images/asset__eb28ba3b0e2c290d.png",2000,2000,926210,"e7640fa3647d965aeb8eecc24147b536a35b219e78c973e90b5b930530e31d88",True,1,1070
"legacy-image-0241","assets/source/legacy1e/steamusercontent-a.akamaihd.net/images/asset__eced59873189ee96.jpg",1536,1536,257785,"44319e5317ed3c795ff5cb184b2640fb37fa9210be4d5588192bcd8aee1c7d56",True,1,1070
"legacy-image-0242","assets/source/legacy1e/steamusercontent-a.akamaihd.net/images/asset__eecd9a22a38e56f2.png",1024,1024,433797,"e74f43336ecd54e2bc77d70846c5f5f3aff3fa51a429b07d7b106bc0cdd86dd8",True,1,1070
"legacy-image-0245","assets/source/legacy1e/steamusercontent-a.akamaihd.net/images/asset__f070c97abcf335e3.jpg",2048,2048,272961,"a7d9a0056a3b749f49a9fa1302658e3a495234c01d7c22702406dc7aa4f5add4",True,1,1070
"legacy-image-0247","assets/source/legacy1e/steamusercontent-a.akamaihd.net/images/asset__f2685b96e319f2dc.jpg",1024,1024,138726,"73390b056214cb5c65ad39e0d5769bedde7a900eb1fb84d0d351f435b039f466",True,1,1070
"legacy-image-0248","assets/source/legacy1e/steamusercontent-a.akamaihd.net/images/asset__f4359359768a4bea.jpg",2048,2048,451920,"b0191ed3864d47152fae956dbb2da678f6ed4eca29fa741abeb9cb81193fa345",True,1,1070
"legacy-image-0250","assets/source/legacy1e/steamusercontent-a.akamaihd.net/images/asset__f47d513e7c69022d.jpg",2048,2048,465674,"1d9a0ad4bd84dc2abdf3787aadfcf552e05c78e73289d669c2341fafd67971aa",True,1,1070
"legacy-image-0253","assets/source/legacy1e/steamusercontent-a.akamaihd.net/images/asset__f60079774097c6e1.jpg",1802,1802,387683,"3c219d1e02e42f0e24d2ec0e0274381610d43ca3178d4dd4370494c78704c513",True,1,1070
"legacy-image-0255","assets/source/legacy1e/steamusercontent-a.akamaihd.net/images/asset__f9d7b7f88a169996.jpg",1536,1536,257071,"6d233a8571abe3e853f1ddabfdaebf71e60f58f7f0849a14f5cdb8862d2dd718",True,1,1070
"legacy-image-0258","assets/source/legacy1e/steamusercontent-a.akamaihd.net/images/asset__fe2a679015d845c5.jpg",1536,1536,257547,"e94dae7f31a974e17077bb9308d379c678fe4751e85d1a2a8bc8a711e1c196b9",True,1,1070
"legacy-image-0259","assets/source/legacy1e/steamusercontent-a.akamaihd.net/other/asset__00212d35a60a2976.png",2048,2048,3709998,"ef9e3edf519f2750c721b802ac3dc9a14abd99ba2f7fd3f49994f927f137b44f",True,1,1070
"legacy-image-0260","assets/source/legacy1e/steamusercontent-a.akamaihd.net/other/asset__11a4cb00a7691e6a.png",1024,1024,433841,"dff1beee2b8ad31afa7093d941532ea1733029d9c6c09a07e5bdd9c11196e64a",True,1,1070
"legacy-image-0261","assets/source/legacy1e/steamusercontent-a.akamaihd.net/other/asset__1248f3c878f1f0a5.png",2000,2000,1274066,"5da22f1cfbc354e387a44bbbc749bc9e675d0148bad889dfb33b6498c679064a",True,1,1070
"legacy-image-0262","assets/source/legacy1e/steamusercontent-a.akamaihd.net/other/asset__270c2482690a5731.png",1024,1024,658440,"d26c943f88d57cbf18a650f684245168a44b30d82d7c7a890548fb0dfd5ec76a",True,1,1070
"legacy-image-0264","assets/source/legacy1e/steamusercontent-a.akamaihd.net/other/asset__3bbda7c129bcb4e0.png",3000,3000,2574376,"f91703d29c862ae378c6f577d9dd3f8cf85904849eb8a81e6ff220a1d8df5c12",True,1,1070
"legacy-image-0266","assets/source/legacy1e/steamusercontent-a.akamaihd.net/other/asset__44c6141bf7b66f45.png",3072,3072,2705160,"3fcba881ec05f2796f6d68e6c6c5699ce8f8e3091541c66e1e03349f284d0f30",True,1,1070
"legacy-image-0267","assets/source/legacy1e/steamusercontent-a.akamaihd.net/other/asset__6399115905c4dff2.png",3000,3000,2577266,"ca2813f74b7c5c616064d140f4c8cc72024d9f52c7afe6d24a6b69906839e253",True,1,1070
"legacy-image-0268","assets/source/legacy1e/steamusercontent-a.akamaihd.net/other/asset__7397588122ee10dc.png",1024,1024,659989,"f1fdbd46153749eab4b69a428fe6c1dcd978f9bf8ff5f3a625d34f06839f9f0f",True,1,1070
"legacy-image-0271","assets/source/legacy1e/steamusercontent-a.akamaihd.net/other/asset__99ca394b4a5a3ac4.png",1024,1024,659533,"32f59747f99d7f5ab7e1118a61c2dce5e1c55aefae697d2dcaa96e3dca45fff0",True,1,1070
"legacy-image-0273","assets/source/legacy1e/steamusercontent-a.akamaihd.net/other/asset__a8f5fe0246709993.png",1024,1024,436177,"509a37fb8a96557ea892a999363ccc9c257e55273e67883be4ae079583e86f8a",True,1,1070
"legacy-image-0274","assets/source/legacy1e/steamusercontent-a.akamaihd.net/other/asset__b31888e41b3fa302.png",1024,1024,1003626,"50fb0f5a0ef4d3002b2e1b8197479072f7de96a3d14d49d0cbbde9846262d919",True,1,1070
"legacy-image-0275","assets/source/legacy1e/steamusercontent-a.akamaihd.net/other/asset__b80f8b192eeb9801.png",2000,2000,1273791,"ef97aaf7dcc92d4b7ba45665df5056f1fe62f3b5ed386bfd21a899c7a4da9342",True,1,1070
"legacy-image-0276","assets/source/legacy1e/steamusercontent-a.akamaihd.net/other/asset__fd3611066d36b27d.png",2048,2048,1077938,"5455bd4f6fe8c4a09f96507a11a65f03414c02e682b25cb1e9bab10c6ad7e9da",True,1,1070
"legacy-image-0002","assets/source/legacy1e/steamusercontent-a.akamaihd.net/images/asset__0017793c0f2027cf.png",2000,2000,1133453,"7d3e1ad300a0853ca33ba954f7b6067d2bb16a7d45b772dc777c17e257ff6693",False,0,70
"legacy-image-0007","assets/source/legacy1e/steamusercontent-a.akamaihd.net/images/asset__05bd03057431458d.png",2048,2048,3674909,"9db370716d4689d6985003e2a7df10866d12ad9a4c547149efff23da595c0abb",False,0,70
"legacy-image-0010","assets/source/legacy1e/steamusercontent-a.akamaihd.net/images/asset__087c5068aeefcd44.jpg",1522,1522,196580,"90fd0775e08ac595c7059b3aa82b1d25c7da7a2ad4bcc071d971ba51f110e664",False,0,70
"legacy-image-0013","assets/source/legacy1e/steamusercontent-a.akamaihd.net/images/asset__0ea862bb5cb65f7c.png",1522,1522,766192,"e0a9d55bb0f13bc525ee5b89d6068b677218680d719dcc1cf157927da240f6c7",False,0,70
"legacy-image-0014","assets/source/legacy1e/steamusercontent-a.akamaihd.net/images/asset__10b74ebdc73a4cd2.png",2048,2048,3682946,"01e97955c6eb663017f0589b59cdeaccbdc8671ce72ad7b4e7641f3efea0d46a",False,0,70
"legacy-image-0017","assets/source/legacy1e/steamusercontent-a.akamaihd.net/images/asset__126161053a9cf98a.png",1024,1024,377480,"8ded5b85241ee28c924b738fa7fc607933ac4b461ecf6688109e4c007af049ea",False,0,70
"legacy-image-0018","assets/source/legacy1e/steamusercontent-a.akamaihd.net/images/asset__127e54346516b174.jpg",1024,1024,182535,"e845fc89327297f6fe427125d7ea50950ec49cfcc178c4080df1e570ac6266b8",False,0,70
"legacy-image-0019","assets/source/legacy1e/steamusercontent-a.akamaihd.net/images/asset__153b577a450f0b6b.png",1024,1024,1000268,"1dcc9b457f8e905677d09336f52e08be372d24655004ab6063a603468f780b71",False,0,70
"legacy-image-0020","assets/source/legacy1e/steamusercontent-a.akamaihd.net/images/asset__16209805b76e1a18.png",1024,1024,929445,"812eca60333aa6613d13d3927684f45a13f0645753f91cd5fbbd28d9f6632bb3",False,0,70
"legacy-image-0021","assets/source/legacy1e/steamusercontent-a.akamaihd.net/images/asset__169e63ff8b62eb88.jpg",1024,1024,181906,"a616df171171b599aae54193c0d0e127f67121a224139b800c4d186041d463da",False,0,70
"legacy-image-0023","assets/source/legacy1e/steamusercontent-a.akamaihd.net/images/asset__17eb51f2a51e4404.jpg",1802,1802,387468,"17270b05a12f74918d00e9f291db270633acacfce4bb6fa83ba27a1a1db1ec43",False,0,70
"legacy-image-0027","assets/source/legacy1e/steamusercontent-a.akamaihd.net/images/asset__1b736b8e3858a393.jpg",1522,1522,284333,"21fcd8868d114168694aaf59963ffab53c9cd1bac6cea0883ab8ddc67e5728fa",False,0,70
"legacy-image-0029","assets/source/legacy1e/steamusercontent-a.akamaihd.net/images/asset__1d5936ef888e42e5.png",1024,1024,941860,"df81d789991496f680df4a4bb65ec6aabbefe0235bf53fc7c1f96bc08d092c32",False,0,70
"legacy-image-0030","assets/source/legacy1e/steamusercontent-a.akamaihd.net/images/asset__1d61c00c61d16842.png",1024,1024,922429,"20dab9b3939533363ba20de21fddd0c4faf326f71d029dfbdd003d29b9ff5358",False,0,70
"legacy-image-0032","assets/source/legacy1e/steamusercontent-a.akamaihd.net/images/asset__1ecc570f5ef1037c.png",1024,1024,695713,"29240fe75b632ea5c9d88a8c7669f2ac6f3314b20c38c53dd9eaa21cb26478af",False,0,70
"legacy-image-0035","assets/source/legacy1e/steamusercontent-a.akamaihd.net/images/asset__22d1b41d46784268.png",1024,1024,786282,"3f869b251b01378ab63fc5fb95087b0ea6b65783b08bd454cc947e10639c0636",False,0,70
"legacy-image-0037","assets/source/legacy1e/steamusercontent-a.akamaihd.net/images/asset__23c080028e6cda7e.jpg",2300,2300,623634,"5ffd743fa5e21cabb60f5a7b502af304635071f1593495983049e7df8d73bb3d",False,0,70
"legacy-image-0038","assets/source/legacy1e/steamusercontent-a.akamaihd.net/images/asset__24dd31f5c9f1d6db.jpg",1525,1525,169138,"c11cb9295a9a71a9acfc478a228ac0e16e14a559fc664c40e247612e49414a09",False,0,70
"legacy-image-0041","assets/source/legacy1e/steamusercontent-a.akamaihd.net/images/asset__2749315e7bd4122b.png",1024,1024,604119,"d574bbee13774daec8f2b7f040becf1de61b29381c54f9553aea84d20f80993c",False,0,70
"legacy-image-0042","assets/source/legacy1e/steamusercontent-a.akamaihd.net/images/asset__2760184b48ec5205.png",2000,2000,957620,"7229cd9024066430a6d738a753e837eaf6410c054a58c34323171f9152ee28a8",False,0,70
"legacy-image-0051","assets/source/legacy1e/steamusercontent-a.akamaihd.net/images/asset__302230b66fe4836f.jpg",1536,1536,235074,"90a6437432e205fff55922a9ea61294822c8bedd3b9ea75971b1cf485ce4a3ff",False,0,70
"legacy-image-0054","assets/source/legacy1e/steamusercontent-a.akamaihd.net/images/asset__374735e7754c1aca.jpg",2200,2200,563132,"b0717c319845da5ce032ac735d36a5f7a47ea2b00ef77c1224ce6784a07040b3",False,0,70
"legacy-image-0058","assets/source/legacy1e/steamusercontent-a.akamaihd.net/images/asset__3a18668c68c43303.png",1024,1024,640640,"cf17e6beb4f7b2216addb6791d70f17d26055813c2b4ec5439ffb3b4a36dc111",False,0,70
"legacy-image-0059","assets/source/legacy1e/steamusercontent-a.akamaihd.net/images/asset__3b3dce8b8374d7fa.png",1024,1024,640578,"a413f44e6ea130e1c7ae75bc75568a46511624f128185d6843660d600c2b2e25",False,0,70
"legacy-image-0068","assets/source/legacy1e/steamusercontent-a.akamaihd.net/images/asset__43b97025f8481d09.png",1536,1536,1413112,"7f590ea019eb2a860a49526a1571b6af49ff4ffe3a693782b821e88691dc2c42",False,0,70
"legacy-image-0071","assets/source/legacy1e/steamusercontent-a.akamaihd.net/images/asset__44d3738836b61519.png",2000,2000,926761,"5e14cc066eabce223a1294522b27988b0bcecd09e130f3baef44d61fdbaefeab",False,0,70
"legacy-image-0072","assets/source/legacy1e/steamusercontent-a.akamaihd.net/images/asset__45be6d5504d7e30e.jpg",2048,2048,245367,"72fb66de6f23563e27cd1b730b0a4573ebd59f4f149bf230b29321fafe2d65aa",False,0,70
"legacy-image-0075","assets/source/legacy1e/steamusercontent-a.akamaihd.net/images/asset__478b20c26713574a.jpg",1024,1024,192414,"b4e29c49be2a929d3cff9f69b9dfe615d5e5aa9ca13dcb1046a9bdf8e2cf0c3c",False,0,70
"legacy-image-0080","assets/source/legacy1e/steamusercontent-a.akamaihd.net/images/asset__4bd7922c2b781384.jpg",1024,1024,139222,"253231d1754b7d4ae05e2836d36a4ebec7181e7b2d9820c7f96627bad94b5063",False,0,70
"legacy-image-0082","assets/source/legacy1e/steamusercontent-a.akamaihd.net/images/asset__4f66f6d07f8b35fe.jpg",1024,1024,185248,"832272604b818b7fef1d0ec2e1c1727f51e1aeb5901c1785d9d9367a750c99eb",False,0,70
"legacy-image-0084","assets/source/legacy1e/steamusercontent-a.akamaihd.net/images/asset__50263a79cb43a37a.png",2048,2048,1192942,"2d6c3b8dd0e554cf273c28d07189ef3fbb19fb5a1ab48281f78b28f88d14ce6d",False,0,70
"legacy-image-0085","assets/source/legacy1e/steamusercontent-a.akamaihd.net/images/asset__510261e24ba08017.png",1024,1024,584929,"5af3a0e9cde83b9694fa1af5cf4dce35590f9bb370c8a898b138e334f0ca49ed",False,0,70
"legacy-image-0086","assets/source/legacy1e/steamusercontent-a.akamaihd.net/images/asset__522d74291f3e2e14.png",2048,2048,3683235,"183b135437df1831338d737c3824c9ee4fdcabc795d876d7448babfd4c2c35af",False,0,70
"legacy-image-0088","assets/source/legacy1e/steamusercontent-a.akamaihd.net/images/asset__54a3af4a124ddf3b.png",1024,1024,933515,"8cbcad3dce1cbb5f583fb68abaa67739f5597980cd3aaefeba4de758e340ff01",False,0,70
"legacy-image-0090","assets/source/legacy1e/steamusercontent-a.akamaihd.net/images/asset__585519cfcc08608b.png",2000,2000,958012,"bf71b3d99173a63471bca024a2f2fd1c864dd980a10e06baafd82f87677ba455",False,0,70
"legacy-image-0095","assets/source/legacy1e/steamusercontent-a.akamaihd.net/images/asset__5f0b5b7e23af2712.png",1024,1024,780290,"b53ddaa268753a3465879989d4aa32b0671ddaea93ee71410d7b4c41a14a9569",False,0,70
"legacy-image-0096","assets/source/legacy1e/steamusercontent-a.akamaihd.net/images/asset__6021444333fb6b54.png",1024,1024,779785,"05cdaca4b53bb1b1d04497f1757b2fd7e674306e89ad34112ca7e153fdbb872e",False,0,70
"legacy-image-0099","assets/source/legacy1e/steamusercontent-a.akamaihd.net/images/asset__62c8264aa5d9ebd7.jpg",2048,2048,465485,"14e6740b675dc2975bce697e4790f6feda3ca53938c64448f0777ce2291fde5d",False,0,70
"legacy-image-0101","assets/source/legacy1e/steamusercontent-a.akamaihd.net/images/asset__6432aa2954081d75.png",1024,1024,780726,"4f38b6bc44b0a3907785acefbaae0e30c8036dee987bf0fd735febd494775ba5",False,0,70
"legacy-image-0106","assets/source/legacy1e/steamusercontent-a.akamaihd.net/images/asset__6a7b8d7726325ec7.jpg",2200,2200,712631,"c6e67c10413f99c3bd12ec8263f89184e286d2be6bd62102013345eaf55e92b3",False,0,70
"legacy-image-0107","assets/source/legacy1e/steamusercontent-a.akamaihd.net/images/asset__6c33b48e87c39dc5.jpg",1536,1536,236503,"c5142d2539efb702c28e0032f94447ebc6d0e93e9000fc2a26b02dee9f29588a",False,0,70
"legacy-image-0108","assets/source/legacy1e/steamusercontent-a.akamaihd.net/images/asset__6c3f421b05f367c1.png",2000,2000,957388,"d34c9a86ba8616b24b90c521bca785ad525bb49c8cbea2123e3248e844f8dbf0",False,0,70
"legacy-image-0110","assets/source/legacy1e/steamusercontent-a.akamaihd.net/images/asset__6e08390d5de69289.jpg",1536,1536,256686,"8b881a4c757481a6f17f7e3434d7fcee59be8f76de554445a99e565334cc6327",False,0,70
"legacy-image-0114","assets/source/legacy1e/steamusercontent-a.akamaihd.net/images/asset__701de1ba516fdb55.jpg",1024,1024,185239,"f0649d1f5d4791d4564286dfbb1d7ba405fb77ed64c15a5de69a05ed0a379802",False,0,70
"legacy-image-0117","assets/source/legacy1e/steamusercontent-a.akamaihd.net/images/asset__7467530dfe133fbb.jpg",3000,3000,1016419,"f42118489604a052061b065c933680810a2c8d1e4de7061fecb312133ccfe808",False,0,70
"legacy-image-0119","assets/source/legacy1e/steamusercontent-a.akamaihd.net/images/asset__76af76791301c82f.jpg",1024,1024,181841,"91af1deb21bcb10a93c2e743cca3b0037dd15c1813991e8e3fd3987225d60266",False,0,70
"legacy-image-0120","assets/source/legacy1e/steamusercontent-a.akamaihd.net/images/asset__7d15742b170136f9.png",1024,1024,777511,"ceb563e0f29e6d23f45b00b3e6d6cac39a6f6baaeb5f3b4db80912efc4ea5b41",False,0,70
"legacy-image-0122","assets/source/legacy1e/steamusercontent-a.akamaihd.net/images/asset__81224fb4e515e711.jpg",1536,1536,400841,"9f1375e44609f9b521e04d5d9cfa65117fcea28000bb61744f1ca6db00a67704",False,0,70
"legacy-image-0123","assets/source/legacy1e/steamusercontent-a.akamaihd.net/images/asset__81463a5300383794.png",2000,2000,1135785,"b2bb2cc1b397253e845cbdc9f9b1e7995d49dc7813c520f5a5ab306066396bd5",False,0,70
"legacy-image-0125","assets/source/legacy1e/steamusercontent-a.akamaihd.net/images/asset__8248eb7e5a4a577f.jpg",1024,1024,164392,"51833b0905930a4b8576cfaac46d78f3c6422a1b30f03e10d5c05dfda88758fb",False,0,70
"legacy-image-0128","assets/source/legacy1e/steamusercontent-a.akamaihd.net/images/asset__82dc8e3d13f00177.jpg",2048,2048,440763,"6e98538aff3062160fe104984feb1247ec8987379994bc489aced17f6a8dca19",False,0,70
"legacy-image-0131","assets/source/legacy1e/steamusercontent-a.akamaihd.net/images/asset__8607a2723e631383.jpg",1541,1541,168681,"b470a215f6ed710334febb3bfb2ff4d6b18b15380c001c9e70eed97dc5dc1a3e",False,0,70
"legacy-image-0133","assets/source/legacy1e/steamusercontent-a.akamaihd.net/images/asset__8779e716f671e0a4.png",1024,1024,779088,"d96ba6e167836ec7a244bf2c99743835ac14aa8ae361fdb545f93ac69323e89c",False,0,70
"legacy-image-0135","assets/source/legacy1e/steamusercontent-a.akamaihd.net/images/asset__88cd8fe16bbb40c6.jpg",1024,1024,193620,"0332d3936c0d4397c80b89217c56b930c4e2a6a326d0a26060187e50703dfc57",False,0,70
"legacy-image-0136","assets/source/legacy1e/steamusercontent-a.akamaihd.net/images/asset__894e8503a6672198.png",1024,1024,372647,"5a9e5f763eae9964219c365aef33999aa4bf937e5378ad3527564e105fa45127",False,0,70
"legacy-image-0144","assets/source/legacy1e/steamusercontent-a.akamaihd.net/images/asset__929cb78c320fe62d.png",1024,1024,780270,"c433a7319d37c59353d9d68b1391045adad8c7e03d9777154caa7bcad9c56f61",False,0,70
"legacy-image-0145","assets/source/legacy1e/steamusercontent-a.akamaihd.net/images/asset__93f771ebe9655b77.png",1024,1024,779716,"38474f5a0bdaea5a163326bd3cc9a2b08710ef9d63d6409f261678e0c3ec90af",False,0,70
"legacy-image-0146","assets/source/legacy1e/steamusercontent-a.akamaihd.net/images/asset__975c8c711f7c65aa.png",1024,1024,937342,"60b5a71e355910e56725d53744355ff938cfe29dbf93831df65d724a6ad0c4e3",False,0,70
"legacy-image-0156","assets/source/legacy1e/steamusercontent-a.akamaihd.net/images/asset__9f06797022fcb402.jpg",1024,1024,185212,"478b7c7ecd42009a4c9588f62e35b585cd5fad5536ed4e3cb294ca7cfda60ba5",False,0,70
"legacy-image-0161","assets/source/legacy1e/steamusercontent-a.akamaihd.net/images/asset__a23274df5de27095.jpg",2048,2048,391283,"70e0d7abe11c4ebbd74b48b392d8f7b4e496ebca6ce275f6d2a2f0761de9dc38",False,0,70
"legacy-image-0167","assets/source/legacy1e/steamusercontent-a.akamaihd.net/images/asset__a814789ab705ec24.png",2000,2000,925995,"fcafcab0e89e3e4416c10a967a5a977cf011d09cfbf2a10b21c8c5917302c573",False,0,70
"legacy-image-0168","assets/source/legacy1e/steamusercontent-a.akamaihd.net/images/asset__a94bfda697939780.png",1024,1024,780410,"cee24f81115c486bc11000bc7aa0e33760d66ff3f3751f88b426f3133535b612",False,0,70
"legacy-image-0172","assets/source/legacy1e/steamusercontent-a.akamaihd.net/images/asset__aebf7e4efc1d2c55.png",1024,1024,640104,"84dcf87f20e9b5b5c53c708b5bfa140fd2086161873bea4086565b4cc9c9bca9",False,0,70
"legacy-image-0174","assets/source/legacy1e/steamusercontent-a.akamaihd.net/images/asset__b1db797fc777a872.jpg",2048,2048,245353,"7b54d8806d1d54dfaa8710d14b95a751dddc8309a58c17f0125d4fd32016ca6b",False,0,70
"legacy-image-0175","assets/source/legacy1e/steamusercontent-a.akamaihd.net/images/asset__b2db80928821a07c.jpg",2048,2048,391334,"72c608396a9df59416d7083436476bc91a520205903b75153f415176e910a082",False,0,70
"legacy-image-0176","assets/source/legacy1e/steamusercontent-a.akamaihd.net/images/asset__b321da25d3acd679.jpg",1024,1024,182832,"f78f6845d7b7a4fdfbd9cf8d2dc6d4739778be8cf3e334a1c82d694249a35523",False,0,70
"legacy-image-0177","assets/source/legacy1e/steamusercontent-a.akamaihd.net/images/asset__b3bee5dd3a2f9ce2.jpg",2048,2048,718621,"f8a73b57ee806b3973842cef2d7c007071950c24c86c1c64b0a8e7c621932394",False,0,70
"legacy-image-0180","assets/source/legacy1e/steamusercontent-a.akamaihd.net/images/asset__b53f9443e3da4b62.jpg",1536,1536,257548,"a017f43b818fbccacf63100d635d1e15936059afc3341ccd95f7b883043977c8",False,0,70
"legacy-image-0189","assets/source/legacy1e/steamusercontent-a.akamaihd.net/images/asset__bc5e7de09296da96.jpg",2200,2200,706987,"479bb1502c1370339a6e13a59e51fe6746882c08ac93fced8c29447332ade407",False,0,70
"legacy-image-0193","assets/source/legacy1e/steamusercontent-a.akamaihd.net/images/asset__be33f50b86e52ffd.png",2000,2000,1133935,"1a3ee177161453cea4e17e16b341880726160fcf8aef3dcf84285919cb286a8f",False,0,70
"legacy-image-0198","assets/source/legacy1e/steamusercontent-a.akamaihd.net/images/asset__c28fec284ebafc32.png",1024,1024,591309,"7903aa0de16b002e5a5c5cafc842ebb0e0c652484c4979f36d2dd49158c36e06",False,0,70
"legacy-image-0201","assets/source/legacy1e/steamusercontent-a.akamaihd.net/images/asset__c5ee6bb1a35a39b5.jpg",2048,2048,588384,"afe444e3be97467c3772f9e336c4893848bd785eca6253f357b47b86fddeeb49",False,0,70
"legacy-image-0206","assets/source/legacy1e/steamusercontent-a.akamaihd.net/images/asset__cae3c01c45a74ce3.png",1024,1024,936225,"a5e8150aaa49759532854d564052603dfc6e759ee206f0768d4518f8e0553980",False,0,70
"legacy-image-0207","assets/source/legacy1e/steamusercontent-a.akamaihd.net/images/asset__cb7a778a35f1ab74.png",2048,2048,3684232,"442a5effc4bde5bf829f122af380f1566874220d57bdb40161631bccf73f880a",False,0,70
"legacy-image-0208","assets/source/legacy1e/steamusercontent-a.akamaihd.net/images/asset__cb81213fc17e1bf7.png",1024,1024,398254,"cd66a57ba3c3e727c6835682622677ae9dff5524ba933435feca1e2d91be15ed",False,0,70
"legacy-image-0209","assets/source/legacy1e/steamusercontent-a.akamaihd.net/images/asset__cb8fd85fa1a79724.png",1024,1024,435201,"5748c6330666059e499fed157163fdb04ecd9bfd04a3ea6309afa8506e147cd7",False,0,70
"legacy-image-0212","assets/source/legacy1e/steamusercontent-a.akamaihd.net/images/asset__cc3a3714fa17d415.jpg",2300,2300,621053,"8fd6b4b9de8fd9ec2723981a24398e9edae1b4c8a065ece8a0ed4bac81c1ed90",False,0,70
"legacy-image-0216","assets/source/legacy1e/steamusercontent-a.akamaihd.net/images/asset__d0459c0d8ead6300.png",1024,1024,584867,"099e6d3831b0435de5a891155dc9d9eee43e2e1ec313102f155244c39f81d2c1",False,0,70
"legacy-image-0218","assets/source/legacy1e/steamusercontent-a.akamaihd.net/images/asset__d30014f2b25ae74c.jpg",1024,1024,183158,"3813cf64217db41c31b725d08f951cab0af601ea8949e32f7c8cb7852c8f03db",False,0,70
"legacy-image-0221","assets/source/legacy1e/steamusercontent-a.akamaihd.net/images/asset__d3df896a1b19e2d3.jpg",2048,2048,362354,"361ee14c44f602e49b866fac01e485b43d572c86e0c937c5477272bcac3293c1",False,0,70
"legacy-image-0222","assets/source/legacy1e/steamusercontent-a.akamaihd.net/images/asset__d47c3d7b1df4bb8b.jpg",1541,1541,168904,"88f035b1dec8d55fe91f8eb31d60a415467bbc2342b3063fcb6fcb6564f15d9f",False,0,70
"legacy-image-0223","assets/source/legacy1e/steamusercontent-a.akamaihd.net/images/asset__d540095bcc8c7add.jpg",2048,2048,641186,"8948fa7cdaf169eab66a65a700ed71e4f9485e9f06eb47045ca577f437494e20",False,0,70
"legacy-image-0224","assets/source/legacy1e/steamusercontent-a.akamaihd.net/images/asset__d58cc2498da0327d.jpg",2048,2048,391149,"54027c0d7b170c227ae04a86dd0b129bd7d5f8807b69f8deeff31033ff6e5cc1",False,0,70
"legacy-image-0226","assets/source/legacy1e/steamusercontent-a.akamaihd.net/images/asset__d9891366f676d555.png",2048,2048,927477,"05b815e25a55a023c18dcde1568e6e9f6ea6ac09cf30a6e0a2ca21efae4ba0e6",False,0,70
"legacy-image-0227","assets/source/legacy1e/steamusercontent-a.akamaihd.net/images/asset__dbc816c1aa07a8d7.png",1024,1024,524761,"6e918ff2aabdae92a366d25ee9a0d38b2edf62ab0a951f6063d5a58136d24668",False,0,70
"legacy-image-0234","assets/source/legacy1e/steamusercontent-a.akamaihd.net/images/asset__e7274eec890b971d.png",1024,1024,779833,"884f9e855fffe6c3b99243e15b0fcf1047fed4373770e54b31bd9894170176df",False,0,70
"legacy-image-0237","assets/source/legacy1e/steamusercontent-a.akamaihd.net/images/asset__e99d2d77daa8bb04.png",1024,1024,719882,"bcf912929840e962be275b076ad20ad99073ecc009de085af0294864d68592bb",False,0,70
"legacy-image-0243","assets/source/legacy1e/steamusercontent-a.akamaihd.net/images/asset__ef0bb9f3eee117c8.jpg",1536,1536,260028,"7002de83088ee2abd7a839798d289e45645956bae13bfda82729c29eec04aa3c",False,0,70
"legacy-image-0244","assets/source/legacy1e/steamusercontent-a.akamaihd.net/images/asset__f04a15569b7ae6cf.png",1024,1024,726313,"b20c5bef7c47755ec0aa281aef5e54cdbdb43323290c8477a01645cfec1fdab6",False,0,70
"legacy-image-0246","assets/source/legacy1e/steamusercontent-a.akamaihd.net/images/asset__f20f72622e2510f9.jpg",1024,1024,191952,"030ae80f59d2f9ef3fc5135efd52b02f35568bae9e0cabd02157dc4189e57647",False,0,70
"legacy-image-0249","assets/source/legacy1e/steamusercontent-a.akamaihd.net/images/asset__f454cac20d00d95b.jpg",1024,1024,193984,"53e723587867a60a2d82bd8ab99c3500022918913a47a6860eb05914d5455ba2",False,0,70
"legacy-image-0251","assets/source/legacy1e/steamusercontent-a.akamaihd.net/images/asset__f4e7ef55a35f0255.png",2000,2000,911849,"c7031d852af46b9e18b2b6bb6a99a62e4b3af5c59619149d359f69c24172ca64",False,0,70
"legacy-image-0252","assets/source/legacy1e/steamusercontent-a.akamaihd.net/images/asset__f5278e929d80e3c2.jpg",2048,2048,245417,"0e9574fc21f8661958d6aafbe21eec81888d6ad0414bbb24a341d8c515f30e60",False,0,70
"legacy-image-0254","assets/source/legacy1e/steamusercontent-a.akamaihd.net/images/asset__f7aa5ccad91d322f.jpg",2048,2048,379992,"1decfdfdd840263586c92d36dbb4acbbc5d165b39ca1cf28c472dc4d7d17844f",False,0,70
"legacy-image-0256","assets/source/legacy1e/steamusercontent-a.akamaihd.net/images/asset__fbbff8877613c16a.jpg",3072,3072,339429,"b8017e209ae614e3880597e4766311c22855d9bb5448fa03ffe4b059c2b57179",False,0,70
"legacy-image-0257","assets/source/legacy1e/steamusercontent-a.akamaihd.net/images/asset__fbd02e039fd20ba4.png",1024,1024,604166,"591e23e24bba02997c229027cf364ef6869bb2694c61204529e62149b969c592",False,0,70
"legacy-image-0263","assets/source/legacy1e/steamusercontent-a.akamaihd.net/other/asset__2d6e5ce97aed0766.png",2000,2000,1274342,"7767d871b9198ccf57d6755133ea49894eac9022017543bcb3fbba846f987400",False,0,70
"legacy-image-0265","assets/source/legacy1e/steamusercontent-a.akamaihd.net/other/asset__3bf704ca6e757c26.png",1024,1024,652499,"83b09773e6698b5741afb6443b726bd0bebfd7b894f891fc79ab31460830c2e8",False,0,70
"legacy-image-0269","assets/source/legacy1e/steamusercontent-a.akamaihd.net/other/asset__7a75c3dedef70084.png",1024,1024,434763,"0ec4496f19174f4d20dc748f7af01bfcd2d30ab81f9c33b2434be414642ef69e",False,0,70
"legacy-image-0270","assets/source/legacy1e/steamusercontent-a.akamaihd.net/other/asset__921fbbc8e48665e2.png",1024,1024,1003271,"aba1b1f069282d619ae48d93b91647b9a99222560ee7c07adf78b489595bd8fa",False,0,70
"legacy-image-0272","assets/source/legacy1e/steamusercontent-a.akamaihd.net/other/asset__a1a7f59f6416dd22.png",2048,2048,3718618,"ecaec1f05789c138b78dbf1534f89c0fd2c7abfd4cd5daedfa154c1e4aac1e54",False,0,70
