status,sheetId,entityId,targetId,displayName,sourceRepositoryPath,outputRepositoryPath,x,y,width,height,message
generated,"pilot-sheet-001","PILOT-7F08D82863DA","darkcurse","""Dark Curse""","assets/source/legacy1e/steamusercontent-a.akamaihd.net/images/asset__0007b1a704707540.png","assets/generated/PilotBaseToken/galacticempire/tiefighter/darkcurse__pilot-7f08d82863da.png",32,42,456,510,
generated,"pilot-sheet-002","PILOT-7274E5F48E24","sienarspecialist","Sienar Specialist","assets/source/legacy1e/steamusercontent-a.akamaihd.net/images/asset__028ca35d37b338dc.png","assets/generated/PilotBaseToken/galacticempire/tieaggressor/sienarspecialist__pilot-7274e5f48e24.png",14,15,252,286,
generated,"pilot-sheet-003","PILOT-E89CD27DF359","tychocelchu","Tycho Celchu","assets/source/legacy1e/steamusercontent-a.akamaihd.net/images/asset__029a55df7aa12763.jpg","assets/generated/PilotBaseToken/rebelalliance/awing/tychocelchu__pilot-e89cd27df359.png",472,416,451,510,
generated,"pilot-sheet-004","PILOT-386EE2761A70","ig88a","IG-88A","assets/source/legacy1e/steamusercontent-a.akamaihd.net/images/asset__02e20fbebf2cc778.jpg","assets/generated/PilotBaseToken/scumandvillainy/aggressor/ig88a__pilot-386ee2761a70.png",41,37,927,966,
generated,"pilot-sheet-005","PILOT-D90034F6DCC7","roarkgarnet","Roark Garnet","assets/source/legacy1e/steamusercontent-a.akamaihd.net/images/asset__055f87ae1f2bccdf.jpg","assets/generated/PilotBaseToken/rebelalliance/hwk290/roarkgarnet__pilot-d90034f6dcc7.png",25,35,450,505,
generated,"pilot-sheet-006","PILOT-3E3851496A42","torkilmux","Torkil Mux","assets/source/legacy1e/steamusercontent-a.akamaihd.net/images/asset__062ebd85ad782fed.jpg","assets/generated/PilotBaseToken/scumandvillainy/hwk290/torkilmux__pilot-3e3851496a42.png",25,35,450,505,
generated,"pilot-sheet-007","PILOT-EB50363AACFE","dashrendar","Dash Rendar","assets/source/legacy1e/steamusercontent-a.akamaihd.net/images/asset__07b611202808b32f.jpg","assets/generated/PilotBaseToken/rebelalliance/yt2400/dashrendar__pilot-eb50363aacfe.png",41,37,924,965,
generated,"pilot-sheet-008","PILOT-FCE29317C456","echo","""Echo""","assets/source/legacy1e/steamusercontent-a.akamaihd.net/images/asset__0d8c2cd2b70ca7d6.jpg","assets/generated/PilotBaseToken/galacticempire/tiephantom/echo__pilot-fce29317c456.png",26,34,445,501,
generated,"pilot-sheet-009","PILOT-22931F77E0C5","ig88b","IG-88B","assets/source/legacy1e/steamusercontent-a.akamaihd.net/images/asset__0e078b693215dcd2.jpg","assets/generated/PilotBaseToken/scumandvillainy/aggressor/ig88b__pilot-22931f77e0c5.png",41,37,927,966,
generated,"pilot-sheet-010","PILOT-65F6F265F16D","norrawexley","Norra Wexley","assets/source/legacy1e/steamusercontent-a.akamaihd.net/images/asset__116b5f5103b89cc7.jpg","assets/generated/PilotBaseToken/rebelalliance/arc170/norrawexley__pilot-65f6f265f16d.png",25,35,445,514,
generated,"pilot-sheet-011","PILOT-F288E7D5E0D6","patrolleader","Patrol Leader","assets/source/legacy1e/steamusercontent-a.akamaihd.net/images/asset__12292d3a084cbe3c.jpg","assets/generated/PilotBaseToken/galacticempire/vt49decimator/patrolleader__pilot-f288e7d5e0d6.png",43,39,924,977,
generated,"pilot-sheet-012","PILOT-9380AE7D1934","deathrain","""Deathrain""","assets/source/legacy1e/steamusercontent-a.akamaihd.net/images/asset__1786b38448ff15bc.jpg","assets/generated/PilotBaseToken/galacticempire/tiepunisher/deathrain__pilot-9380ae7d1934.png",24,73,452,506,
generated,"pilot-sheet-013","PILOT-5BCFC38B51FB","duchess","""Duchess""","assets/source/legacy1e/steamusercontent-a.akamaihd.net/images/asset__188553706626c179.png","assets/generated/PilotBaseToken/galacticempire/tiestriker/duchess__pilot-5bcfc38b51fb.png",11,16,226,254,
generated,"pilot-sheet-014","PILOT-0E6BC4A34F91","wampa","""Wampa""","assets/source/legacy1e/steamusercontent-a.akamaihd.net/images/asset__18bbda2defef0191.png","assets/generated/PilotBaseToken/galacticempire/tiefighter/wampa__pilot-0e6bc4a34f91.png",32,42,456,510,
generated,"pilot-sheet-015","PILOT-29C434698216","doubleedge","""Double Edge""","assets/source/legacy1e/steamusercontent-a.akamaihd.net/images/asset__18f0fc42531efb0d.png","assets/generated/PilotBaseToken/galacticempire/tieaggressor/doubleedge__pilot-29c434698216.png",14,15,252,286,
generated,"pilot-sheet-016","PILOT-24EED7FB9599","ap5","AP-5","assets/source/legacy1e/steamusercontent-a.akamaihd.net/images/asset__1ce28bfa8588d1c0.jpg","assets/generated/PilotBaseToken/rebelalliance/sheathipedeclassshuttle/ap5__pilot-24eed7fb9599.png",995,0,433,515,
generated,"pilot-sheet-017","PILOT-E69C40F49478","whisper","""Whisper""","assets/source/legacy1e/steamusercontent-a.akamaihd.net/images/asset__1ea8b35fc299dd61.jpg","assets/generated/PilotBaseToken/galacticempire/tiephantom/whisper__pilot-e69c40f49478.png",26,34,445,501,
generated,"pilot-sheet-018","PILOT-11EA529AE573","hortonsalm","Horton Salm","assets/source/legacy1e/steamusercontent-a.akamaihd.net/images/asset__1fc394576a49cbf6.jpg","assets/generated/PilotBaseToken/rebelalliance/ywing/hortonsalm__pilot-11ea529ae573.png",24,35,450,508,
generated,"pilot-sheet-019","PILOT-65747E26907E","baronoftheempire","Baron of the Empire","assets/source/legacy1e/steamusercontent-a.akamaihd.net/images/asset__222fd202161556fa.jpg","assets/generated/PilotBaseToken/galacticempire/tieadvprototype/baronoftheempire__pilot-65747e26907e.png",23,31,455,508,
generated,"pilot-sheet-020","PILOT-C43BAE681F2F","rexlerbrath","Rexler Brath","assets/source/legacy1e/steamusercontent-a.akamaihd.net/images/asset__234090aa2d6c6f2f.jpg","assets/generated/PilotBaseToken/galacticempire/tiedefender/rexlerbrath__pilot-c43bae681f2f.png",25,35,448,504,
generated,"pilot-sheet-021","PILOT-AD0AF9F4FADA","sarcoplank","Sarco Plank","assets/source/legacy1e/steamusercontent-a.akamaihd.net/images/asset__26c202af3d983f80.png","assets/generated/PilotBaseToken/scumandvillainy/quadjumper/sarcoplank__pilot-ad0af9f4fada.png",24,31,211,243,
generated,"pilot-sheet-022","PILOT-8B20DCC32738","alphasquadronpilot","Alpha Squadron Pilot","assets/source/legacy1e/steamusercontent-a.akamaihd.net/images/asset__26d4850cfab22457.jpg","assets/generated/PilotBaseToken/galacticempire/tieinterceptor/alphasquadronpilot__pilot-8b20dcc32738.png",26,34,450,506,
generated,"pilot-sheet-023","PILOT-919CB508CC2A","zeborrelios","""Zeb"" Orrelios","assets/source/legacy1e/steamusercontent-a.akamaihd.net/images/asset__27a89001f714f298.jpg","assets/generated/PilotBaseToken/rebelalliance/attackshuttle/zeborrelios__pilot-919cb508cc2a.png",995,0,433,507,
generated,"pilot-sheet-024","PILOT-4E5B3C6C644F","cartelexecutioner","Cartel Executioner","assets/source/legacy1e/steamusercontent-a.akamaihd.net/images/asset__283b62cba7623fcb.png","assets/generated/PilotBaseToken/scumandvillainy/m12lkimogilafighter/cartelexecutioner__pilot-4e5b3c6c644f.png",31,28,439,528,
generated,"pilot-sheet-025","PILOT-75FAB3AFE0AF","krassistrelix","Krassis Trelix","assets/source/legacy1e/steamusercontent-a.akamaihd.net/images/asset__284cf739230c5520.jpg","assets/generated/PilotBaseToken/galacticempire/firespray31/krassistrelix__pilot-75fab3afe0af.png",41,37,927,1020,
generated,"pilot-sheet-026","PILOT-B1012D7A2DDA","bodhirook","Bodhi Rook","assets/source/legacy1e/steamusercontent-a.akamaihd.net/images/asset__290cc31e747a82fa.png","assets/generated/PilotBaseToken/rebelalliance/uwing/bodhirook__pilot-b1012d7a2dda.png",815,1142,430,477,
generated,"pilot-sheet-027","PILOT-D1DA1E944AA9","cutlasssquadronpilot","Cutlass Squadron Pilot","assets/source/legacy1e/steamusercontent-a.akamaihd.net/images/asset__2a09386f0ae85856.jpg","assets/generated/PilotBaseToken/galacticempire/tiepunisher/cutlasssquadronpilot__pilot-d1da1e944aa9.png",24,73,452,506,
generated,"pilot-sheet-028","PILOT-6842AEDDCC32","laetinashera","Laetin A'shera","assets/source/legacy1e/steamusercontent-a.akamaihd.net/images/asset__2b628d8e1453f008.jpg","assets/generated/PilotBaseToken/scumandvillainy/m3ainterceptor/laetinashera__pilot-6842aeddcc32.png",27,35,451,510,
generated,"pilot-sheet-029","PILOT-0C207B0C74CF","maulermithel","""Mauler Mithel""","assets/source/legacy1e/steamusercontent-a.akamaihd.net/images/asset__2c21c96d3d0f6df4.png","assets/generated/PilotBaseToken/galacticempire/tiefighter/maulermithel__pilot-0c207b0c74cf.png",32,42,456,510,
generated,"pilot-sheet-030","PILOT-2B9E8D56012F","puresabacc","""Pure Sabacc""","assets/source/legacy1e/steamusercontent-a.akamaihd.net/images/asset__2ddee426d5cd4e0a.png","assets/generated/PilotBaseToken/galacticempire/tiestriker/puresabacc__pilot-2b9e8d56012f.png",11,16,226,254,
generated,"pilot-sheet-031","PILOT-D7E3AF0C1A39","contractedscout","Contracted Scout","assets/source/legacy1e/steamusercontent-a.akamaihd.net/images/asset__313bf3911892eafb.jpg","assets/generated/PilotBaseToken/scumandvillainy/jumpmaster5000/contractedscout__pilot-d7e3af0c1a39.png",41,37,927,966,
generated,"pilot-sheet-032","PILOT-0EB1111C98FA","banditsquadronpilot","Bandit Squadron Pilot","assets/source/legacy1e/steamusercontent-a.akamaihd.net/images/asset__31c8025202b87472.jpg","assets/generated/PilotBaseToken/rebelalliance/z95headhunter/banditsquadronpilot__pilot-0eb1111c98fa.png",24,33,450,504,
generated,"pilot-sheet-033","PILOT-41AAAC334224","sawgerrera","Saw Gerrera","assets/source/legacy1e/steamusercontent-a.akamaihd.net/images/asset__38c73e26b7ef0f5c.png","assets/generated/PilotBaseToken/rebelalliance/uwing/sawgerrera__pilot-41aaac334224.png",815,1142,430,477,
generated,"pilot-sheet-034","PILOT-5274E11EAA41","leebo","""Leebo""","assets/source/legacy1e/steamusercontent-a.akamaihd.net/images/asset__3948b5a8e50c3bd1.jpg","assets/generated/PilotBaseToken/rebelalliance/yt2400/leebo__pilot-5274e11eaa41.png",41,37,924,965,
generated,"pilot-sheet-035","PILOT-A2E41CCFAB5F","esegetuketu","Esege Tuketu","assets/source/legacy1e/steamusercontent-a.akamaihd.net/images/asset__397623d826256999.jpg","assets/generated/PilotBaseToken/rebelalliance/kwing/esegetuketu__pilot-a2e41ccfab5f.png",24,34,449,506,
generated,"pilot-sheet-036","PILOT-33E821BC8D93","emonazzameen","Emon Azzameen","assets/source/legacy1e/steamusercontent-a.akamaihd.net/images/asset__3b663ec0ec08d3c1.jpg","assets/generated/PilotBaseToken/scumandvillainy/firespray31/emonazzameen__pilot-33e821bc8d93.png",41,37,927,1020,
generated,"pilot-sheet-037","PILOT-7C8D83A06980","kaatoleeachos","Kaa'to Leeachos","assets/source/legacy1e/steamusercontent-a.akamaihd.net/images/asset__3bf6a0f4e42179fc.jpg","assets/generated/PilotBaseToken/scumandvillainy/z95headhunter/kaatoleeachos__pilot-7c8d83a06980.png",24,33,450,504,
generated,"pilot-sheet-038","PILOT-69DC976B7248","benthictwotubes","Benthic Two Tubes","assets/source/legacy1e/steamusercontent-a.akamaihd.net/images/asset__3c511d937f9cfc39.png","assets/generated/PilotBaseToken/rebelalliance/uwing/benthictwotubes__pilot-69dc976b7248.png",815,1142,430,477,
generated,"pilot-sheet-039","PILOT-78154C684A5D","tomaxbren","Tomax Bren","assets/source/legacy1e/steamusercontent-a.akamaihd.net/images/asset__3ca5873ebdf5b343.png","assets/generated/PilotBaseToken/galacticempire/tiebomber/tomaxbren__pilot-78154c684a5d.png",24,73,452,506,
generated,"pilot-sheet-040","PILOT-7E5AEEBC41D6","kashyyykdefender","Kashyyyk Defender","assets/source/legacy1e/steamusercontent-a.akamaihd.net/images/asset__3d0e951020b2d514.png","assets/generated/PilotBaseToken/rebelalliance/auzituckgunship/kashyyykdefender__pilot-7e5aeebc41d6.png",14,672,283,325,
generated,"pilot-sheet-041","PILOT-2F800C27D775","talasquadronpilot","Tala Squadron Pilot","assets/source/legacy1e/steamusercontent-a.akamaihd.net/images/asset__3f53e0f9d8299340.jpg","assets/generated/PilotBaseToken/rebelalliance/z95headhunter/talasquadronpilot__pilot-2f800c27d775.png",24,33,450,504,
generated,"pilot-sheet-042","PILOT-68D5625BBE63","oldteroch","Old Teroch","assets/source/legacy1e/steamusercontent-a.akamaihd.net/images/asset__41d30b92b50898f3.png","assets/generated/PilotBaseToken/scumandvillainy/protectoratestarfighter/oldteroch__pilot-68d5625bbe63.png",30,31,212,244,
generated,"pilot-sheet-043","PILOT-6252CB094EFA","zeborrelios","""Zeb"" Orrelios","assets/source/legacy1e/steamusercontent-a.akamaihd.net/images/asset__4267f6573a9e0524.jpg","assets/generated/PilotBaseToken/rebelalliance/sheathipedeclassshuttle/zeborrelios__pilot-6252cb094efa.png",995,0,433,515,
generated,"pilot-sheet-044","PILOT-0175B6FFF67D","guri","Guri","assets/source/legacy1e/steamusercontent-a.akamaihd.net/images/asset__43e91ad6b8c25e5a.jpg","assets/generated/PilotBaseToken/scumandvillainy/starviper/guri__pilot-0175b6fff67d.png",24,34,451,504,
generated,"pilot-sheet-045","PILOT-2E5D2CAD25B4","ig88d","IG-88D","assets/source/legacy1e/steamusercontent-a.akamaihd.net/images/asset__44cc2e9f77a0f54f.jpg","assets/generated/PilotBaseToken/scumandvillainy/aggressor/ig88d__pilot-2e5d2cad25b4.png",41,37,927,966,
generated,"pilot-sheet-046","PILOT-39658D5B350B","solsixxa","Sol Sixxa","assets/source/legacy1e/steamusercontent-a.akamaihd.net/images/asset__468416f146e1f06d.png","assets/generated/PilotBaseToken/scumandvillainy/scurrgh6bomber/solsixxa__pilot-39658d5b350b.png",18,38,288,317,
generated,"pilot-sheet-047","PILOT-7BE38960675C","countdown","""Countdown""","assets/source/legacy1e/steamusercontent-a.akamaihd.net/images/asset__47198294f94ca5ea.png","assets/generated/PilotBaseToken/galacticempire/tiestriker/countdown__pilot-7be38960675c.png",11,16,226,254,
generated,"pilot-sheet-048","PILOT-EAFFA73EDEAA","jekporkins","Jek Porkins","assets/source/legacy1e/steamusercontent-a.akamaihd.net/images/asset__479ac4c40d60d726.png","assets/generated/PilotBaseToken/rebelalliance/xwing/jekporkins__pilot-eaffa73edeaa.png",524,37,450,508,
generated,"pilot-sheet-048","PILOT-AA47833EE888","lukeskywalker","Luke Skywalker","assets/source/legacy1e/steamusercontent-a.akamaihd.net/images/asset__479ac4c40d60d726.png","assets/generated/PilotBaseToken/rebelalliance/xwing/lukeskywalker__pilot-aa47833ee888.png",1021,629,450,508,
generated,"pilot-sheet-048","PILOT-D860BA3F714B","wesjanson","Wes Janson","assets/source/legacy1e/steamusercontent-a.akamaihd.net/images/asset__479ac4c40d60d726.png","assets/generated/PilotBaseToken/rebelalliance/xwing/wesjanson__pilot-d860ba3f714b.png",1021,37,450,508,
generated,"pilot-sheet-049","PILOT-1F99131CE3E0","tansariipointveteran","Tansarii Point Veteran","assets/source/legacy1e/steamusercontent-a.akamaihd.net/images/asset__4807b3729c8343a3.jpg","assets/generated/PilotBaseToken/scumandvillainy/m3ainterceptor/tansariipointveteran__pilot-1f99131ce3e0.png",27,35,451,510,
generated,"pilot-sheet-050","PILOT-697F037E14A6","deltasquadronpilot","Delta Squadron Pilot","assets/source/legacy1e/steamusercontent-a.akamaihd.net/images/asset__48e6bba4f70cfabc.jpg","assets/generated/PilotBaseToken/galacticempire/tiedefender/deltasquadronpilot__pilot-697f037e14a6.png",25,35,448,504,
generated,"pilot-sheet-051","PILOT-0E181989C08C","mirandadoni","Miranda Doni","assets/source/legacy1e/steamusercontent-a.akamaihd.net/images/asset__4af57bb26524ed0b.jpg","assets/generated/PilotBaseToken/rebelalliance/kwing/mirandadoni__pilot-0e181989c08c.png",24,34,449,506,
generated,"pilot-sheet-052","PILOT-53F462B28696","viktorhel","Viktor Hel","assets/source/legacy1e/steamusercontent-a.akamaihd.net/images/asset__4c009f4e322d5c41.png","assets/generated/PilotBaseToken/scumandvillainy/kihraxzfighter/viktorhel__pilot-53f462b28696.png",20,31,455,512,
generated,"pilot-sheet-053","PILOT-31738DF69B79","darthvader","Darth Vader","assets/source/legacy1e/steamusercontent-a.akamaihd.net/images/asset__4fa26aa87794e2f9.jpg","assets/generated/PilotBaseToken/galacticempire/tieadvanced/darthvader__pilot-31738df69b79.png",21,30,458,511,
generated,"pilot-sheet-054","PILOT-2BF2DAE8F20E","captainjostero","Captain Jostero","assets/source/legacy1e/steamusercontent-a.akamaihd.net/images/asset__530db44fdeb67130.png","assets/generated/PilotBaseToken/scumandvillainy/kihraxzfighter/captainjostero__pilot-2bf2dae8f20e.png",20,31,455,512,
generated,"pilot-sheet-055","PILOT-3C24070F17DF","junoeclipse","Juno Eclipse","assets/source/legacy1e/steamusercontent-a.akamaihd.net/images/asset__56b3528f863cf077.jpg","assets/generated/PilotBaseToken/galacticempire/tieadvanced/junoeclipse__pilot-3c24070f17df.png",1019,30,458,511,
generated,"pilot-sheet-056","PILOT-3ACC0B4A3795","4lom","4-LOM","assets/source/legacy1e/steamusercontent-a.akamaihd.net/images/asset__588199dc62ebbe1e.jpg","assets/generated/PilotBaseToken/scumandvillainy/g1astarfighter/4lom__pilot-3acc0b4a3795.png",25,32,451,508,
generated,"pilot-sheet-057","PILOT-92CC97D0C2A9","unkarplutt","Unkar Plutt","assets/source/legacy1e/steamusercontent-a.akamaihd.net/images/asset__5cae101d5041fcf3.png","assets/generated/PilotBaseToken/scumandvillainy/quadjumper/unkarplutt__pilot-92cc97d0c2a9.png",24,31,211,243,
generated,"pilot-sheet-058","PILOT-9AF4734CA538","kyloren","Kylo Ren","assets/source/legacy1e/steamusercontent-a.akamaihd.net/images/asset__5da59378b7d9f2a3.png","assets/generated/PilotBaseToken/firstorder/tiesilencer/kyloren__pilot-9af4734ca538.png",33,34,434,521,
generated,"pilot-sheet-059","PILOT-371A0F61CCFE","chopper","""Chopper""","assets/source/legacy1e/steamusercontent-a.akamaihd.net/images/asset__5ecaf2bd7f8d7b76.jpg","assets/generated/PilotBaseToken/rebelalliance/vcx100/chopper__pilot-371a0f61ccfe.png",6,0,943,1032,
generated,"pilot-sheet-059","PILOT-5158A0D06CE9","sabinewren","Sabine Wren","assets/source/legacy1e/steamusercontent-a.akamaihd.net/images/asset__5ecaf2bd7f8d7b76.jpg","assets/generated/PilotBaseToken/rebelalliance/attackshuttle/sabinewren__pilot-5158a0d06ce9.png",995,0,433,507,
generated,"pilot-sheet-060","PILOT-2FF8E40F2FB9","manaroo","Manaroo","assets/source/legacy1e/steamusercontent-a.akamaihd.net/images/asset__61e603ba4eae6169.jpg","assets/generated/PilotBaseToken/scumandvillainy/jumpmaster5000/manaroo__pilot-2ff8e40f2fb9.png",41,37,927,966,
generated,"pilot-sheet-061","PILOT-67211D993AB3","colonelvessery","Colonel Vessery","assets/source/legacy1e/steamusercontent-a.akamaihd.net/images/asset__6225167008bb5fce.jpg","assets/generated/PilotBaseToken/galacticempire/tiedefender/colonelvessery__pilot-67211d993ab3.png",25,35,448,504,
generated,"pilot-sheet-062","PILOT-E142B034674E","sunnybounder","Sunny Bounder","assets/source/legacy1e/steamusercontent-a.akamaihd.net/images/asset__631e741e3464206b.png","assets/generated/PilotBaseToken/scumandvillainy/m3ainterceptor/sunnybounder__pilot-e142b034674e.png",27,35,451,510,
generated,"pilot-sheet-063","PILOT-FEAD77745B91","quinnjast","Quinn Jast","assets/source/legacy1e/steamusercontent-a.akamaihd.net/images/asset__68ff2cc03d300acb.png","assets/generated/PilotBaseToken/scumandvillainy/m3ainterceptor/quinnjast__pilot-fead77745b91.png",27,35,451,510,
generated,"pilot-sheet-064","PILOT-6382835EA36B","blacksquadronscout","Black Squadron Scout","assets/source/legacy1e/steamusercontent-a.akamaihd.net/images/asset__6938d04d38918f0f.png","assets/generated/PilotBaseToken/galacticempire/tiestriker/blacksquadronscout__pilot-6382835ea36b.png",11,16,226,254,
generated,"pilot-sheet-065","PILOT-E8E9694B8D34","blacksunassassin","Black Sun Assassin","assets/source/legacy1e/steamusercontent-a.akamaihd.net/images/asset__69f4ecd608d361bf.png","assets/generated/PilotBaseToken/scumandvillainy/starviper/blacksunassassin__pilot-e8e9694b8d34.png",24,34,451,504,
generated,"pilot-sheet-066","PILOT-DA5161BA5569","academypilot","Academy Pilot","assets/source/legacy1e/steamusercontent-a.akamaihd.net/images/asset__6a0c60074efb9f5c.png","assets/generated/PilotBaseToken/galacticempire/tiefighter/academypilot__pilot-da5161ba5569.png",32,42,456,510,
generated,"pilot-sheet-067","PILOT-47BE7DD4C303","blacksunace","Black Sun Ace","assets/source/legacy1e/steamusercontent-a.akamaihd.net/images/asset__6dda404247201f0c.png","assets/generated/PilotBaseToken/scumandvillainy/kihraxzfighter/blacksunace__pilot-47be7dd4c303.png",20,31,455,512,
generated,"pilot-sheet-068","PILOT-D3947C6F77DF","maarekstele","Maarek Stele","assets/source/legacy1e/steamusercontent-a.akamaihd.net/images/asset__6e97d1e9c3fe2186.jpg","assets/generated/PilotBaseToken/galacticempire/tieadvanced/maarekstele__pilot-d3947c6f77df.png",21,30,458,511,
generated,"pilot-sheet-069","PILOT-8A5CA1DCCBEA","bobafett","Boba Fett","assets/source/legacy1e/steamusercontent-a.akamaihd.net/images/asset__6ea7c985873a0654.jpg","assets/generated/PilotBaseToken/scumandvillainy/firespray31/bobafett__pilot-8a5ca1dccbea.png",41,37,927,1020,
generated,"pilot-sheet-070","PILOT-E244DBA12DC6","blacksunsoldier","Black Sun Soldier","assets/source/legacy1e/steamusercontent-a.akamaihd.net/images/asset__6feb9e8d6d3b24e9.jpg","assets/generated/PilotBaseToken/scumandvillainy/z95headhunter/blacksunsoldier__pilot-e244dba12dc6.png",24,33,450,504,
generated,"pilot-sheet-071","PILOT-9A7ADD2621BF","zertikstrom","Zertik Strom","assets/source/legacy1e/steamusercontent-a.akamaihd.net/images/asset__70dd166decee0563.jpg","assets/generated/PilotBaseToken/galacticempire/tieadvanced/zertikstrom__pilot-9a7add2621bf.png",1019,30,458,511,
generated,"pilot-sheet-072","PILOT-9508F007B8DE","backstabber","""Backstabber""","assets/source/legacy1e/steamusercontent-a.akamaihd.net/images/asset__7416dd8e946ea549.png","assets/generated/PilotBaseToken/galacticempire/tiefighter/backstabber__pilot-9508f007b8de.png",32,42,456,510,
generated,"pilot-sheet-073","PILOT-F5731D9E2983","backdraft","""Backdraft""","assets/source/legacy1e/steamusercontent-a.akamaihd.net/images/asset__764db731223587eb.png","assets/generated/PilotBaseToken/firstorder/tiesffighter/backdraft__pilot-f5731d9e2983.png",9,15,427,497,
generated,"pilot-sheet-074","PILOT-25F20C6B5ABA","howlrunner","""Howlrunner""","assets/source/legacy1e/steamusercontent-a.akamaihd.net/images/asset__80d72ea254b5531f.png","assets/generated/PilotBaseToken/galacticempire/tiefighter/howlrunner__pilot-25f20c6b5aba.png",32,42,456,510,
generated,"pilot-sheet-075","PILOT-FE8EB2DFD9A2","sabinewren","Sabine Wren","assets/source/legacy1e/steamusercontent-a.akamaihd.net/images/asset__816196eb61b9f0d0.png","assets/generated/PilotBaseToken/rebelalliance/tiefighter/sabinewren__pilot-fe8eb2dfd9a2.png",32,42,456,510,
generated,"pilot-sheet-076","PILOT-6796D62E5DC1","bluesquadronpilot","Blue Squadron Pilot","assets/source/legacy1e/steamusercontent-a.akamaihd.net/images/asset__825891661acc77de.png","assets/generated/PilotBaseToken/rebelalliance/bwing/bluesquadronpilot__pilot-6796d62e5dc1.png",25,35,451,508,
generated,"pilot-sheet-077","PILOT-020CE92F238A","kathscarlet","Kath Scarlet","assets/source/legacy1e/steamusercontent-a.akamaihd.net/images/asset__82ba063d7c019215.jpg","assets/generated/PilotBaseToken/scumandvillainy/firespray31/kathscarlet__pilot-020ce92f238a.png",41,37,927,1020,
generated,"pilot-sheet-078","PILOT-265EEE6A9410","chewbacca","Chewbacca","assets/source/legacy1e/steamusercontent-a.akamaihd.net/images/asset__83a1eb5a43caf6e4.jpg","assets/generated/PilotBaseToken/rebelalliance/yt1300/chewbacca__pilot-265eee6a9410.png",39,36,930,993,
generated,"pilot-sheet-079","PILOT-59737EAA2DAB","landocalrissian","Lando Calrissian","assets/source/legacy1e/steamusercontent-a.akamaihd.net/images/asset__8552ac06500a17cf.jpg","assets/generated/PilotBaseToken/rebelalliance/yt1300/landocalrissian__pilot-59737eaa2dab.png",39,36,930,993,
generated,"pilot-sheet-080","PILOT-37D736F37A40","princexizor","Prince Xizor","assets/source/legacy1e/steamusercontent-a.akamaihd.net/images/asset__87382251cddea164.jpg","assets/generated/PilotBaseToken/scumandvillainy/starviper/princexizor__pilot-37d736f37a40.png",24,34,451,504,
generated,"pilot-sheet-081","PILOT-3C9E6338EBC2","nusquadronpilot","Nu Squadron Pilot","assets/source/legacy1e/steamusercontent-a.akamaihd.net/images/asset__8865722a5fd3eea8.jpg","assets/generated/PilotBaseToken/galacticempire/alphaclassstarwing/nusquadronpilot__pilot-3c9e6338ebc2.png",23,31,452,512,
generated,"pilot-sheet-082","PILOT-BF77493C3681","soontirfel","Soontir Fel","assets/source/legacy1e/steamusercontent-a.akamaihd.net/images/asset__895a9c2c30243998.jpg","assets/generated/PilotBaseToken/galacticempire/tieinterceptor/soontirfel__pilot-bf77493c3681.png",26,34,450,506,
generated,"pilot-sheet-083","PILOT-1C20ACAE73AB","sharabey","Shara Bey","assets/source/legacy1e/steamusercontent-a.akamaihd.net/images/asset__8a8d56e8970d3f13.jpg","assets/generated/PilotBaseToken/rebelalliance/arc170/sharabey__pilot-1c20acae73ab.png",25,35,445,514,
generated,"pilot-sheet-084","PILOT-F6ADBD0D6A79","lieutenantlorrir","Lieutenant Lorrir","assets/source/legacy1e/steamusercontent-a.akamaihd.net/images/asset__8edcd63544e01278.jpg","assets/generated/PilotBaseToken/galacticempire/tieinterceptor/lieutenantlorrir__pilot-f6adbd0d6a79.png",26,34,450,506,
generated,"pilot-sheet-085","PILOT-37807F1567D3","poedameron","Poe Dameron","assets/source/legacy1e/steamusercontent-a.akamaihd.net/images/asset__8effc513fca46c17.png","assets/generated/PilotBaseToken/resistance/t70xwing/poedameron__pilot-37807f1567d3.png",5,10,435,498,
generated,"pilot-sheet-086","PILOT-3D59B61C04C1","kavil","Kavil","assets/source/legacy1e/steamusercontent-a.akamaihd.net/images/asset__91075d77874a97f5.jpg","assets/generated/PilotBaseToken/scumandvillainy/ywing/kavil__pilot-3d59b61c04c1.png",24,35,450,508,
generated,"pilot-sheet-087","PILOT-AB91776CBC66","turrphennir","Turr Phennir","assets/source/legacy1e/steamusercontent-a.akamaihd.net/images/asset__918718401447f3eb.jpg","assets/generated/PilotBaseToken/galacticempire/tieinterceptor/turrphennir__pilot-ab91776cbc66.png",26,34,450,506,
generated,"pilot-sheet-088","PILOT-C1CD7D44A8EF","magvayarro","Magva Yarro","assets/source/legacy1e/steamusercontent-a.akamaihd.net/images/asset__9206d67cb1951531.png","assets/generated/PilotBaseToken/rebelalliance/uwing/magvayarro__pilot-c1cd7d44a8ef.png",815,1142,430,477,
generated,"pilot-sheet-089","PILOT-3CF4B6B87B64","ndrusuhlak","N'dru Suhlak","assets/source/legacy1e/steamusercontent-a.akamaihd.net/images/asset__979839eadedbe9b0.png","assets/generated/PilotBaseToken/scumandvillainy/z95headhunter/ndrusuhlak__pilot-3cf4b6b87b64.png",24,33,450,504,
generated,"pilot-sheet-090","PILOT-037C78BAF9E1","elloasty","Ello Asty","assets/source/legacy1e/steamusercontent-a.akamaihd.net/images/asset__9832f52a2ba74315.png","assets/generated/PilotBaseToken/resistance/t70xwing/elloasty__pilot-037c78baf9e1.png",5,10,435,498,
generated,"pilot-sheet-091","PILOT-B83A2C097842","outerrimsmuggler","Outer Rim Smuggler","assets/source/legacy1e/steamusercontent-a.akamaihd.net/images/asset__986563eedafd2375.jpg","assets/generated/PilotBaseToken/rebelalliance/yt1300/outerrimsmuggler__pilot-b83a2c097842.png",39,36,930,993,
generated,"pilot-sheet-092","PILOT-34B839E60AB6","drearenthal","Drea Renthal","assets/source/legacy1e/steamusercontent-a.akamaihd.net/images/asset__997851fbd402a21b.jpg","assets/generated/PilotBaseToken/scumandvillainy/ywing/drearenthal__pilot-34b839e60ab6.png",24,35,450,508,
generated,"pilot-sheet-093","PILOT-BDAA55AD958F","captainjonus","Captain Jonus","assets/source/legacy1e/steamusercontent-a.akamaihd.net/images/asset__9a170e187ec8bdd3.jpg","assets/generated/PilotBaseToken/galacticempire/tiebomber/captainjonus__pilot-bdaa55ad958f.png",24,73,452,506,
generated,"pilot-sheet-094","PILOT-85511699241B","nightbeast","""Night Beast""","assets/source/legacy1e/steamusercontent-a.akamaihd.net/images/asset__9a769a90c445cf85.png","assets/generated/PilotBaseToken/galacticempire/tiefighter/nightbeast__pilot-85511699241b.png",32,42,456,510,
generated,"pilot-sheet-095","PILOT-E19EAEE63E13","dengar","Dengar","assets/source/legacy1e/steamusercontent-a.akamaihd.net/images/asset__9beb1f88fe4cb44e.jpg","assets/generated/PilotBaseToken/scumandvillainy/jumpmaster5000/dengar__pilot-e19eaee63e13.png",41,37,927,966,
generated,"pilot-sheet-096","PILOT-A15B41525FF5","cavernangelszealot","Cavern Angels Zealot","assets/source/legacy1e/steamusercontent-a.akamaihd.net/images/asset__9bffdd5d64d90455.png","assets/generated/PilotBaseToken/rebelalliance/xwing/cavernangelszealot__pilot-a15b41525ff5.png",24,37,450,508,
generated,"pilot-sheet-096","PILOT-B59DE7402044","edriotwotubes","Edrio Two Tubes","assets/source/legacy1e/steamusercontent-a.akamaihd.net/images/asset__9bffdd5d64d90455.png","assets/generated/PilotBaseToken/rebelalliance/xwing/edriotwotubes__pilot-b59de7402044.png",524,37,450,508,
generated,"pilot-sheet-096","PILOT-5F40E4920B73","kullbeesperado","Kullbee Sperado","assets/source/legacy1e/steamusercontent-a.akamaihd.net/images/asset__9bffdd5d64d90455.png","assets/generated/PilotBaseToken/rebelalliance/xwing/kullbeesperado__pilot-5f40e4920b73.png",524,1217,450,508,
generated,"pilot-sheet-096","PILOT-63D29F362B3C","leevantenza","Leevan Tenza","assets/source/legacy1e/steamusercontent-a.akamaihd.net/images/asset__9bffdd5d64d90455.png","assets/generated/PilotBaseToken/rebelalliance/xwing/leevantenza__pilot-63d29f362b3c.png",1021,37,450,508,
generated,"pilot-sheet-097","PILOT-13EC6BA835CC","firstordertestpilot","First Order Test Pilot","assets/source/legacy1e/steamusercontent-a.akamaihd.net/images/asset__9d1653feddb3d6be.png","assets/generated/PilotBaseToken/firstorder/tiesilencer/firstordertestpilot__pilot-13ec6ba835cc.png",33,34,434,521,
generated,"pilot-sheet-098","PILOT-3EA7FF41AB8A","spicerunner","Spice Runner","assets/source/legacy1e/steamusercontent-a.akamaihd.net/images/asset__9fa3eacaa97eb075.jpg","assets/generated/PilotBaseToken/scumandvillainy/hwk290/spicerunner__pilot-3ea7ff41ab8a.png",25,35,450,505,
generated,"pilot-sheet-099","PILOT-E73EEF28DBC2","asajjventress","Asajj Ventress","assets/source/legacy1e/steamusercontent-a.akamaihd.net/images/asset__a001fb6c459d02b9.png","assets/generated/PilotBaseToken/scumandvillainy/lancerclasspursuitcraft/asajjventress__pilot-e73eef28dbc2.png",75,42,597,678,
generated,"pilot-sheet-100","PILOT-333658D8223F","rearadmiralchiraneau","Rear Admiral Chiraneau","assets/source/legacy1e/steamusercontent-a.akamaihd.net/images/asset__a1e17ff2f9beebdd.jpg","assets/generated/PilotBaseToken/galacticempire/vt49decimator/rearadmiralchiraneau__pilot-333658d8223f.png",43,39,924,977,
generated,"pilot-sheet-101","PILOT-A0F3DB878B53","lieutenantkarsabi","Lieutenant Karsabi","assets/source/legacy1e/steamusercontent-a.akamaihd.net/images/asset__a2255d00c6c09113.jpg","assets/generated/PilotBaseToken/galacticempire/alphaclassstarwing/lieutenantkarsabi__pilot-a0f3db878b53.png",23,31,452,512,
generated,"pilot-sheet-102","PILOT-BA7FB595439C","lothalrebel","Lothal Rebel","assets/source/legacy1e/steamusercontent-a.akamaihd.net/images/asset__a28587a196c79e16.jpg","assets/generated/PilotBaseToken/rebelalliance/vcx100/lothalrebel__pilot-ba7fb595439c.png",6,0,943,1032,
generated,"pilot-sheet-103","PILOT-818969B87243","bossk","Bossk","assets/source/legacy1e/steamusercontent-a.akamaihd.net/images/asset__a3cfaa9135262e74.jpg","assets/generated/PilotBaseToken/scumandvillainy/yv666/bossk__pilot-818969b87243.png",41,37,927,966,
generated,"pilot-sheet-104","PILOT-6BCA69AA2E6F","scimitarsquadronpilot","Scimitar Squadron Pilot","assets/source/legacy1e/steamusercontent-a.akamaihd.net/images/asset__a4c0920136fa57ad.jpg","assets/generated/PilotBaseToken/galacticempire/tiebomber/scimitarsquadronpilot__pilot-6bca69aa2e6f.png",24,73,452,506,
generated,"pilot-sheet-105","PILOT-6736E13C64B7","fennrau","Fenn Rau","assets/source/legacy1e/steamusercontent-a.akamaihd.net/images/asset__a6af41a30fdc15ee.jpg","assets/generated/PilotBaseToken/rebelalliance/sheathipedeclassshuttle/fennrau__pilot-6736e13c64b7.png",995,0,433,515,
generated,"pilot-sheet-106","PILOT-20D8BF313D24","captainoicunn","Captain Oicunn","assets/source/legacy1e/steamusercontent-a.akamaihd.net/images/asset__a722e3b695f20f08.jpg","assets/generated/PilotBaseToken/galacticempire/vt49decimator/captainoicunn__pilot-20d8bf313d24.png",43,39,924,977,
generated,"pilot-sheet-107","PILOT-F578A712FB2F","redline","""Redline""","assets/source/legacy1e/steamusercontent-a.akamaihd.net/images/asset__a9a2dd9dc6870c66.jpg","assets/generated/PilotBaseToken/galacticempire/tiepunisher/redline__pilot-f578a712fb2f.png",24,73,452,506,
generated,"pilot-sheet-108","PILOT-DD498FAA74C0","quickdraw","""Quickdraw""","assets/source/legacy1e/steamusercontent-a.akamaihd.net/images/asset__ab8adb2fb4d787ec.png","assets/generated/PilotBaseToken/firstorder/tiesffighter/quickdraw__pilot-dd498faa74c0.png",9,15,427,497,
generated,"pilot-sheet-109","PILOT-9F00C0DDB4E8","ketsuonyo","Ketsu Onyo","assets/source/legacy1e/steamusercontent-a.akamaihd.net/images/asset__ae80120d522a404a.png","assets/generated/PilotBaseToken/scumandvillainy/lancerclasspursuitcraft/ketsuonyo__pilot-9f00c0ddb4e8.png",75,42,597,678,
generated,"pilot-sheet-110","PILOT-1B8C5D844954","deathfire","""Deathfire""","assets/source/legacy1e/steamusercontent-a.akamaihd.net/images/asset__b02206a528ff82c0.png","assets/generated/PilotBaseToken/galacticempire/tiebomber/deathfire__pilot-1b8c5d844954.png",24,73,452,506,
generated,"pilot-sheet-111","PILOT-A1FB4CD13D43","ezrabridger","Ezra Bridger","assets/source/legacy1e/steamusercontent-a.akamaihd.net/images/asset__b50b1b6db57105a6.jpg","assets/generated/PilotBaseToken/rebelalliance/sheathipedeclassshuttle/ezrabridger__pilot-a1fb4cd13d43.png",995,0,433,515,
generated,"pilot-sheet-112","PILOT-F3936AB17701","ig88c","IG-88C","assets/source/legacy1e/steamusercontent-a.akamaihd.net/images/asset__b52c3d72d013ceaf.jpg","assets/generated/PilotBaseToken/scumandvillainy/aggressor/ig88c__pilot-f3936ab17701.png",41,37,927,966,
generated,"pilot-sheet-113","PILOT-04881CC2D835","moraloeval","Moralo Eval","assets/source/legacy1e/steamusercontent-a.akamaihd.net/images/asset__b5702c22e1f3090a.jpg","assets/generated/PilotBaseToken/scumandvillainy/yv666/moraloeval__pilot-04881cc2d835.png",41,37,927,966,
generated,"pilot-sheet-114","PILOT-A4DF0B594BE3","coloneljendon","Colonel Jendon","assets/source/legacy1e/steamusercontent-a.akamaihd.net/images/asset__b5d5d5cf72e82648.jpg","assets/generated/PilotBaseToken/galacticempire/lambdaclassshuttle/coloneljendon__pilot-a4df0b594be3.png",41,37,927,966,
generated,"pilot-sheet-115","PILOT-7D6B4693D0CC","wardensquadronpilot","Warden Squadron Pilot","assets/source/legacy1e/steamusercontent-a.akamaihd.net/images/asset__b73f48e259f94c7a.jpg","assets/generated/PilotBaseToken/rebelalliance/kwing/wardensquadronpilot__pilot-7d6b4693d0cc.png",24,34,449,506,
generated,"pilot-sheet-116","PILOT-ABFC7C17FCAC","arvelcrynyd","Arvel Crynyd","assets/source/legacy1e/steamusercontent-a.akamaihd.net/images/asset__b9071ee9ca4d83b5.jpg","assets/generated/PilotBaseToken/rebelalliance/awing/arvelcrynyd__pilot-abfc7c17fcac.png",969,416,451,510,
generated,"pilot-sheet-117","PILOT-02501A6A0AA0","zuckuss","Zuckuss","assets/source/legacy1e/steamusercontent-a.akamaihd.net/images/asset__b9203c0314cdfe2d.jpg","assets/generated/PilotBaseToken/scumandvillainy/g1astarfighter/zuckuss__pilot-02501a6a0aa0.png",25,35,451,508,
generated,"pilot-sheet-118","PILOT-54CD395BE440","dalanoberos","Dalan Oberos","assets/source/legacy1e/steamusercontent-a.akamaihd.net/images/asset__b9cca8a13d1b9614.png","assets/generated/PilotBaseToken/scumandvillainy/m12lkimogilafighter/dalanoberos__pilot-54cd395be440.png",31,28,439,528,
generated,"pilot-sheet-119","PILOT-F72AA964C4DE","blacksunenforcer","Black Sun Enforcer","assets/source/legacy1e/steamusercontent-a.akamaihd.net/images/asset__b9e58f63e4cb7887.jpg","assets/generated/PilotBaseToken/scumandvillainy/starviper/blacksunenforcer__pilot-f72aa964c4de.png",24,34,451,504,
generated,"pilot-sheet-120","PILOT-E5B046CE0938","corranhorn","Corran Horn","assets/source/legacy1e/steamusercontent-a.akamaihd.net/images/asset__bbd4152ba4e36d5d.jpg","assets/generated/PilotBaseToken/rebelalliance/ewing/corranhorn__pilot-e5b046ce0938.png",24,32,452,508,
generated,"pilot-sheet-121","PILOT-666D323B9384","tempestsquadronpilot","Tempest Squadron Pilot","assets/source/legacy1e/steamusercontent-a.akamaihd.net/images/asset__bcd097999b97995a.jpg","assets/generated/PilotBaseToken/galacticempire/tieadvanced/tempestsquadronpilot__pilot-666d323b9384.png",21,30,458,511,
generated,"pilot-sheet-122","PILOT-4405E8F8586F","omicrongrouppilot","Omicron Group Pilot","assets/source/legacy1e/steamusercontent-a.akamaihd.net/images/asset__bcec43fd2f22948f.jpg","assets/generated/PilotBaseToken/galacticempire/lambdaclassshuttle/omicrongrouppilot__pilot-4405e8f8586f.png",41,37,927,966,
generated,"pilot-sheet-123","PILOT-43214C180796","lokrevenant","Lok Revenant","assets/source/legacy1e/steamusercontent-a.akamaihd.net/images/asset__bdc4f60f73995490.png","assets/generated/PilotBaseToken/scumandvillainy/scurrgh6bomber/lokrevenant__pilot-43214c180796.png",27,38,281,317,
generated,"pilot-sheet-124","PILOT-91F3D05B5EA1","dutchvander","""Dutch"" Vander","assets/source/legacy1e/steamusercontent-a.akamaihd.net/images/asset__befe00aee8b10b7f.jpg","assets/generated/PilotBaseToken/rebelalliance/ywing/dutchvander__pilot-91f3d05b5ea1.png",24,35,450,508,
generated,"pilot-sheet-125","PILOT-6F908E59D57F","poedameron-swx57","Poe Dameron","assets/source/legacy1e/steamusercontent-a.akamaihd.net/images/asset__bf4b5787efe937b3.png","assets/generated/PilotBaseToken/resistance/t70xwing/poedameron-swx57__pilot-6f908e59d57f.png",5,10,435,498,
generated,"pilot-sheet-126","PILOT-19D285178AC9","gemmersojan","Gemmer Sojan","assets/source/legacy1e/steamusercontent-a.akamaihd.net/images/asset__bf9278b4260ea961.jpg","assets/generated/PilotBaseToken/rebelalliance/awing/gemmersojan__pilot-19d285178ac9.png",969,1006,451,510,
generated,"pilot-sheet-126","PILOT-82934A2FA2F1","greensquadronpilot","Green Squadron Pilot","assets/source/legacy1e/steamusercontent-a.akamaihd.net/images/asset__bf9278b4260ea961.jpg","assets/generated/PilotBaseToken/rebelalliance/awing/greensquadronpilot__pilot-82934a2fa2f1.png",1468,416,451,510,
generated,"pilot-sheet-127","PILOT-41C7BEBD81D9","hiredgun","Hired Gun","assets/source/legacy1e/steamusercontent-a.akamaihd.net/images/asset__c11f0b0c5569b188.jpg","assets/generated/PilotBaseToken/scumandvillainy/ywing/hiredgun__pilot-41c7bebd81d9.png",24,35,450,508,
generated,"pilot-sheet-128","PILOT-989DFFE571D6","serissu","Serissu","assets/source/legacy1e/steamusercontent-a.akamaihd.net/images/asset__c2c20e05b16f9336.jpg","assets/generated/PilotBaseToken/scumandvillainy/m3ainterceptor/serissu__pilot-989dffe571d6.png",27,35,451,510,
generated,"pilot-sheet-129","PILOT-5A913DE74C65","airencracken","Airen Cracken","assets/source/legacy1e/steamusercontent-a.akamaihd.net/images/asset__c4a6b653de4bd51e.jpg","assets/generated/PilotBaseToken/rebelalliance/z95headhunter/airencracken__pilot-5a913de74c65.png",24,33,450,504,
generated,"pilot-sheet-130","PILOT-18166CD2AACD","cartelmarauder","Cartel Marauder","assets/source/legacy1e/steamusercontent-a.akamaihd.net/images/asset__c8c2ec297394f8f6.png","assets/generated/PilotBaseToken/scumandvillainy/kihraxzfighter/cartelmarauder__pilot-18166cd2aacd.png",20,31,455,512,
generated,"pilot-sheet-131","PILOT-D128BD38A4EB","lattsrazzi","Latts Razzi","assets/source/legacy1e/steamusercontent-a.akamaihd.net/images/asset__c9bee59c36adbb41.jpg","assets/generated/PilotBaseToken/scumandvillainy/yv666/lattsrazzi__pilot-d128bd38a4eb.png",41,37,927,966,
generated,"pilot-sheet-132","PILOT-4324FB797B41","dalanoberos","Dalan Oberos","assets/source/legacy1e/steamusercontent-a.akamaihd.net/images/asset__c9d335848f3ae246.png","assets/generated/PilotBaseToken/scumandvillainy/starviper/dalanoberos__pilot-4324fb797b41.png",24,34,451,504,
generated,"pilot-sheet-133","PILOT-3A312B3BC35F","herasyndulla","Hera Syndulla","assets/source/legacy1e/steamusercontent-a.akamaihd.net/images/asset__ca35a99351fca329.jpg","assets/generated/PilotBaseToken/rebelalliance/attackshuttle/herasyndulla__pilot-3a312b3bc35f.png",995,0,433,507,
generated,"pilot-sheet-133","PILOT-4B3605E8AAE6","herasyndulla","Hera Syndulla","assets/source/legacy1e/steamusercontent-a.akamaihd.net/images/asset__ca35a99351fca329.jpg","assets/generated/PilotBaseToken/rebelalliance/vcx100/herasyndulla__pilot-4b3605e8aae6.png",6,0,943,1032,
generated,"pilot-sheet-134","PILOT-54C91594FE87","cassianandor","Cassian Andor","assets/source/legacy1e/steamusercontent-a.akamaihd.net/images/asset__cbe3d2c0a7e07b45.png","assets/generated/PilotBaseToken/rebelalliance/uwing/cassianandor__pilot-54c91594fe87.png",815,1142,430,477,
generated,"pilot-sheet-135","PILOT-8027C5B39295","ezrabridger","Ezra Bridger","assets/source/legacy1e/steamusercontent-a.akamaihd.net/images/asset__cbf384b34d6aa8f8.jpg","assets/generated/PilotBaseToken/rebelalliance/attackshuttle/ezrabridger__pilot-8027c5b39295.png",995,0,433,507,
generated,"pilot-sheet-135","PILOT-3E85BCEF81A8","kananjarrus","Kanan Jarrus","assets/source/legacy1e/steamusercontent-a.akamaihd.net/images/asset__cbf384b34d6aa8f8.jpg","assets/generated/PilotBaseToken/rebelalliance/vcx100/kananjarrus__pilot-3e85bcef81a8.png",6,0,943,1032,
generated,"pilot-sheet-136","PILOT-93894EBA60F9","hansolo","Han Solo","assets/source/legacy1e/steamusercontent-a.akamaihd.net/images/asset__ccb0d2e08e9cd6cc.jpg","assets/generated/PilotBaseToken/rebelalliance/yt1300/hansolo__pilot-93894eba60f9.png",39,36,930,993,
generated,"pilot-sheet-137","PILOT-D23BF9016C0D","inaldra","Inaldra","assets/source/legacy1e/steamusercontent-a.akamaihd.net/images/asset__cd0d22c8f4347996.png","assets/generated/PilotBaseToken/scumandvillainy/m3ainterceptor/inaldra__pilot-d23bf9016c0d.png",27,35,451,510,
generated,"pilot-sheet-138","PILOT-FE672ED5EA46","gandfindsman","Gand Findsman","assets/source/legacy1e/steamusercontent-a.akamaihd.net/images/asset__cfac7c679683abfc.jpg","assets/generated/PilotBaseToken/scumandvillainy/g1astarfighter/gandfindsman__pilot-fe672ed5ea46.png",25,35,451,508,
generated,"pilot-sheet-139","PILOT-3D71D27165EA","toranikulda","Torani Kulda","assets/source/legacy1e/steamusercontent-a.akamaihd.net/images/asset__d20434c33edde0ed.png","assets/generated/PilotBaseToken/scumandvillainy/m12lkimogilafighter/toranikulda__pilot-3d71d27165ea.png",31,28,439,528,
generated,"pilot-sheet-140","PILOT-782C47437218","wildspacefringer","Wild Space Fringer","assets/source/legacy1e/steamusercontent-a.akamaihd.net/images/asset__d382c67e280ab176.jpg","assets/generated/PilotBaseToken/rebelalliance/yt2400/wildspacefringer__pilot-782c47437218.png",41,37,924,965,
generated,"pilot-sheet-141","PILOT-2303FF614CAF","starkillerbasepilot","Starkiller Base Pilot","assets/source/legacy1e/steamusercontent-a.akamaihd.net/images/asset__d398213884accbf0.png","assets/generated/PilotBaseToken/firstorder/upsilonclassshuttle/starkillerbasepilot__pilot-2303ff614caf.png",18,18,974,1005,
generated,"pilot-sheet-142","PILOT-FBBD2835AF68","teltrevura","Tel Trevura","assets/source/legacy1e/steamusercontent-a.akamaihd.net/images/asset__d71c337fc09e0da9.jpg","assets/generated/PilotBaseToken/scumandvillainy/jumpmaster5000/teltrevura__pilot-fbbd2835af68.png",41,37,927,966,
generated,"pilot-sheet-143","PILOT-D7F4D8FFEF99","bountyhunter","Bounty Hunter","assets/source/legacy1e/steamusercontent-a.akamaihd.net/images/asset__dd936d7ad2ac1b8b.jpg","assets/generated/PilotBaseToken/galacticempire/firespray31/bountyhunter__pilot-d7f4d8ffef99.png",41,37,927,1020,
generated,"pilot-sheet-144","PILOT-6E45DDA6A55F","biggsdarklighter","Biggs Darklighter","assets/source/legacy1e/steamusercontent-a.akamaihd.net/images/asset__de7f7833467986a1.jpg","assets/generated/PilotBaseToken/rebelalliance/xwing/biggsdarklighter__pilot-6e45dda6a55f.png",1021,629,450,508,
generated,"pilot-sheet-144","PILOT-13315D365D27","garvendreis","Garven Dreis","assets/source/legacy1e/steamusercontent-a.akamaihd.net/images/asset__de7f7833467986a1.jpg","assets/generated/PilotBaseToken/rebelalliance/xwing/garvendreis__pilot-13315d365d27.png",524,37,450,508,
generated,"pilot-sheet-144","PILOT-73CCA504AA40","wedgeantilles","Wedge Antilles","assets/source/legacy1e/steamusercontent-a.akamaihd.net/images/asset__de7f7833467986a1.jpg","assets/generated/PilotBaseToken/rebelalliance/xwing/wedgeantilles__pilot-73cca504aa40.png",24,37,450,508,
generated,"pilot-sheet-145","PILOT-5E5A8B3D8F0A","dacebonearm","Dace Bonearm","assets/source/legacy1e/steamusercontent-a.akamaihd.net/images/asset__e06ad4dfec665dde.jpg","assets/generated/PilotBaseToken/scumandvillainy/hwk290/dacebonearm__pilot-5e5a8b3d8f0a.png",25,35,450,505,
generated,"pilot-sheet-146","PILOT-A0AE862C1758","jakefarrell","Jake Farrell","assets/source/legacy1e/steamusercontent-a.akamaihd.net/images/asset__e2f5bbe9505b7e7b.jpg","assets/generated/PilotBaseToken/rebelalliance/awing/jakefarrell__pilot-a0ae862c1758.png",472,1006,451,510,
generated,"pilot-sheet-147","PILOT-01CF39ABD27A","zetasquadronpilot","Zeta Squadron Pilot","assets/source/legacy1e/steamusercontent-a.akamaihd.net/images/asset__e52b3d40c9434835.png","assets/generated/PilotBaseToken/firstorder/tiefofighter/zetasquadronpilot__pilot-01cf39abd27a.png",9,15,427,497,
generated,"pilot-sheet-148","PILOT-2699BB62E4DA","majorrhymer","Major Rhymer","assets/source/legacy1e/steamusercontent-a.akamaihd.net/images/asset__e59c4a387e1a8612.jpg","assets/generated/PilotBaseToken/galacticempire/tiebomber/majorrhymer__pilot-2699bb62e4da.png",24,73,452,506,
generated,"pilot-sheet-149","PILOT-40E4C0339168","partisanrenegade","Partisan Renegade","assets/source/legacy1e/steamusercontent-a.akamaihd.net/images/asset__e78024cfec97ccf4.png","assets/generated/PilotBaseToken/rebelalliance/uwing/partisanrenegade__pilot-40e4c0339168.png",815,1142,430,477,
generated,"pilot-sheet-150","PILOT-94A1E988D420","lieutenantblount","Lieutenant Blount","assets/source/legacy1e/steamusercontent-a.akamaihd.net/images/asset__e9974f4b5c04ff70.jpg","assets/generated/PilotBaseToken/rebelalliance/z95headhunter/lieutenantblount__pilot-94a1e988d420.png",24,33,450,504,
generated,"pilot-sheet-151","PILOT-39582D5DAD5C","palobgodalhi","Palob Godalhi","assets/source/legacy1e/steamusercontent-a.akamaihd.net/images/asset__e9f1cb1cfdd09180.jpg","assets/generated/PilotBaseToken/scumandvillainy/hwk290/palobgodalhi__pilot-39582d5dad5c.png",25,35,450,505,
generated,"pilot-sheet-152","PILOT-0EEE1974B721","countessryad","Countess Ryad","assets/source/legacy1e/steamusercontent-a.akamaihd.net/images/asset__ea547c1dff2119e2.png","assets/generated/PilotBaseToken/galacticempire/tiedefender/countessryad__pilot-0eee1974b721.png",25,35,448,504,
generated,"pilot-sheet-153","PILOT-018CB30BE480","obsidiansquadronpilot","Obsidian Squadron Pilot","assets/source/legacy1e/steamusercontent-a.akamaihd.net/images/asset__eb28ba3b0e2c290d.png","assets/generated/PilotBaseToken/galacticempire/tiefighter/obsidiansquadronpilot__pilot-018cb30be480.png",32,42,456,510,
generated,"pilot-sheet-154","PILOT-FEEF6D0DA6D8","kylekatarn","Kyle Katarn","assets/source/legacy1e/steamusercontent-a.akamaihd.net/images/asset__eced59873189ee96.jpg","assets/generated/PilotBaseToken/rebelalliance/hwk290/kylekatarn__pilot-feef6d0da6d8.png",25,35,450,505,
generated,"pilot-sheet-155","PILOT-6BE5FCD8CD1A","kadsolus","Kad Solus","assets/source/legacy1e/steamusercontent-a.akamaihd.net/images/asset__eecd9a22a38e56f2.png","assets/generated/PilotBaseToken/scumandvillainy/protectoratestarfighter/kadsolus__pilot-6be5fcd8cd1a.png",30,31,212,244,
generated,"pilot-sheet-156","PILOT-9FF20AE8C7AB","cartelspacer","Cartel Spacer","assets/source/legacy1e/steamusercontent-a.akamaihd.net/images/asset__f070c97abcf335e3.jpg","assets/generated/PilotBaseToken/scumandvillainy/m3ainterceptor/cartelspacer__pilot-9ff20ae8c7ab.png",27,35,451,510,
generated,"pilot-sheet-157","PILOT-75CA1AC0B24B","binayrepirate","Binayre Pirate","assets/source/legacy1e/steamusercontent-a.akamaihd.net/images/asset__f2685b96e319f2dc.jpg","assets/generated/PilotBaseToken/scumandvillainy/z95headhunter/binayrepirate__pilot-75ca1ac0b24b.png",24,33,450,504,
generated,"pilot-sheet-158","PILOT-B618B90B5E10","trandoshanslaver","Trandoshan Slaver","assets/source/legacy1e/steamusercontent-a.akamaihd.net/images/asset__f4359359768a4bea.jpg","assets/generated/PilotBaseToken/scumandvillainy/yv666/trandoshanslaver__pilot-b618b90b5e10.png",41,37,927,966,
generated,"pilot-sheet-159","PILOT-80A485DC5242","captainkagi","Captain Kagi","assets/source/legacy1e/steamusercontent-a.akamaihd.net/images/asset__f47d513e7c69022d.jpg","assets/generated/PilotBaseToken/galacticempire/lambdaclassshuttle/captainkagi__pilot-80a485dc5242.png",41,37,927,966,
generated,"pilot-sheet-160","PILOT-E36B6ADA5CD4","majorvynder","Major Vynder","assets/source/legacy1e/steamusercontent-a.akamaihd.net/images/asset__f60079774097c6e1.jpg","assets/generated/PilotBaseToken/galacticempire/alphaclassstarwing/majorvynder__pilot-e36b6ada5cd4.png",23,31,452,512,
generated,"pilot-sheet-161","PILOT-CF7DB3C80A89","tennumb","Ten Numb","assets/source/legacy1e/steamusercontent-a.akamaihd.net/images/asset__f9d7b7f88a169996.jpg","assets/generated/PilotBaseToken/rebelalliance/bwing/tennumb__pilot-cf7db3c80a89.png",25,35,451,508,
generated,"pilot-sheet-162","PILOT-F4184700D1DA","janors","Jan Ors","assets/source/legacy1e/steamusercontent-a.akamaihd.net/images/asset__fe2a679015d845c5.jpg","assets/generated/PilotBaseToken/rebelalliance/hwk290/janors__pilot-f4184700d1da.png",25,35,450,505,
generated,"pilot-sheet-163","PILOT-FC4E49F9AF99","hefftobber","Heff Tobber","assets/source/legacy1e/steamusercontent-a.akamaihd.net/other/asset__00212d35a60a2976.png","assets/generated/PilotBaseToken/rebelalliance/uwing/hefftobber__pilot-fc4e49f9af99.png",815,1142,430,477,
generated,"pilot-sheet-164","PILOT-23C52D18FCC8","fennrau","Fenn Rau","assets/source/legacy1e/steamusercontent-a.akamaihd.net/other/asset__11a4cb00a7691e6a.png","assets/generated/PilotBaseToken/scumandvillainy/protectoratestarfighter/fennrau__pilot-23c52d18fcc8.png",30,31,212,244,
generated,"pilot-sheet-165","PILOT-C280AC2074B3","captainrex","Captain Rex","assets/source/legacy1e/steamusercontent-a.akamaihd.net/other/asset__1248f3c878f1f0a5.png","assets/generated/PilotBaseToken/rebelalliance/tiefighter/captainrex__pilot-c280ac2074b3.png",32,42,456,510,
generated,"pilot-sheet-166","PILOT-40A82A73B01F","captainnym","Captain Nym","assets/source/legacy1e/steamusercontent-a.akamaihd.net/other/asset__270c2482690a5731.png","assets/generated/PilotBaseToken/scumandvillainy/scurrgh6bomber/captainnym__pilot-40a82a73b01f.png",27,38,281,317,
generated,"pilot-sheet-167","PILOT-8A9E83FBEE45","shadowporthunter","Shadowport Hunter","assets/source/legacy1e/steamusercontent-a.akamaihd.net/other/asset__3bbda7c129bcb4e0.png","assets/generated/PilotBaseToken/scumandvillainy/lancerclasspursuitcraft/shadowporthunter__pilot-8a9e83fbee45.png",75,42,597,678,
generated,"pilot-sheet-168","PILOT-CE8814AF4A55","lieutenantdormitz","Lieutenant Dormitz","assets/source/legacy1e/steamusercontent-a.akamaihd.net/other/asset__44c6141bf7b66f45.png","assets/generated/PilotBaseToken/firstorder/upsilonclassshuttle/lieutenantdormitz__pilot-ce8814af4a55.png",18,18,974,1005,
generated,"pilot-sheet-169","PILOT-CD598BB7C3BD","sabinewren","Sabine Wren","assets/source/legacy1e/steamusercontent-a.akamaihd.net/other/asset__6399115905c4dff2.png","assets/generated/PilotBaseToken/scumandvillainy/lancerclasspursuitcraft/sabinewren__pilot-cd598bb7c3bd.png",75,42,597,678,
generated,"pilot-sheet-170","PILOT-5C3E62A09DB1","constablezuvio","Constable Zuvio","assets/source/legacy1e/steamusercontent-a.akamaihd.net/other/asset__7397588122ee10dc.png","assets/generated/PilotBaseToken/scumandvillainy/quadjumper/constablezuvio__pilot-5c3e62a09db1.png",24,31,211,243,
generated,"pilot-sheet-171","PILOT-A3C94DEA1FDD","jakkugunrunner","Jakku Gunrunner","assets/source/legacy1e/steamusercontent-a.akamaihd.net/other/asset__99ca394b4a5a3ac4.png","assets/generated/PilotBaseToken/scumandvillainy/quadjumper/jakkugunrunner__pilot-a3c94dea1fdd.png",24,31,211,243,
generated,"pilot-sheet-172","PILOT-C52E6EAB9ED5","zealousrecruit","Zealous Recruit","assets/source/legacy1e/steamusercontent-a.akamaihd.net/other/asset__a8f5fe0246709993.png","assets/generated/PilotBaseToken/scumandvillainy/protectoratestarfighter/zealousrecruit__pilot-c52e6eab9ed5.png",30,31,212,244,
generated,"pilot-sheet-173","PILOT-0CCB6DEA3E06","lieutenantkestal","Lieutenant Kestal","assets/source/legacy1e/steamusercontent-a.akamaihd.net/other/asset__b31888e41b3fa302.png","assets/generated/PilotBaseToken/galacticempire/tieaggressor/lieutenantkestal__pilot-0ccb6dea3e06.png",14,15,252,286,
generated,"pilot-sheet-174","PILOT-6A68ADF29BDA","zeborrelios","""Zeb"" Orrelios","assets/source/legacy1e/steamusercontent-a.akamaihd.net/other/asset__b80f8b192eeb9801.png","assets/generated/PilotBaseToken/rebelalliance/tiefighter/zeborrelios__pilot-6a68adf29bda.png",32,42,456,510,
generated,"pilot-sheet-175","PILOT-212219B823A7","talonbanecobra","Talonbane Cobra","assets/source/legacy1e/steamusercontent-a.akamaihd.net/other/asset__fd3611066d36b27d.png","assets/generated/PilotBaseToken/scumandvillainy/kihraxzfighter/talonbanecobra__pilot-212219b823a7.png",20,31,455,512,
