status,pilotId,targetId,displayName,faction,ship,sourceRepositoryPath,outputRepositoryPath,x,y,width,height,message
recovered,"rebelalliance::uwing::bluesquadronpathfinder","bluesquadronpathfinder","Blue Squadron Pathfinder","Rebel Alliance","U-wing","assets/source/legacy1e/steamusercontent-a.akamaihd.net/other/asset__a1a7f59f6416dd22.png","assets/generated/PilotBaseToken/rebel-alliance/u-wing/bluesquadronpathfinder__pilot-aed84ccabd06.png",817,1142,430,475,
recovered,"galacticempire::tieaggressor::onyxsquadronescort","onyxsquadronescort","Onyx Squadron Escort","Galactic Empire","TIE Aggressor","assets/source/legacy1e/steamusercontent-a.akamaihd.net/other/asset__921fbbc8e48665e2.png","assets/generated/PilotBaseToken/galactic-empire/tie-aggressor/onyxsquadronescort__pilot-11ec1b262bd8.png",15,16,251,284,
recovered,"galacticempire::tiepunisher::blackeightsqpilot","blackeightsqpilot","Black Eight Squadron Pilot","Galactic Empire","TIE Punisher","assets/source/legacy1e/steamusercontent-a.akamaihd.net/images/asset__087c5068aeefcd44.jpg","assets/generated/PilotBaseToken/galactic-empire/tie-punisher/blackeightsqpilot__pilot-93bea03f4cbe.png",26,73,449,506,
recovered,"galacticempire::tiebomber::gammasquadronveteran","gammasquadronveteran","Gamma Squadron Veteran","Galactic Empire","TIE Bomber","assets/source/legacy1e/steamusercontent-a.akamaihd.net/images/asset__0ea862bb5cb65f7c.png","assets/generated/PilotBaseToken/galactic-empire/tie-bomber/gammasquadronveteran__pilot-c1b278be03e2.png",25,73,449,505,
recovered,"galacticempire::tiebomber::gammasquadronpilot","gammasquadronpilot","Gamma Squadron Pilot","Galactic Empire","TIE Bomber","assets/source/legacy1e/steamusercontent-a.akamaihd.net/images/asset__1b736b8e3858a393.jpg","assets/generated/PilotBaseToken/galactic-empire/tie-bomber/gammasquadronpilot__pilot-b8141f8d7b11.png",25,73,449,505,
recovered,"firstorder::tiesilencer::sienarjaemusanalyst","sienarjaemusanalyst","Sienar-Jaemus Analyst","First Order","TIE Silencer","assets/source/legacy1e/steamusercontent-a.akamaihd.net/images/asset__fbd02e039fd20ba4.png","assets/generated/PilotBaseToken/first-order/tie-silencer/sienarjaemusanalyst__pilot-730027847efe.png",34,35,433,520,
recovered,"firstorder::tiesilencer::testpilotblackout","testpilotblackout","Test Pilot ""Blackout""","First Order","TIE Silencer","assets/source/legacy1e/steamusercontent-a.akamaihd.net/images/asset__2749315e7bd4122b.png","assets/generated/PilotBaseToken/first-order/tie-silencer/testpilotblackout__pilot-43533a4d2203.png",34,35,433,520,
recovered,"firstorder::tiefofighter::epsilonace","epsilonace","""Epsilon Ace""","First Order","TIE/fo Fighter","assets/source/legacy1e/steamusercontent-a.akamaihd.net/images/asset__6021444333fb6b54.png","assets/generated/PilotBaseToken/first-order/tie-fo-fighter/epsilonace__pilot-fd288ae4c7d0.png",7,10,431,495,
recovered,"firstorder::tiefofighter::epsilonleader","epsilonleader","""Epsilon Leader""","First Order","TIE/fo Fighter","assets/source/legacy1e/steamusercontent-a.akamaihd.net/images/asset__e7274eec890b971d.png","assets/generated/PilotBaseToken/first-order/tie-fo-fighter/epsilonleader__pilot-d905ccfeb611.png",7,10,431,495,
recovered,"firstorder::tiefofighter::omegaace","omegaace","""Omega Ace""","First Order","TIE/fo Fighter","assets/source/legacy1e/steamusercontent-a.akamaihd.net/images/asset__a94bfda697939780.png","assets/generated/PilotBaseToken/first-order/tie-fo-fighter/omegaace__pilot-6981ba3839af.png",7,10,431,495,
recovered,"firstorder::tiefofighter::omegaleader","omegaleader","""Omega Leader""","First Order","TIE/fo Fighter","assets/source/legacy1e/steamusercontent-a.akamaihd.net/images/asset__929cb78c320fe62d.png","assets/generated/PilotBaseToken/first-order/tie-fo-fighter/omegaleader__pilot-eece3bbbb784.png",7,10,431,495,
recovered,"firstorder::tiefofighter::zetaace","zetaace","""Zeta Ace""","First Order","TIE/fo Fighter","assets/source/legacy1e/steamusercontent-a.akamaihd.net/images/asset__8779e716f671e0a4.png","assets/generated/PilotBaseToken/first-order/tie-fo-fighter/zetaace__pilot-641484ae5c95.png",7,10,431,495,
recovered,"firstorder::tiefofighter::zetaleader","zetaleader","""Zeta Leader""","First Order","TIE/fo Fighter","assets/source/legacy1e/steamusercontent-a.akamaihd.net/images/asset__5f0b5b7e23af2712.png","assets/generated/PilotBaseToken/first-order/tie-fo-fighter/zetaleader__pilot-d5006b65d981.png",7,10,431,495,
recovered,"firstorder::tiefofighter::epsilonsquadronpilot","epsilonsquadronpilot","Epsilon Squadron Pilot","First Order","TIE/fo Fighter","assets/source/legacy1e/steamusercontent-a.akamaihd.net/images/asset__6432aa2954081d75.png","assets/generated/PilotBaseToken/first-order/tie-fo-fighter/epsilonsquadronpilot__pilot-79a2c367a956.png",7,10,431,495,
recovered,"firstorder::tiefofighter::omegasquadronpilot","omegasquadronpilot","Omega Squadron Pilot","First Order","TIE/fo Fighter","assets/source/legacy1e/steamusercontent-a.akamaihd.net/images/asset__93f771ebe9655b77.png","assets/generated/PilotBaseToken/first-order/tie-fo-fighter/omegasquadronpilot__pilot-e22e0f82c2a8.png",7,10,431,495,
recovered,"firstorder::tiesffighter::omegaspecialist","omegaspecialist","Omega Specialist","First Order","TIE/sf Fighter","assets/source/legacy1e/steamusercontent-a.akamaihd.net/images/asset__7d15742b170136f9.png","assets/generated/PilotBaseToken/first-order/tie-sf-fighter/omegaspecialist__pilot-2724127d2e7c.png",7,10,431,506,
recovered,"firstorder::tiesffighter::zetaspecialist","zetaspecialist","Zeta Specialist","First Order","TIE/sf Fighter","assets/source/legacy1e/steamusercontent-a.akamaihd.net/images/asset__f04a15569b7ae6cf.png","assets/generated/PilotBaseToken/first-order/tie-sf-fighter/zetaspecialist__pilot-a5c5858434ee.png",7,10,431,506,
recovered,"firstorder::upsilonclassshuttle::kyloren","kyloren","Kylo Ren","First Order","Upsilon-class Shuttle","assets/source/legacy1e/steamusercontent-a.akamaihd.net/images/asset__fbbff8877613c16a.jpg","assets/generated/PilotBaseToken/first-order/upsilon-class-shuttle/kyloren__pilot-d10c643b9d5f.png",30,25,955,1011,
recovered,"galacticempire::alphaclassstarwing::rhosquadronveteran","rhosquadronveteran","Rho Squadron Veteran","Galactic Empire","Alpha-class Star Wing","assets/source/legacy1e/steamusercontent-a.akamaihd.net/images/asset__17eb51f2a51e4404.jpg","assets/generated/PilotBaseToken/galactic-empire/alpha-class-star-wing/rhosquadronveteran__pilot-dfb086f68e10.png",25,33,448,505,
recovered,"galacticempire::firespray31::bobafett","bobafett","Boba Fett","Galactic Empire","Firespray-31","assets/source/legacy1e/steamusercontent-a.akamaihd.net/images/asset__b3bee5dd3a2f9ce2.jpg","assets/generated/PilotBaseToken/galactic-empire/firespray-31/bobafett__pilot-ad1363e77593.png",47,44,913,1008,
recovered,"galacticempire::firespray31::kathscarlet","kathscarlet","Kath Scarlet","Galactic Empire","Firespray-31","assets/source/legacy1e/steamusercontent-a.akamaihd.net/images/asset__c5ee6bb1a35a39b5.jpg","assets/generated/PilotBaseToken/galactic-empire/firespray-31/kathscarlet__pilot-00da478ba942.png",47,44,913,1008,
recovered,"galacticempire::lambdaclassshuttle::captainyorr","captainyorr","Captain Yorr","Galactic Empire","Lambda-class Shuttle","assets/source/legacy1e/steamusercontent-a.akamaihd.net/images/asset__62c8264aa5d9ebd7.jpg","assets/generated/PilotBaseToken/galactic-empire/lambda-class-shuttle/captainyorr__pilot-43e9bd60c76a.png",47,44,913,1008,
recovered,"galacticempire::vt49decimator::commanderkenkirk","commanderkenkirk","Commander Kenkirk","Galactic Empire","VT-49 Decimator","assets/source/legacy1e/steamusercontent-a.akamaihd.net/images/asset__f7aa5ccad91d322f.jpg","assets/generated/PilotBaseToken/galactic-empire/vt-49-decimator/commanderkenkirk__pilot-a2eb04a922ed.png",47,44,913,1003,
recovered,"rebelalliance::yt2400::eadenvrill","eadenvrill","Eaden Vrill","Rebel Alliance","YT-2400","assets/source/legacy1e/steamusercontent-a.akamaihd.net/images/asset__d540095bcc8c7add.jpg","assets/generated/PilotBaseToken/rebel-alliance/yt-2400/eadenvrill__pilot-e27fb236c4f3.png",47,44,913,1003,
recovered,"resistance::bsf17bomber::cobaltleader","cobaltleader","""Cobalt Leader""","Resistance","B/SF-17 Bomber","assets/source/legacy1e/steamusercontent-a.akamaihd.net/images/asset__05bd03057431458d.png","assets/generated/PilotBaseToken/resistance/b-sf-17-bomber/cobaltleader__pilot-c7808aa70880.png",41,44,923,1008,
recovered,"scumandvillainy::firespray31::mandalorianmercenary","mandalorianmercenary","Mandalorian Mercenary","Scum and Villainy","Firespray-31","assets/source/legacy1e/steamusercontent-a.akamaihd.net/images/asset__82dc8e3d13f00177.jpg","assets/generated/PilotBaseToken/scum-and-villainy/firespray-31/mandalorianmercenary__pilot-68f3ca6c10e9.png",47,44,913,1008,
recovered,"resistance::bsf17bomber::crimsonleader","crimsonleader","""Crimson Leader""","Resistance","B/SF-17 Bomber","assets/source/legacy1e/steamusercontent-a.akamaihd.net/images/asset__cb7a778a35f1ab74.png","assets/generated/PilotBaseToken/resistance/b-sf-17-bomber/crimsonleader__pilot-3da13f089413.png",41,44,923,1008,
recovered,"resistance::bsf17bomber::crimsonspecialist","crimsonspecialist","""Crimson Specialist""","Resistance","B/SF-17 Bomber","assets/source/legacy1e/steamusercontent-a.akamaihd.net/images/asset__10b74ebdc73a4cd2.png","assets/generated/PilotBaseToken/resistance/b-sf-17-bomber/crimsonspecialist__pilot-10b061cebaf0.png",41,44,923,1008,
recovered,"resistance::bsf17bomber::crimsonsquadronpilot","crimsonsquadronpilot","Crimson Squadron Pilot","Resistance","B/SF-17 Bomber","assets/source/legacy1e/steamusercontent-a.akamaihd.net/images/asset__522d74291f3e2e14.png","assets/generated/PilotBaseToken/resistance/b-sf-17-bomber/crimsonsquadronpilot__pilot-4c96b892b2d4.png",41,44,923,1008,
recovered,"rebelalliance::xwing::rookiepilot","rookiepilot","Rookie Pilot","Rebel Alliance","X-wing","assets/source/legacy1e/steamusercontent-a.akamaihd.net/images/asset__479ac4c40d60d726.png","assets/generated/PilotBaseToken/rebel-alliance/x-wing/rookiepilot__pilot-0cc0aca52946.png",1025,1214,447,513,
recovered,"rebelalliance::xwing::redsquadronpilot","redsquadronpilot","Red Squadron Pilot","Rebel Alliance","X-wing","assets/source/legacy1e/steamusercontent-a.akamaihd.net/images/asset__de7f7833467986a1.jpg","assets/generated/PilotBaseToken/rebel-alliance/x-wing/redsquadronpilot__pilot-5dc6032b4a48.png",1025,37,448,509,
recovered,"rebelalliance::xwing::tarnmison","tarnmison","Tarn Mison","Rebel Alliance","X-wing","assets/source/legacy1e/steamusercontent-a.akamaihd.net/images/asset__de7f7833467986a1.jpg","assets/generated/PilotBaseToken/rebel-alliance/x-wing/tarnmison__pilot-8eff5cdf6b4c.png",1524,37,448,509,
recovered,"rebelalliance::xwing::hobbieklivian","hobbieklivian","""Hobbie"" Klivian","Rebel Alliance","X-wing","assets/source/legacy1e/steamusercontent-a.akamaihd.net/images/asset__de7f7833467986a1.jpg","assets/generated/PilotBaseToken/rebel-alliance/x-wing/hobbieklivian__pilot-650063d67e72.png",1025,1215,448,509,
recovered,"rebelalliance::auzituckgunship::wookieeliberator","wookieeliberator","Wookiee Liberator","Rebel Alliance","Auzituck Gunship","assets/source/legacy1e/steamusercontent-a.akamaihd.net/images/asset__22d1b41d46784268.png","assets/generated/PilotBaseToken/rebel-alliance/auzituck-gunship/wookieeliberator__pilot-8e4fdca88e8e.png",17,678,278,329,
recovered,"rebelalliance::arc170::braylenstramm","braylenstramm","Braylen Stramm","Rebel Alliance","ARC-170","assets/source/legacy1e/steamusercontent-a.akamaihd.net/images/asset__d47c3d7b1df4bb8b.jpg","assets/generated/PilotBaseToken/rebel-alliance/arc-170/braylenstramm__pilot-559672c5acf1.png",26,34,445,516,
recovered,"rebelalliance::arc170::thanekyrell","thanekyrell","Thane Kyrell","Rebel Alliance","ARC-170","assets/source/legacy1e/steamusercontent-a.akamaihd.net/images/asset__8607a2723e631383.jpg","assets/generated/PilotBaseToken/rebel-alliance/arc-170/thanekyrell__pilot-f24f4c0fdc1d.png",26,34,445,516,
recovered,"scumandvillainy::z95headhunter::nashtahpuppilot","nashtahpuppilot","Nashtah Pup Pilot","Scum and Villainy","Z-95 Headhunter","assets/source/legacy1e/steamusercontent-a.akamaihd.net/images/asset__1ecc570f5ef1037c.png","assets/generated/PilotBaseToken/scum-and-villainy/z-95-headhunter/nashtahpuppilot__pilot-72f1ca9d274c.png",25,34,448,521,
recovered,"scumandvillainy::ywing::syndicatethug","syndicatethug","Syndicate Thug","Scum and Villainy","Y-wing","assets/source/legacy1e/steamusercontent-a.akamaihd.net/images/asset__374735e7754c1aca.jpg","assets/generated/PilotBaseToken/scum-and-villainy/y-wing/syndicatethug__pilot-af51e58b9ce6.png",25,34,448,521,
recovered,"rebelalliance::ywing::goldsquadronpilot","goldsquadronpilot","Gold Squadron Pilot","Rebel Alliance","Y-wing","assets/source/legacy1e/steamusercontent-a.akamaihd.net/images/asset__6a7b8d7726325ec7.jpg","assets/generated/PilotBaseToken/rebel-alliance/y-wing/goldsquadronpilot__pilot-e24f1d2a662a.png",25,34,448,521,
recovered,"rebelalliance::ywing::graysquadronpilot","graysquadronpilot","Gray Squadron Pilot","Rebel Alliance","Y-wing","assets/source/legacy1e/steamusercontent-a.akamaihd.net/images/asset__6a7b8d7726325ec7.jpg","assets/generated/PilotBaseToken/rebel-alliance/y-wing/graysquadronpilot__pilot-527388f60fb4.png",25,624,448,521,
recovered,"scumandvillainy::starviper::thweek","thweek","Thweek","Scum and Villainy","StarViper","assets/source/legacy1e/steamusercontent-a.akamaihd.net/images/asset__dbc816c1aa07a8d7.png","assets/generated/PilotBaseToken/scum-and-villainy/starviper/thweek__pilot-c91ee69af970.png",26,35,446,523,
recovered,"scumandvillainy::starviper::blacksunvigo","blacksunvigo","Black Sun Vigo","Scum and Villainy","StarViper","assets/source/legacy1e/steamusercontent-a.akamaihd.net/images/asset__510261e24ba08017.png","assets/generated/PilotBaseToken/scum-and-villainy/starviper/blacksunvigo__pilot-6163bfc10154.png",26,35,446,525,
recovered,"scumandvillainy::scurrgh6bomber::karthakkpirate","karthakkpirate","Karthakk Pirate","Scum and Villainy","Scurrg H-6 Bomber","assets/source/legacy1e/steamusercontent-a.akamaihd.net/images/asset__e99d2d77daa8bb04.png","assets/generated/PilotBaseToken/scum-and-villainy/scurrg-h-6-bomber/karthakkpirate__pilot-fa5e5d36dbca.png",10,38,295,329,
recovered,"rebelalliance::scurrgh6bomber::captainnym","captainnym","Captain Nym","Rebel Alliance","Scurrg H-6 Bomber","assets/source/legacy1e/steamusercontent-a.akamaihd.net/other/asset__3bf704ca6e757c26.png","assets/generated/PilotBaseToken/rebel-alliance/scurrg-h-6-bomber/captainnym__pilot-443467780783.png",27,38,278,329,
recovered,"scumandvillainy::protectoratestarfighter::concorddawnveteran","concorddawnveteran","Concord Dawn Veteran","Scum and Villainy","Protectorate Starfighter","assets/source/legacy1e/steamusercontent-a.akamaihd.net/images/asset__cb8fd85fa1a79724.png","assets/generated/PilotBaseToken/scum-and-villainy/protectorate-starfighter/concorddawnveteran__pilot-f98f18cc6d4d.png",32,35,208,248,
recovered,"scumandvillainy::protectoratestarfighter::concorddawnace","concorddawnace","Concord Dawn Ace","Scum and Villainy","Protectorate Starfighter","assets/source/legacy1e/steamusercontent-a.akamaihd.net/other/asset__7a75c3dedef70084.png","assets/generated/PilotBaseToken/scum-and-villainy/protectorate-starfighter/concorddawnace__pilot-f20e3c22e49d.png",32,35,208,248,
recovered,"scumandvillainy::m12lkimogilafighter::cartelbrute","cartelbrute","Cartel Brute","Scum and Villainy","M12-L Kimogila Fighter","assets/source/legacy1e/steamusercontent-a.akamaihd.net/images/asset__43b97025f8481d09.png","assets/generated/PilotBaseToken/scum-and-villainy/m12-l-kimogila-fighter/cartelbrute__pilot-8e3388a632f5.png",31,32,438,521,
recovered,"scumandvillainy::kihraxzfighter::grazthehunter","grazthehunter","Graz the Hunter","Scum and Villainy","Kihraxz Fighter","assets/source/legacy1e/steamusercontent-a.akamaihd.net/images/asset__50263a79cb43a37a.png","assets/generated/PilotBaseToken/scum-and-villainy/kihraxz-fighter/grazthehunter__pilot-ab208b707e08.png",49,63,401,473,
recovered,"scumandvillainy::g1astarfighter::ruthlessfreelancer","ruthlessfreelancer","Ruthless Freelancer","Scum and Villainy","G-1A Starfighter","assets/source/legacy1e/steamusercontent-a.akamaihd.net/images/asset__81224fb4e515e711.jpg","assets/generated/PilotBaseToken/scum-and-villainy/g-1a-starfighter/ruthlessfreelancer__pilot-f12f99b06c53.png",26,36,446,501,
recovered,"resistance::yt1300::rey","rey","Rey","Resistance","YT-1300","assets/source/legacy1e/steamusercontent-a.akamaihd.net/images/asset__d3df896a1b19e2d3.jpg","assets/generated/PilotBaseToken/resistance/yt-1300/rey__pilot-eb36ccfc081b.png",35,33,618,679,
recovered,"resistance::yt1300::resistancesympathizer","resistancesympathizer","Resistance Sympathizer","Resistance","YT-1300","assets/source/legacy1e/steamusercontent-a.akamaihd.net/images/asset__7467530dfe133fbb.jpg","assets/generated/PilotBaseToken/resistance/yt-1300/resistancesympathizer__pilot-a5ca71e30c57.png",51,48,906,995,
recovered,"resistance::t70xwing::blueace","blueace","""Blue Ace""","Resistance","T-70 X-wing","assets/source/legacy1e/steamusercontent-a.akamaihd.net/images/asset__1d5936ef888e42e5.png","assets/generated/PilotBaseToken/resistance/t-70-x-wing/blueace__pilot-239a2913649d.png",8,12,430,492,
recovered,"resistance::t70xwing::redace","redace","""Red Ace""","Resistance","T-70 X-wing","assets/source/legacy1e/steamusercontent-a.akamaihd.net/images/asset__975c8c711f7c65aa.png","assets/generated/PilotBaseToken/resistance/t-70-x-wing/redace__pilot-89695cd3445a.png",8,12,430,492,
recovered,"resistance::t70xwing::snapwexley","snapwexley","""Snap"" Wexley","Resistance","T-70 X-wing","assets/source/legacy1e/steamusercontent-a.akamaihd.net/images/asset__153b577a450f0b6b.png","assets/generated/PilotBaseToken/resistance/t-70-x-wing/snapwexley__pilot-4313f481bfd0.png",8,12,430,492,
recovered,"resistance::t70xwing::bluesquadronnovice","bluesquadronnovice","Blue Squadron Novice","Resistance","T-70 X-wing","assets/source/legacy1e/steamusercontent-a.akamaihd.net/images/asset__54a3af4a124ddf3b.png","assets/generated/PilotBaseToken/resistance/t-70-x-wing/bluesquadronnovice__pilot-a00822d36976.png",8,12,430,492,
recovered,"resistance::t70xwing::jesspava","jesspava","Jess Pava","Resistance","T-70 X-wing","assets/source/legacy1e/steamusercontent-a.akamaihd.net/images/asset__1d61c00c61d16842.png","assets/generated/PilotBaseToken/resistance/t-70-x-wing/jesspava__pilot-d2179eefc44b.png",8,12,430,492,
recovered,"resistance::t70xwing::niennunb","niennunb","Nien Nunb","Resistance","T-70 X-wing","assets/source/legacy1e/steamusercontent-a.akamaihd.net/images/asset__16209805b76e1a18.png","assets/generated/PilotBaseToken/resistance/t-70-x-wing/niennunb__pilot-dca9ee93e622.png",8,12,430,492,
recovered,"resistance::t70xwing::redsquadronveteran","redsquadronveteran","Red Squadron Veteran","Resistance","T-70 X-wing","assets/source/legacy1e/steamusercontent-a.akamaihd.net/images/asset__cae3c01c45a74ce3.png","assets/generated/PilotBaseToken/resistance/t-70-x-wing/redsquadronveteran__pilot-4539ad7a4461.png",8,12,430,492,
recovered,"rebelalliance::tiefighter::ahsokatano","ahsokatano","Ahsoka Tano","Rebel Alliance","TIE Fighter","assets/source/legacy1e/steamusercontent-a.akamaihd.net/other/asset__2d6e5ce97aed0766.png","assets/generated/PilotBaseToken/rebel-alliance/tie-fighter/ahsokatano__pilot-a331eb02a4a0.png",35,47,447,526,
recovered,"galacticempire::tiefighter::chaser","chaser","""Chaser""","Galactic Empire","TIE Fighter","assets/source/legacy1e/steamusercontent-a.akamaihd.net/images/asset__6c3f421b05f367c1.png","assets/generated/PilotBaseToken/galactic-empire/tie-fighter/chaser__pilot-1641d4c10891.png",35,47,447,526,
recovered,"galacticempire::tiefighter::scourge","scourge","""Scourge""","Galactic Empire","TIE Fighter","assets/source/legacy1e/steamusercontent-a.akamaihd.net/images/asset__585519cfcc08608b.png","assets/generated/PilotBaseToken/galactic-empire/tie-fighter/scourge__pilot-b786bc451943.png",35,47,447,526,
recovered,"galacticempire::tiefighter::wingedgundark","wingedgundark","""Winged Gundark""","Galactic Empire","TIE Fighter","assets/source/legacy1e/steamusercontent-a.akamaihd.net/images/asset__44d3738836b61519.png","assets/generated/PilotBaseToken/galactic-empire/tie-fighter/wingedgundark__pilot-1937d975875c.png",35,47,447,526,
recovered,"galacticempire::tiefighter::youngster","youngster","""Youngster""","Galactic Empire","TIE Fighter","assets/source/legacy1e/steamusercontent-a.akamaihd.net/images/asset__2760184b48ec5205.png","assets/generated/PilotBaseToken/galactic-empire/tie-fighter/youngster__pilot-03628fe3aeec.png",35,47,447,526,
recovered,"galacticempire::tiefighter::blacksquadronpilot","blacksquadronpilot","Black Squadron Pilot","Galactic Empire","TIE Fighter","assets/source/legacy1e/steamusercontent-a.akamaihd.net/images/asset__a814789ab705ec24.png","assets/generated/PilotBaseToken/galactic-empire/tie-fighter/blacksquadronpilot__pilot-7e5376cb86f1.png",35,47,447,526,
recovered,"rebelalliance::kwing::guardiansquadronpilot","guardiansquadronpilot","Guardian Squadron Pilot","Rebel Alliance","K-wing","assets/source/legacy1e/steamusercontent-a.akamaihd.net/images/asset__24dd31f5c9f1d6db.jpg","assets/generated/PilotBaseToken/rebel-alliance/k-wing/guardiansquadronpilot__pilot-3b0d4b6109e8.png",27,37,445,523,
recovered,"rebelalliance::hwk290::rebeloperative","rebeloperative","Rebel Operative","Rebel Alliance","HWK-290","assets/source/legacy1e/steamusercontent-a.akamaihd.net/images/asset__ef0bb9f3eee117c8.jpg","assets/generated/PilotBaseToken/rebel-alliance/hwk-290/rebeloperative__pilot-4eca0bad4998.png",27,37,445,523,
recovered,"rebelalliance::ewing::knavesquadronpilot","knavesquadronpilot","Knave Squadron Pilot","Rebel Alliance","E-wing","assets/source/legacy1e/steamusercontent-a.akamaihd.net/images/asset__f20f72622e2510f9.jpg","assets/generated/PilotBaseToken/rebel-alliance/e-wing/knavesquadronpilot__pilot-633813df04da.png",26,35,446,524,
recovered,"rebelalliance::ewing::etahnabaht","etahnabaht","Etahn A'baht","Rebel Alliance","E-wing","assets/source/legacy1e/steamusercontent-a.akamaihd.net/images/asset__478b20c26713574a.jpg","assets/generated/PilotBaseToken/rebel-alliance/e-wing/etahnabaht__pilot-d6f3881fd5e5.png",26,35,446,524,
recovered,"rebelalliance::ewing::blackmoonsquadronpilot","blackmoonsquadronpilot","Blackmoon Squadron Pilot","Rebel Alliance","E-wing","assets/source/legacy1e/steamusercontent-a.akamaihd.net/images/asset__88cd8fe16bbb40c6.jpg","assets/generated/PilotBaseToken/rebel-alliance/e-wing/blackmoonsquadronpilot__pilot-42adcf62d7d4.png",26,35,446,524,
recovered,"rebelalliance::bwing::daggersquadronpilot","daggersquadronpilot","Dagger Squadron Pilot","Rebel Alliance","B-wing","assets/source/legacy1e/steamusercontent-a.akamaihd.net/images/asset__302230b66fe4836f.jpg","assets/generated/PilotBaseToken/rebel-alliance/b-wing/daggersquadronpilot__pilot-dfb38e9164ae.png",26,36,445,524,
recovered,"rebelalliance::bwing::ibtisam","ibtisam","Ibtisam","Rebel Alliance","B-wing","assets/source/legacy1e/steamusercontent-a.akamaihd.net/images/asset__6e08390d5de69289.jpg","assets/generated/PilotBaseToken/rebel-alliance/b-wing/ibtisam__pilot-ca978e1a2c04.png",26,36,445,524,
recovered,"rebelalliance::bwing::keyanfarlander","keyanfarlander","Keyan Farlander","Rebel Alliance","B-wing","assets/source/legacy1e/steamusercontent-a.akamaihd.net/images/asset__b53f9443e3da4b62.jpg","assets/generated/PilotBaseToken/rebel-alliance/b-wing/keyanfarlander__pilot-ac94de716fe6.png",26,36,445,524,
recovered,"rebelalliance::bwing::neradantels","neradantels","Nera Dantels","Rebel Alliance","B-wing","assets/source/legacy1e/steamusercontent-a.akamaihd.net/images/asset__6c33b48e87c39dc5.jpg","assets/generated/PilotBaseToken/rebel-alliance/b-wing/neradantels__pilot-309bf4fb47a8.png",26,36,445,524,
recovered,"galacticempire::tiestriker::scarifdefender","scarifdefender","Scarif Defender","Galactic Empire","TIE Striker","assets/source/legacy1e/steamusercontent-a.akamaihd.net/images/asset__126161053a9cf98a.png","assets/generated/PilotBaseToken/galactic-empire/tie-striker/scarifdefender__pilot-2f134b09193e.png",14,18,223,262,
recovered,"galacticempire::tiestriker::imperialtrainee","imperialtrainee","Imperial Trainee","Galactic Empire","TIE Striker","assets/source/legacy1e/steamusercontent-a.akamaihd.net/images/asset__894e8503a6672198.png","assets/generated/PilotBaseToken/galactic-empire/tie-striker/imperialtrainee__pilot-a31f78d56718.png",14,18,223,262,
recovered,"galacticempire::tiereaper::scarifbasepilot","scarifbasepilot","Scarif Base Pilot","Galactic Empire","TIE Reaper","assets/source/legacy1e/steamusercontent-a.akamaihd.net/images/asset__3a18668c68c43303.png","assets/generated/PilotBaseToken/galactic-empire/tie-reaper/scarifbasepilot__pilot-c4c1818cafa8.png",16,21,188,221,
recovered,"galacticempire::tiereaper::majorvermeil","majorvermeil","Major Vermeil","Galactic Empire","TIE Reaper","assets/source/legacy1e/steamusercontent-a.akamaihd.net/images/asset__3b3dce8b8374d7fa.png","assets/generated/PilotBaseToken/galactic-empire/tie-reaper/majorvermeil__pilot-e7c1ecfe70bc.png",16,21,188,221,
recovered,"galacticempire::tiereaper::vizier","vizier","""Vizier""","Galactic Empire","TIE Reaper","assets/source/legacy1e/steamusercontent-a.akamaihd.net/images/asset__aebf7e4efc1d2c55.png","assets/generated/PilotBaseToken/galactic-empire/tie-reaper/vizier__pilot-f55d2fcd7f5d.png",16,21,188,221,
recovered,"galacticempire::tiephantom::sigmasquadronpilot","sigmasquadronpilot","Sigma Squadron Pilot","Galactic Empire","TIE Phantom","assets/source/legacy1e/steamusercontent-a.akamaihd.net/images/asset__76af76791301c82f.jpg","assets/generated/PilotBaseToken/galactic-empire/tie-phantom/sigmasquadronpilot__pilot-19d6bf9783ff.png",25,34,445,525,
recovered,"galacticempire::tiephantom::shadowsquadronpilot","shadowsquadronpilot","Shadow Squadron Pilot","Galactic Empire","TIE Phantom","assets/source/legacy1e/steamusercontent-a.akamaihd.net/images/asset__169e63ff8b62eb88.jpg","assets/generated/PilotBaseToken/galactic-empire/tie-phantom/shadowsquadronpilot__pilot-b39244e64f29.png",25,34,445,525,
recovered,"galacticempire::tieinterceptor::tetrancowall","tetrancowall","Tetran Cowall","Galactic Empire","TIE Interceptor","assets/source/legacy1e/steamusercontent-a.akamaihd.net/images/asset__4f66f6d07f8b35fe.jpg","assets/generated/PilotBaseToken/galactic-empire/tie-interceptor/tetrancowall__pilot-9bcb31488c19.png",27,36,446,527,
recovered,"galacticempire::tieinterceptor::felswrath","felswrath","""Fel's Wrath""","Galactic Empire","TIE Interceptor","assets/source/legacy1e/steamusercontent-a.akamaihd.net/images/asset__9f06797022fcb402.jpg","assets/generated/PilotBaseToken/galactic-empire/tie-interceptor/felswrath__pilot-3cbe4e95e295.png",27,36,446,527,
recovered,"galacticempire::tieinterceptor::avengersquadronpilot","avengersquadronpilot","Avenger Squadron Pilot","Galactic Empire","TIE Interceptor","assets/source/legacy1e/steamusercontent-a.akamaihd.net/images/asset__f454cac20d00d95b.jpg","assets/generated/PilotBaseToken/galactic-empire/tie-interceptor/avengersquadronpilot__pilot-a62d21a2101d.png",27,36,446,527,
recovered,"galacticempire::tieinterceptor::carnorjax","carnorjax","Carnor Jax","Galactic Empire","TIE Interceptor","assets/source/legacy1e/steamusercontent-a.akamaihd.net/images/asset__b321da25d3acd679.jpg","assets/generated/PilotBaseToken/galactic-empire/tie-interceptor/carnorjax__pilot-566a4beecb74.png",27,36,446,527,
recovered,"galacticempire::tieinterceptor::kirkanos","kirkanos","Kir Kanos","Galactic Empire","TIE Interceptor","assets/source/legacy1e/steamusercontent-a.akamaihd.net/images/asset__127e54346516b174.jpg","assets/generated/PilotBaseToken/galactic-empire/tie-interceptor/kirkanos__pilot-d869dca4c483.png",27,36,446,527,
recovered,"galacticempire::tieinterceptor::royalguardpilot","royalguardpilot","Royal Guard Pilot","Galactic Empire","TIE Interceptor","assets/source/legacy1e/steamusercontent-a.akamaihd.net/images/asset__d30014f2b25ae74c.jpg","assets/generated/PilotBaseToken/galactic-empire/tie-interceptor/royalguardpilot__pilot-3187e5d8cd00.png",27,36,446,527,
recovered,"galacticempire::tieinterceptor::sabersquadronpilot","sabersquadronpilot","Saber Squadron Pilot","Galactic Empire","TIE Interceptor","assets/source/legacy1e/steamusercontent-a.akamaihd.net/images/asset__701de1ba516fdb55.jpg","assets/generated/PilotBaseToken/galactic-empire/tie-interceptor/sabersquadronpilot__pilot-2141928f7263.png",27,36,446,527,
recovered,"galacticempire::tiedefender::maarekstele","maarekstele","Maarek Stele","Galactic Empire","TIE Defender","assets/source/legacy1e/steamusercontent-a.akamaihd.net/images/asset__c28fec284ebafc32.png","assets/generated/PilotBaseToken/galactic-empire/tie-defender/maarekstele__pilot-bf753aa35aef.png",26,35,447,527,
recovered,"galacticempire::tiedefender::glaivesquadronpilot","glaivesquadronpilot","Glaive Squadron Pilot","Galactic Empire","TIE Defender","assets/source/legacy1e/steamusercontent-a.akamaihd.net/images/asset__d0459c0d8ead6300.png","assets/generated/PilotBaseToken/galactic-empire/tie-defender/glaivesquadronpilot__pilot-b20f99e8b056.png",26,35,447,527,
recovered,"galacticempire::tiedefender::onyxsquadronpilot","onyxsquadronpilot","Onyx Squadron Pilot","Galactic Empire","TIE Defender","assets/source/legacy1e/steamusercontent-a.akamaihd.net/images/asset__8248eb7e5a4a577f.jpg","assets/generated/PilotBaseToken/galactic-empire/tie-defender/onyxsquadronpilot__pilot-b34f5c2ddf3e.png",26,35,447,527,
recovered,"galacticempire::tieadvanced::commanderalozen","commanderalozen","Commander Alozen","Galactic Empire","TIE Advanced","assets/source/legacy1e/steamusercontent-a.akamaihd.net/images/asset__cc3a3714fa17d415.jpg","assets/generated/PilotBaseToken/galactic-empire/tie-advanced/commanderalozen__pilot-334fb2377134.png",1024,35,445,526,
recovered,"galacticempire::tieadvanced::stormsquadronpilot","stormsquadronpilot","Storm Squadron Pilot","Galactic Empire","TIE Advanced","assets/source/legacy1e/steamusercontent-a.akamaihd.net/images/asset__cc3a3714fa17d415.jpg","assets/generated/PilotBaseToken/galactic-empire/tie-advanced/stormsquadronpilot__pilot-135a0eb16ce4.png",26,35,446,526,
recovered,"galacticempire::tieadvanced::lieutenantcolzet","lieutenantcolzet","Lieutenant Colzet","Galactic Empire","TIE Advanced","assets/source/legacy1e/steamusercontent-a.akamaihd.net/images/asset__23c080028e6cda7e.jpg","assets/generated/PilotBaseToken/galactic-empire/tie-advanced/lieutenantcolzet__pilot-0caeec7560f8.png",1024,35,445,526,
recovered,"galacticempire::tieadvprototype::valenrudor","valenrudor","Valen Rudor","Galactic Empire","TIE Adv. Prototype","assets/source/legacy1e/steamusercontent-a.akamaihd.net/images/asset__d58cc2498da0327d.jpg","assets/generated/PilotBaseToken/galactic-empire/tie-adv.-prototype/valenrudor__pilot-074deab3b7c3.png",26,35,446,527,
recovered,"galacticempire::tieadvprototype::theinquisitor","theinquisitor","The Inquisitor","Galactic Empire","TIE Adv. Prototype","assets/source/legacy1e/steamusercontent-a.akamaihd.net/images/asset__b2db80928821a07c.jpg","assets/generated/PilotBaseToken/galactic-empire/tie-adv.-prototype/theinquisitor__pilot-54b4081dbab0.png",26,35,446,527,
recovered,"galacticempire::tieadvprototype::sienartestpilot","sienartestpilot","Sienar Test Pilot","Galactic Empire","TIE Adv. Prototype","assets/source/legacy1e/steamusercontent-a.akamaihd.net/images/asset__a23274df5de27095.jpg","assets/generated/PilotBaseToken/galactic-empire/tie-adv.-prototype/sienartestpilot__pilot-70260e3c6ef9.png",26,35,446,527,
generation-required,"firstorder::upsilonclassshuttle::majorstridan",,,,,,,,,,,
generation-required,"galacticempire::tiereaper::captainferoph",,,,,,,,,,,
generation-required,"rebelalliance::auzituckgunship::lowhhrick",,,,,,,,,,,
generation-required,"rebelalliance::auzituckgunship::wullffwarro",,,,,,,,,,,
generation-required,"rebelalliance::awing::prototypepilot",,,,,,,,,,,
generation-required,"resistance::yt1300::chewbaccaswx57",,,,,,,,,,,
generation-required,"resistance::yt1300::hansoloswx57",,,,,,,,,,,
generation-required,"scumandvillainy::m3ainterceptor::genesisred",,,,,,,,,,,
