PilotKey,Name,Xws,Faction,Ship,Skill,Points,IsEpic,Status,PilotCardPath,GeneratedTokenPath,GenerationDonorRecommendation
"rebelalliance|xwing|wedgeantilles|9|29","Wedge Antilles","wedgeantilles","Rebel Alliance","X-wing",9,29,False,"Generated","assets/source/xwing-data/images/pilots/Rebel Alliance/X-wing/wedge-antilles.png","assets/generated/PilotBaseToken/rebelalliance/xwing/wedgeantilles__pilot-73cca504aa40.png",""
"rebelalliance|xwing|garvendreis|6|26","Garven Dreis","garvendreis","Rebel Alliance","X-wing",6,26,False,"Generated","assets/source/xwing-data/images/pilots/Rebel Alliance/X-wing/garven-dreis.png","assets/generated/PilotBaseToken/rebelalliance/xwing/garvendreis__pilot-13315d365d27.png",""
"rebelalliance|xwing|redsquadronpilot|4|23","Red Squadron Pilot","redsquadronpilot","Rebel Alliance","X-wing",4,23,False,"MissingTokenHasPilotCard","assets/source/xwing-data/images/pilots/Rebel Alliance/X-wing/red-squadron-pilot.png","","assets/generated/PilotBaseToken/rebelalliance/xwing/biggsdarklighter__pilot-6e45dda6a55f.png"
"rebelalliance|xwing|rookiepilot|2|21","Rookie Pilot","rookiepilot","Rebel Alliance","X-wing",2,21,False,"MissingTokenHasPilotCard","assets/source/xwing-data/images/pilots/Rebel Alliance/X-wing/rookie-pilot.png","","assets/generated/PilotBaseToken/rebelalliance/xwing/biggsdarklighter__pilot-6e45dda6a55f.png"
"rebelalliance|xwing|biggsdarklighter|5|25","Biggs Darklighter","biggsdarklighter","Rebel Alliance","X-wing",5,25,False,"Generated","assets/source/xwing-data/images/pilots/Rebel Alliance/X-wing/biggs-darklighter.png","assets/generated/PilotBaseToken/rebelalliance/xwing/biggsdarklighter__pilot-6e45dda6a55f.png",""
"rebelalliance|xwing|lukeskywalker|8|28","Luke Skywalker","lukeskywalker","Rebel Alliance","X-wing",8,28,False,"Generated","assets/source/xwing-data/images/pilots/Rebel Alliance/X-wing/luke-skywalker.png","assets/generated/PilotBaseToken/rebelalliance/xwing/lukeskywalker__pilot-aa47833ee888.png",""
"rebelalliance|ywing|graysquadronpilot|4|20","Gray Squadron Pilot","graysquadronpilot","Rebel Alliance","Y-wing",4,20,False,"MissingTokenHasPilotCard","assets/source/xwing-data/images/pilots/Rebel Alliance/Y-wing/gray-squadron-pilot.png","","assets/generated/PilotBaseToken/rebelalliance/ywing/dutchvander__pilot-91f3d05b5ea1.png"
"rebelalliance|ywing|dutchvander|6|23","""Dutch"" Vander","dutchvander","Rebel Alliance","Y-wing",6,23,False,"Generated","assets/source/xwing-data/images/pilots/Rebel Alliance/Y-wing/dutch-vander.png","assets/generated/PilotBaseToken/rebelalliance/ywing/dutchvander__pilot-91f3d05b5ea1.png",""
"rebelalliance|ywing|hortonsalm|8|25","Horton Salm","hortonsalm","Rebel Alliance","Y-wing",8,25,False,"Generated","assets/source/xwing-data/images/pilots/Rebel Alliance/Y-wing/horton-salm.png","assets/generated/PilotBaseToken/rebelalliance/ywing/hortonsalm__pilot-11ea529ae573.png",""
"rebelalliance|ywing|goldsquadronpilot|2|18","Gold Squadron Pilot","goldsquadronpilot","Rebel Alliance","Y-wing",2,18,False,"MissingTokenHasPilotCard","assets/source/xwing-data/images/pilots/Rebel Alliance/Y-wing/gold-squadron-pilot.png","","assets/generated/PilotBaseToken/rebelalliance/ywing/dutchvander__pilot-91f3d05b5ea1.png"
"galacticempire|tiefighter|academypilot|1|12","Academy Pilot","academypilot","Galactic Empire","TIE Fighter",1,12,False,"Generated","assets/source/xwing-data/images/pilots/Galactic Empire/TIE Fighter/academy-pilot.png","assets/generated/PilotBaseToken/galacticempire/tiefighter/academypilot__pilot-da5161ba5569.png",""
"galacticempire|tiefighter|obsidiansquadronpilot|3|13","Obsidian Squadron Pilot","obsidiansquadronpilot","Galactic Empire","TIE Fighter",3,13,False,"Generated","assets/source/xwing-data/images/pilots/Galactic Empire/TIE Fighter/obsidian-squadron-pilot.png","assets/generated/PilotBaseToken/galacticempire/tiefighter/obsidiansquadronpilot__pilot-018cb30be480.png",""
"galacticempire|tiefighter|blacksquadronpilot|4|14","Black Squadron Pilot","blacksquadronpilot","Galactic Empire","TIE Fighter",4,14,False,"MissingTokenHasPilotCard","assets/source/xwing-data/images/pilots/Galactic Empire/TIE Fighter/black-squadron-pilot.png","","assets/generated/PilotBaseToken/galacticempire/tiefighter/academypilot__pilot-da5161ba5569.png"
"galacticempire|tiefighter|wingedgundark|5|15","""Winged Gundark""","wingedgundark","Galactic Empire","TIE Fighter",5,15,False,"MissingTokenHasPilotCard","assets/source/xwing-data/images/pilots/Galactic Empire/TIE Fighter/winged-gundark.png","","assets/generated/PilotBaseToken/galacticempire/tiefighter/academypilot__pilot-da5161ba5569.png"
"galacticempire|tiefighter|nightbeast|5|15","""Night Beast""","nightbeast","Galactic Empire","TIE Fighter",5,15,False,"Generated","assets/source/xwing-data/images/pilots/Galactic Empire/TIE Fighter/night-beast.png","assets/generated/PilotBaseToken/galacticempire/tiefighter/nightbeast__pilot-85511699241b.png",""
"galacticempire|tiefighter|backstabber|6|16","""Backstabber""","backstabber","Galactic Empire","TIE Fighter",6,16,False,"Generated","assets/source/xwing-data/images/pilots/Galactic Empire/TIE Fighter/backstabber.png","assets/generated/PilotBaseToken/galacticempire/tiefighter/backstabber__pilot-9508f007b8de.png",""
"galacticempire|tiefighter|darkcurse|6|16","""Dark Curse""","darkcurse","Galactic Empire","TIE Fighter",6,16,False,"Generated","assets/source/xwing-data/images/pilots/Galactic Empire/TIE Fighter/dark-curse.png","assets/generated/PilotBaseToken/galacticempire/tiefighter/darkcurse__pilot-7f08d82863da.png",""
"galacticempire|tiefighter|maulermithel|7|17","""Mauler Mithel""","maulermithel","Galactic Empire","TIE Fighter",7,17,False,"Generated","assets/source/xwing-data/images/pilots/Galactic Empire/TIE Fighter/mauler-mithel.png","assets/generated/PilotBaseToken/galacticempire/tiefighter/maulermithel__pilot-0c207b0c74cf.png",""
"galacticempire|tiefighter|howlrunner|8|18","""Howlrunner""","howlrunner","Galactic Empire","TIE Fighter",8,18,False,"Generated","assets/source/xwing-data/images/pilots/Galactic Empire/TIE Fighter/howlrunner.png","assets/generated/PilotBaseToken/galacticempire/tiefighter/howlrunner__pilot-25f20c6b5aba.png",""
"galacticempire|tieadvanced|maarekstele|7|27","Maarek Stele","maarekstele","Galactic Empire","TIE Advanced",7,27,False,"Generated","assets/source/xwing-data/images/pilots/Galactic Empire/TIE Advanced/maarek-stele.png","assets/generated/PilotBaseToken/galacticempire/tieadvanced/maarekstele__pilot-d3947c6f77df.png",""
"galacticempire|tieadvanced|tempestsquadronpilot|2|21","Tempest Squadron Pilot","tempestsquadronpilot","Galactic Empire","TIE Advanced",2,21,False,"Generated","assets/source/xwing-data/images/pilots/Galactic Empire/TIE Advanced/tempest-squadron-pilot.png","assets/generated/PilotBaseToken/galacticempire/tieadvanced/tempestsquadronpilot__pilot-666d323b9384.png",""
"galacticempire|tieadvanced|stormsquadronpilot|4|23","Storm Squadron Pilot","stormsquadronpilot","Galactic Empire","TIE Advanced",4,23,False,"MissingTokenHasPilotCard","assets/source/xwing-data/images/pilots/Galactic Empire/TIE Advanced/storm-squadron-pilot.png","","assets/generated/PilotBaseToken/galacticempire/tieadvanced/darthvader__pilot-31738df69b79.png"
"galacticempire|tieadvanced|darthvader|9|29","Darth Vader","darthvader","Galactic Empire","TIE Advanced",9,29,False,"Generated","assets/source/xwing-data/images/pilots/Galactic Empire/TIE Advanced/darth-vader.png","assets/generated/PilotBaseToken/galacticempire/tieadvanced/darthvader__pilot-31738df69b79.png",""
"galacticempire|tieinterceptor|alphasquadronpilot|1|18","Alpha Squadron Pilot","alphasquadronpilot","Galactic Empire","TIE Interceptor",1,18,False,"Generated","assets/source/xwing-data/images/pilots/Galactic Empire/TIE Interceptor/alpha-squadron-pilot.png","assets/generated/PilotBaseToken/galacticempire/tieinterceptor/alphasquadronpilot__pilot-8b20dcc32738.png",""
"galacticempire|tieinterceptor|avengersquadronpilot|3|20","Avenger Squadron Pilot","avengersquadronpilot","Galactic Empire","TIE Interceptor",3,20,False,"MissingTokenHasPilotCard","assets/source/xwing-data/images/pilots/Galactic Empire/TIE Interceptor/avenger-squadron-pilot.png","","assets/generated/PilotBaseToken/galacticempire/tieinterceptor/alphasquadronpilot__pilot-8b20dcc32738.png"
"galacticempire|tieinterceptor|sabersquadronpilot|4|21","Saber Squadron Pilot","sabersquadronpilot","Galactic Empire","TIE Interceptor",4,21,False,"MissingTokenHasPilotCard","assets/source/xwing-data/images/pilots/Galactic Empire/TIE Interceptor/saber-squadron-pilot.png","","assets/generated/PilotBaseToken/galacticempire/tieinterceptor/alphasquadronpilot__pilot-8b20dcc32738.png"
"galacticempire|tieinterceptor|felswrath|5|23","""Fel's Wrath""","felswrath","Galactic Empire","TIE Interceptor",5,23,False,"MissingTokenHasPilotCard","assets/source/xwing-data/images/pilots/Galactic Empire/TIE Interceptor/fel-s-wrath.png","","assets/generated/PilotBaseToken/galacticempire/tieinterceptor/alphasquadronpilot__pilot-8b20dcc32738.png"
"galacticempire|tieinterceptor|turrphennir|7|25","Turr Phennir","turrphennir","Galactic Empire","TIE Interceptor",7,25,False,"Generated","assets/source/xwing-data/images/pilots/Galactic Empire/TIE Interceptor/turr-phennir.png","assets/generated/PilotBaseToken/galacticempire/tieinterceptor/turrphennir__pilot-ab91776cbc66.png",""
"galacticempire|tieinterceptor|soontirfel|9|27","Soontir Fel","soontirfel","Galactic Empire","TIE Interceptor",9,27,False,"Generated","assets/source/xwing-data/images/pilots/Galactic Empire/TIE Interceptor/soontir-fel.png","assets/generated/PilotBaseToken/galacticempire/tieinterceptor/soontirfel__pilot-bf77493c3681.png",""
"rebelalliance|awing|tychocelchu|8|26","Tycho Celchu","tychocelchu","Rebel Alliance","A-wing",8,26,False,"Generated","assets/source/xwing-data/images/pilots/Rebel Alliance/A-wing/tycho-celchu.png","assets/generated/PilotBaseToken/rebelalliance/awing/tychocelchu__pilot-e89cd27df359.png",""
"rebelalliance|awing|arvelcrynyd|6|23","Arvel Crynyd","arvelcrynyd","Rebel Alliance","A-wing",6,23,False,"Generated","assets/source/xwing-data/images/pilots/Rebel Alliance/A-wing/arvel-crynyd.png","assets/generated/PilotBaseToken/rebelalliance/awing/arvelcrynyd__pilot-abfc7c17fcac.png",""
"rebelalliance|awing|greensquadronpilot|3|19","Green Squadron Pilot","greensquadronpilot","Rebel Alliance","A-wing",3,19,False,"Generated","assets/source/xwing-data/images/pilots/Rebel Alliance/A-wing/green-squadron-pilot.png","assets/generated/PilotBaseToken/rebelalliance/awing/greensquadronpilot__pilot-82934a2fa2f1.png",""
"rebelalliance|awing|prototypepilot|1|17","Prototype Pilot","prototypepilot","Rebel Alliance","A-wing",1,17,False,"MissingTokenHasPilotCard","assets/source/xwing-data/images/pilots/Rebel Alliance/A-wing/prototype-pilot.png","","assets/generated/PilotBaseToken/rebelalliance/awing/arvelcrynyd__pilot-abfc7c17fcac.png"
"rebelalliance|yt1300|outerrimsmuggler|1|27","Outer Rim Smuggler","outerrimsmuggler","Rebel Alliance","YT-1300",1,27,False,"Generated","assets/source/xwing-data/images/pilots/Rebel Alliance/YT-1300/outer-rim-smuggler.png","assets/generated/PilotBaseToken/rebelalliance/yt1300/outerrimsmuggler__pilot-b83a2c097842.png",""
"rebelalliance|yt1300|chewbacca|5|42","Chewbacca","chewbacca","Rebel Alliance","YT-1300",5,42,False,"Generated","assets/source/xwing-data/images/pilots/Rebel Alliance/YT-1300/chewbacca.png","assets/generated/PilotBaseToken/rebelalliance/yt1300/chewbacca__pilot-265eee6a9410.png",""
"rebelalliance|yt1300|landocalrissian|7|44","Lando Calrissian","landocalrissian","Rebel Alliance","YT-1300",7,44,False,"Generated","assets/source/xwing-data/images/pilots/Rebel Alliance/YT-1300/lando-calrissian.png","assets/generated/PilotBaseToken/rebelalliance/yt1300/landocalrissian__pilot-59737eaa2dab.png",""
"rebelalliance|yt1300|hansolo|9|46","Han Solo","hansolo","Rebel Alliance","YT-1300",9,46,False,"Generated","assets/source/xwing-data/images/pilots/Rebel Alliance/YT-1300/han-solo.png","assets/generated/PilotBaseToken/rebelalliance/yt1300/hansolo__pilot-93894eba60f9.png",""
"galacticempire|firespray31|kathscarlet|7|38","Kath Scarlet","kathscarlet","Galactic Empire","Firespray-31",7,38,False,"MissingTokenHasPilotCard","assets/source/xwing-data/images/pilots/Galactic Empire/Firespray-31/kath-scarlet.png","","assets/generated/PilotBaseToken/galacticempire/firespray31/bountyhunter__pilot-d7f4d8ffef99.png"
"galacticempire|firespray31|bobafett|8|39","Boba Fett","bobafett","Galactic Empire","Firespray-31",8,39,False,"MissingTokenHasPilotCard","assets/source/xwing-data/images/pilots/Galactic Empire/Firespray-31/boba-fett.png","","assets/generated/PilotBaseToken/galacticempire/firespray31/bountyhunter__pilot-d7f4d8ffef99.png"
"galacticempire|firespray31|krassistrelix|5|36","Krassis Trelix","krassistrelix","Galactic Empire","Firespray-31",5,36,False,"Generated","assets/source/xwing-data/images/pilots/Galactic Empire/Firespray-31/krassis-trelix.png","assets/generated/PilotBaseToken/galacticempire/firespray31/krassistrelix__pilot-75fab3afe0af.png",""
"galacticempire|firespray31|bountyhunter|3|33","Bounty Hunter","bountyhunter","Galactic Empire","Firespray-31",3,33,False,"Generated","assets/source/xwing-data/images/pilots/Galactic Empire/Firespray-31/bounty-hunter.png","assets/generated/PilotBaseToken/galacticempire/firespray31/bountyhunter__pilot-d7f4d8ffef99.png",""
"rebelalliance|bwing|tennumb|8|31","Ten Numb","tennumb","Rebel Alliance","B-wing",8,31,False,"Generated","assets/source/xwing-data/images/pilots/Rebel Alliance/B-wing/ten-numb.png","assets/generated/PilotBaseToken/rebelalliance/bwing/tennumb__pilot-cf7db3c80a89.png",""
"rebelalliance|bwing|ibtisam|6|28","Ibtisam","ibtisam","Rebel Alliance","B-wing",6,28,False,"MissingTokenHasPilotCard","assets/source/xwing-data/images/pilots/Rebel Alliance/B-wing/ibtisam.png","","assets/generated/PilotBaseToken/rebelalliance/bwing/bluesquadronpilot__pilot-6796d62e5dc1.png"
"rebelalliance|bwing|daggersquadronpilot|4|24","Dagger Squadron Pilot","daggersquadronpilot","Rebel Alliance","B-wing",4,24,False,"MissingTokenHasPilotCard","assets/source/xwing-data/images/pilots/Rebel Alliance/B-wing/dagger-squadron-pilot.png","","assets/generated/PilotBaseToken/rebelalliance/bwing/bluesquadronpilot__pilot-6796d62e5dc1.png"
"rebelalliance|bwing|bluesquadronpilot|2|22","Blue Squadron Pilot","bluesquadronpilot","Rebel Alliance","B-wing",2,22,False,"Generated","assets/source/xwing-data/images/pilots/Rebel Alliance/B-wing/blue-squadron-pilot.png","assets/generated/PilotBaseToken/rebelalliance/bwing/bluesquadronpilot__pilot-6796d62e5dc1.png",""
"rebelalliance|hwk290|rebeloperative|2|16","Rebel Operative","rebeloperative","Rebel Alliance","HWK-290",2,16,False,"MissingTokenHasPilotCard","assets/source/xwing-data/images/pilots/Rebel Alliance/HWK-290/rebel-operative.png","","assets/generated/PilotBaseToken/rebelalliance/hwk290/janors__pilot-f4184700d1da.png"
"rebelalliance|hwk290|roarkgarnet|4|19","Roark Garnet","roarkgarnet","Rebel Alliance","HWK-290",4,19,False,"Generated","assets/source/xwing-data/images/pilots/Rebel Alliance/HWK-290/roark-garnet.png","assets/generated/PilotBaseToken/rebelalliance/hwk290/roarkgarnet__pilot-d90034f6dcc7.png",""
"rebelalliance|hwk290|kylekatarn|6|21","Kyle Katarn","kylekatarn","Rebel Alliance","HWK-290",6,21,False,"Generated","assets/source/xwing-data/images/pilots/Rebel Alliance/HWK-290/kyle-katarn.png","assets/generated/PilotBaseToken/rebelalliance/hwk290/kylekatarn__pilot-feef6d0da6d8.png",""
"rebelalliance|hwk290|janors|8|25","Jan Ors","janors","Rebel Alliance","HWK-290",8,25,False,"Generated","assets/source/xwing-data/images/pilots/Rebel Alliance/HWK-290/jan-ors.png","assets/generated/PilotBaseToken/rebelalliance/hwk290/janors__pilot-f4184700d1da.png",""
"galacticempire|tiebomber|scimitarsquadronpilot|2|16","Scimitar Squadron Pilot","scimitarsquadronpilot","Galactic Empire","TIE Bomber",2,16,False,"Generated","assets/source/xwing-data/images/pilots/Galactic Empire/TIE Bomber/scimitar-squadron-pilot.png","assets/generated/PilotBaseToken/galacticempire/tiebomber/scimitarsquadronpilot__pilot-6bca69aa2e6f.png",""
"galacticempire|tiebomber|gammasquadronpilot|4|18","Gamma Squadron Pilot","gammasquadronpilot","Galactic Empire","TIE Bomber",4,18,False,"MissingTokenHasPilotCard","assets/source/xwing-data/images/pilots/Galactic Empire/TIE Bomber/gamma-squadron-pilot.png","","assets/generated/PilotBaseToken/galacticempire/tiebomber/captainjonus__pilot-bdaa55ad958f.png"
"galacticempire|tiebomber|captainjonus|6|22","Captain Jonus","captainjonus","Galactic Empire","TIE Bomber",6,22,False,"Generated","assets/source/xwing-data/images/pilots/Galactic Empire/TIE Bomber/captain-jonus.png","assets/generated/PilotBaseToken/galacticempire/tiebomber/captainjonus__pilot-bdaa55ad958f.png",""
"galacticempire|tiebomber|majorrhymer|7|26","Major Rhymer","majorrhymer","Galactic Empire","TIE Bomber",7,26,False,"Generated","assets/source/xwing-data/images/pilots/Galactic Empire/TIE Bomber/major-rhymer.png","assets/generated/PilotBaseToken/galacticempire/tiebomber/majorrhymer__pilot-2699bb62e4da.png",""
"galacticempire|lambdaclassshuttle|captainkagi|8|27","Captain Kagi","captainkagi","Galactic Empire","Lambda-class Shuttle",8,27,False,"Generated","assets/source/xwing-data/images/pilots/Galactic Empire/Lambda-class Shuttle/captain-kagi.png","assets/generated/PilotBaseToken/galacticempire/lambdaclassshuttle/captainkagi__pilot-80a485dc5242.png",""
"galacticempire|lambdaclassshuttle|coloneljendon|6|26","Colonel Jendon","coloneljendon","Galactic Empire","Lambda-class Shuttle",6,26,False,"Generated","assets/source/xwing-data/images/pilots/Galactic Empire/Lambda-class Shuttle/colonel-jendon.png","assets/generated/PilotBaseToken/galacticempire/lambdaclassshuttle/coloneljendon__pilot-a4df0b594be3.png",""
"galacticempire|lambdaclassshuttle|captainyorr|4|24","Captain Yorr","captainyorr","Galactic Empire","Lambda-class Shuttle",4,24,False,"MissingTokenHasPilotCard","assets/source/xwing-data/images/pilots/Galactic Empire/Lambda-class Shuttle/captain-yorr.png","","assets/generated/PilotBaseToken/galacticempire/lambdaclassshuttle/captainkagi__pilot-80a485dc5242.png"
"galacticempire|lambdaclassshuttle|omicrongrouppilot|2|21","Omicron Group Pilot","omicrongrouppilot","Galactic Empire","Lambda-class Shuttle",2,21,False,"Generated","assets/source/xwing-data/images/pilots/Galactic Empire/Lambda-class Shuttle/omicron-group-pilot.png","assets/generated/PilotBaseToken/galacticempire/lambdaclassshuttle/omicrongrouppilot__pilot-4405e8f8586f.png",""
"galacticempire|tieinterceptor|lieutenantlorrir|5|23","Lieutenant Lorrir","lieutenantlorrir","Galactic Empire","TIE Interceptor",5,23,False,"Generated","assets/source/xwing-data/images/pilots/Galactic Empire/TIE Interceptor/lieutenant-lorrir.png","assets/generated/PilotBaseToken/galacticempire/tieinterceptor/lieutenantlorrir__pilot-f6adbd0d6a79.png",""
"galacticempire|tieinterceptor|royalguardpilot|6|22","Royal Guard Pilot","royalguardpilot","Galactic Empire","TIE Interceptor",6,22,False,"MissingTokenHasPilotCard","assets/source/xwing-data/images/pilots/Galactic Empire/TIE Interceptor/royal-guard-pilot.png","","assets/generated/PilotBaseToken/galacticempire/tieinterceptor/alphasquadronpilot__pilot-8b20dcc32738.png"
"galacticempire|tieinterceptor|tetrancowall|7|24","Tetran Cowall","tetrancowall","Galactic Empire","TIE Interceptor",7,24,False,"MissingTokenHasPilotCard","assets/source/xwing-data/images/pilots/Galactic Empire/TIE Interceptor/tetran-cowall.png","","assets/generated/PilotBaseToken/galacticempire/tieinterceptor/alphasquadronpilot__pilot-8b20dcc32738.png"
"galacticempire|tieinterceptor|kirkanos|6|24","Kir Kanos","kirkanos","Galactic Empire","TIE Interceptor",6,24,False,"MissingTokenHasPilotCard","assets/source/xwing-data/images/pilots/Galactic Empire/TIE Interceptor/kir-kanos.png","","assets/generated/PilotBaseToken/galacticempire/tieinterceptor/alphasquadronpilot__pilot-8b20dcc32738.png"
"galacticempire|tieinterceptor|carnorjax|8|26","Carnor Jax","carnorjax","Galactic Empire","TIE Interceptor",8,26,False,"MissingTokenHasPilotCard","assets/source/xwing-data/images/pilots/Galactic Empire/TIE Interceptor/carnor-jax.png","","assets/generated/PilotBaseToken/galacticempire/tieinterceptor/alphasquadronpilot__pilot-8b20dcc32738.png"
"rebelalliance|gr75mediumtransport|gr75mediumtransport|3|30","GR-75 Medium Transport","gr75mediumtransport","Rebel Alliance","GR-75 Medium Transport",3,30,True,"ExcludedEpic","assets/source/xwing-data/images/pilots/Rebel Alliance/GR-75 Medium Transport/gr-75-medium-transport.png","",""
"rebelalliance|z95headhunter|banditsquadronpilot|2|12","Bandit Squadron Pilot","banditsquadronpilot","Rebel Alliance","Z-95 Headhunter",2,12,False,"Generated","assets/source/xwing-data/images/pilots/Rebel Alliance/Z-95 Headhunter/bandit-squadron-pilot.png","assets/generated/PilotBaseToken/rebelalliance/z95headhunter/banditsquadronpilot__pilot-0eb1111c98fa.png",""
"rebelalliance|z95headhunter|talasquadronpilot|4|13","Tala Squadron Pilot","talasquadronpilot","Rebel Alliance","Z-95 Headhunter",4,13,False,"Generated","assets/source/xwing-data/images/pilots/Rebel Alliance/Z-95 Headhunter/tala-squadron-pilot.png","assets/generated/PilotBaseToken/rebelalliance/z95headhunter/talasquadronpilot__pilot-2f800c27d775.png",""
"rebelalliance|z95headhunter|lieutenantblount|6|17","Lieutenant Blount","lieutenantblount","Rebel Alliance","Z-95 Headhunter",6,17,False,"Generated","assets/source/xwing-data/images/pilots/Rebel Alliance/Z-95 Headhunter/lieutenant-blount.png","assets/generated/PilotBaseToken/rebelalliance/z95headhunter/lieutenantblount__pilot-94a1e988d420.png",""
"rebelalliance|z95headhunter|airencracken|8|19","Airen Cracken","airencracken","Rebel Alliance","Z-95 Headhunter",8,19,False,"Generated","assets/source/xwing-data/images/pilots/Rebel Alliance/Z-95 Headhunter/airen-cracken.png","assets/generated/PilotBaseToken/rebelalliance/z95headhunter/airencracken__pilot-5a913de74c65.png",""
"galacticempire|tiedefender|deltasquadronpilot|1|30","Delta Squadron Pilot","deltasquadronpilot","Galactic Empire","TIE Defender",1,30,False,"Generated","assets/source/xwing-data/images/pilots/Galactic Empire/TIE Defender/delta-squadron-pilot.png","assets/generated/PilotBaseToken/galacticempire/tiedefender/deltasquadronpilot__pilot-697f037e14a6.png",""
"galacticempire|tiedefender|onyxsquadronpilot|3|32","Onyx Squadron Pilot","onyxsquadronpilot","Galactic Empire","TIE Defender",3,32,False,"MissingTokenHasPilotCard","assets/source/xwing-data/images/pilots/Galactic Empire/TIE Defender/onyx-squadron-pilot.png","","assets/generated/PilotBaseToken/galacticempire/tiedefender/colonelvessery__pilot-67211d993ab3.png"
"galacticempire|tiedefender|colonelvessery|6|35","Colonel Vessery","colonelvessery","Galactic Empire","TIE Defender",6,35,False,"Generated","assets/source/xwing-data/images/pilots/Galactic Empire/TIE Defender/colonel-vessery.png","assets/generated/PilotBaseToken/galacticempire/tiedefender/colonelvessery__pilot-67211d993ab3.png",""
"galacticempire|tiedefender|rexlerbrath|8|37","Rexler Brath","rexlerbrath","Galactic Empire","TIE Defender",8,37,False,"Generated","assets/source/xwing-data/images/pilots/Galactic Empire/TIE Defender/rexler-brath.png","assets/generated/PilotBaseToken/galacticempire/tiedefender/rexlerbrath__pilot-c43bae681f2f.png",""
"rebelalliance|ewing|knavesquadronpilot|1|27","Knave Squadron Pilot","knavesquadronpilot","Rebel Alliance","E-wing",1,27,False,"MissingTokenHasPilotCard","assets/source/xwing-data/images/pilots/Rebel Alliance/E-wing/knave-squadron-pilot.png","","assets/generated/PilotBaseToken/rebelalliance/ewing/corranhorn__pilot-e5b046ce0938.png"
"rebelalliance|ewing|blackmoonsquadronpilot|3|29","Blackmoon Squadron Pilot","blackmoonsquadronpilot","Rebel Alliance","E-wing",3,29,False,"MissingTokenHasPilotCard","assets/source/xwing-data/images/pilots/Rebel Alliance/E-wing/blackmoon-squadron-pilot.png","","assets/generated/PilotBaseToken/rebelalliance/ewing/corranhorn__pilot-e5b046ce0938.png"
"rebelalliance|ewing|etahnabaht|5|32","Etahn A'baht","etahnabaht","Rebel Alliance","E-wing",5,32,False,"MissingTokenHasPilotCard","assets/source/xwing-data/images/pilots/Rebel Alliance/E-wing/etahn-a-baht.png","","assets/generated/PilotBaseToken/rebelalliance/ewing/corranhorn__pilot-e5b046ce0938.png"
"rebelalliance|ewing|corranhorn|8|35","Corran Horn","corranhorn","Rebel Alliance","E-wing",8,35,False,"Generated","assets/source/xwing-data/images/pilots/Rebel Alliance/E-wing/corran-horn.png","assets/generated/PilotBaseToken/rebelalliance/ewing/corranhorn__pilot-e5b046ce0938.png",""
"galacticempire|tiephantom|sigmasquadronpilot|3|25","Sigma Squadron Pilot","sigmasquadronpilot","Galactic Empire","TIE Phantom",3,25,False,"MissingTokenHasPilotCard","assets/source/xwing-data/images/pilots/Galactic Empire/TIE Phantom/sigma-squadron-pilot.png","","assets/generated/PilotBaseToken/galacticempire/tiephantom/echo__pilot-fce29317c456.png"
"galacticempire|tiephantom|shadowsquadronpilot|5|27","Shadow Squadron Pilot","shadowsquadronpilot","Galactic Empire","TIE Phantom",5,27,False,"MissingTokenHasPilotCard","assets/source/xwing-data/images/pilots/Galactic Empire/TIE Phantom/shadow-squadron-pilot.png","","assets/generated/PilotBaseToken/galacticempire/tiephantom/echo__pilot-fce29317c456.png"
"galacticempire|tiephantom|echo|6|30","""Echo""","echo","Galactic Empire","TIE Phantom",6,30,False,"Generated","assets/source/xwing-data/images/pilots/Galactic Empire/TIE Phantom/echo.png","assets/generated/PilotBaseToken/galacticempire/tiephantom/echo__pilot-fce29317c456.png",""
"galacticempire|tiephantom|whisper|7|32","""Whisper""","whisper","Galactic Empire","TIE Phantom",7,32,False,"Generated","assets/source/xwing-data/images/pilots/Galactic Empire/TIE Phantom/whisper.png","assets/generated/PilotBaseToken/galacticempire/tiephantom/whisper__pilot-e69c40f49478.png",""
"rebelalliance|cr90corvettefore|cr90corvettefore|4|50","CR90 Corvette (Fore)","cr90corvettefore","Rebel Alliance","CR90 Corvette (Fore)",4,50,True,"ExcludedEpic","assets/source/xwing-data/images/pilots/Rebel Alliance/CR90 Corvette/cr90-corvette-fore.png","",""
"rebelalliance|cr90corvetteaft|cr90corvetteaft|4|40","CR90 Corvette (Aft)","cr90corvetteaft","Rebel Alliance","CR90 Corvette (Aft)",4,40,True,"ExcludedEpic","assets/source/xwing-data/images/pilots/Rebel Alliance/CR90 Corvette/cr90-corvette-aft.png","",""
"rebelalliance|xwing|wesjanson|8|29","Wes Janson","wesjanson","Rebel Alliance","X-wing",8,29,False,"Generated","assets/source/xwing-data/images/pilots/Rebel Alliance/X-wing/wes-janson.png","assets/generated/PilotBaseToken/rebelalliance/xwing/wesjanson__pilot-d860ba3f714b.png",""
"rebelalliance|xwing|jekporkins|7|26","Jek Porkins","jekporkins","Rebel Alliance","X-wing",7,26,False,"Generated","assets/source/xwing-data/images/pilots/Rebel Alliance/X-wing/jek-porkins.png","assets/generated/PilotBaseToken/rebelalliance/xwing/jekporkins__pilot-eaffa73edeaa.png",""
"rebelalliance|xwing|hobbieklivian|5|25","""Hobbie"" Klivian","hobbieklivian","Rebel Alliance","X-wing",5,25,False,"MissingTokenHasPilotCard","assets/source/xwing-data/images/pilots/Rebel Alliance/X-wing/hobbie-klivian.png","","assets/generated/PilotBaseToken/rebelalliance/xwing/biggsdarklighter__pilot-6e45dda6a55f.png"
"rebelalliance|xwing|tarnmison|3|23","Tarn Mison","tarnmison","Rebel Alliance","X-wing",3,23,False,"MissingTokenHasPilotCard","assets/source/xwing-data/images/pilots/Rebel Alliance/X-wing/tarn-mison.png","","assets/generated/PilotBaseToken/rebelalliance/xwing/biggsdarklighter__pilot-6e45dda6a55f.png"
"rebelalliance|awing|jakefarrell|7|24","Jake Farrell","jakefarrell","Rebel Alliance","A-wing",7,24,False,"Generated","assets/source/xwing-data/images/pilots/Rebel Alliance/A-wing/jake-farrell.png","assets/generated/PilotBaseToken/rebelalliance/awing/jakefarrell__pilot-a0ae862c1758.png",""
"rebelalliance|awing|gemmersojan|5|22","Gemmer Sojan","gemmersojan","Rebel Alliance","A-wing",5,22,False,"Generated","assets/source/xwing-data/images/pilots/Rebel Alliance/A-wing/gemmer-sojan.png","assets/generated/PilotBaseToken/rebelalliance/awing/gemmersojan__pilot-19d285178ac9.png",""
"rebelalliance|bwing|keyanfarlander|7|29","Keyan Farlander","keyanfarlander","Rebel Alliance","B-wing",7,29,False,"MissingTokenHasPilotCard","assets/source/xwing-data/images/pilots/Rebel Alliance/B-wing/keyan-farlander.png","","assets/generated/PilotBaseToken/rebelalliance/bwing/bluesquadronpilot__pilot-6796d62e5dc1.png"
"rebelalliance|bwing|neradantels|5|26","Nera Dantels","neradantels","Rebel Alliance","B-wing",5,26,False,"MissingTokenHasPilotCard","assets/source/xwing-data/images/pilots/Rebel Alliance/B-wing/nera-dantels.png","","assets/generated/PilotBaseToken/rebelalliance/bwing/bluesquadronpilot__pilot-6796d62e5dc1.png"
"rebelalliance|yt2400|dashrendar|7|36","Dash Rendar","dashrendar","Rebel Alliance","YT-2400",7,36,False,"Generated","assets/source/xwing-data/images/pilots/Rebel Alliance/YT-2400/dash-rendar.png","assets/generated/PilotBaseToken/rebelalliance/yt2400/dashrendar__pilot-eb50363aacfe.png",""
"galacticempire|vt49decimator|rearadmiralchiraneau|8|46","Rear Admiral Chiraneau","rearadmiralchiraneau","Galactic Empire","VT-49 Decimator",8,46,False,"Generated","assets/source/xwing-data/images/pilots/Galactic Empire/VT-49 Decimator/rear-admiral-chiraneau.png","assets/generated/PilotBaseToken/galacticempire/vt49decimator/rearadmiralchiraneau__pilot-333658d8223f.png",""
"galacticempire|vt49decimator|captainoicunn|4|42","Captain Oicunn","captainoicunn","Galactic Empire","VT-49 Decimator",4,42,False,"Generated","assets/source/xwing-data/images/pilots/Galactic Empire/VT-49 Decimator/captain-oicunn.png","assets/generated/PilotBaseToken/galacticempire/vt49decimator/captainoicunn__pilot-20d8bf313d24.png",""
"rebelalliance|yt2400|leebo|5|34","""Leebo""","leebo","Rebel Alliance","YT-2400",5,34,False,"Generated","assets/source/xwing-data/images/pilots/Rebel Alliance/YT-2400/leebo.png","assets/generated/PilotBaseToken/rebelalliance/yt2400/leebo__pilot-5274e11eaa41.png",""
"rebelalliance|yt2400|eadenvrill|3|32","Eaden Vrill","eadenvrill","Rebel Alliance","YT-2400",3,32,False,"MissingTokenHasPilotCard","assets/source/xwing-data/images/pilots/Rebel Alliance/YT-2400/eaden-vrill.png","","assets/generated/PilotBaseToken/rebelalliance/yt2400/dashrendar__pilot-eb50363aacfe.png"
"galacticempire|vt49decimator|commanderkenkirk|6|44","Commander Kenkirk","commanderkenkirk","Galactic Empire","VT-49 Decimator",6,44,False,"MissingTokenHasPilotCard","assets/source/xwing-data/images/pilots/Galactic Empire/VT-49 Decimator/commander-kenkirk.png","","assets/generated/PilotBaseToken/galacticempire/vt49decimator/captainoicunn__pilot-20d8bf313d24.png"
"galacticempire|vt49decimator|patrolleader|3|40","Patrol Leader","patrolleader","Galactic Empire","VT-49 Decimator",3,40,False,"Generated","assets/source/xwing-data/images/pilots/Galactic Empire/VT-49 Decimator/patrol-leader.png","assets/generated/PilotBaseToken/galacticempire/vt49decimator/patrolleader__pilot-f288e7d5e0d6.png",""
"rebelalliance|yt2400|wildspacefringer|2|30","Wild Space Fringer","wildspacefringer","Rebel Alliance","YT-2400",2,30,False,"Generated","assets/source/xwing-data/images/pilots/Rebel Alliance/YT-2400/wild-space-fringer.png","assets/generated/PilotBaseToken/rebelalliance/yt2400/wildspacefringer__pilot-782c47437218.png",""
"scumandvillainy|firespray31|bobafett|8|39","Boba Fett","bobafett","Scum and Villainy","Firespray-31",8,39,False,"Generated","assets/source/xwing-data/images/pilots/Galactic Empire/Firespray-31/boba-fett.png","assets/generated/PilotBaseToken/scumandvillainy/firespray31/bobafett__pilot-8a5ca1dccbea.png",""
"scumandvillainy|starviper|princexizor|7|31","Prince Xizor","princexizor","Scum and Villainy","StarViper",7,31,False,"Generated","assets/source/xwing-data/images/pilots/Scum and Villainy/StarViper/prince-xizor.png","assets/generated/PilotBaseToken/scumandvillainy/starviper/princexizor__pilot-37d736f37a40.png",""
"scumandvillainy|firespray31|kathscarlet|7|38","Kath Scarlet","kathscarlet","Scum and Villainy","Firespray-31",7,38,False,"Generated","assets/source/xwing-data/images/pilots/Galactic Empire/Firespray-31/kath-scarlet.png","assets/generated/PilotBaseToken/scumandvillainy/firespray31/kathscarlet__pilot-020ce92f238a.png",""
"scumandvillainy|firespray31|emonazzameen|6|36","Emon Azzameen","emonazzameen","Scum and Villainy","Firespray-31",6,36,False,"Generated","assets/source/xwing-data/images/pilots/Scum and Villainy/Firespray-31/emon-azzameen.png","assets/generated/PilotBaseToken/scumandvillainy/firespray31/emonazzameen__pilot-33e821bc8d93.png",""
"scumandvillainy|z95headhunter|ndrusuhlak|7|17","N'dru Suhlak","ndrusuhlak","Scum and Villainy","Z-95 Headhunter",7,17,False,"Generated","assets/source/xwing-data/images/pilots/Scum and Villainy/Z-95 Headhunter/n-dru-suhlak.png","assets/generated/PilotBaseToken/scumandvillainy/z95headhunter/ndrusuhlak__pilot-3cf4b6b87b64.png",""
"scumandvillainy|m3ainterceptor|serissu|8|20","Serissu","serissu","Scum and Villainy","M3-A Interceptor",8,20,False,"Generated","assets/source/xwing-data/images/pilots/Scum and Villainy/M3-A Interceptor/serissu.png","assets/generated/PilotBaseToken/scumandvillainy/m3ainterceptor/serissu__pilot-989dffe571d6.png",""
"scumandvillainy|aggressor|ig88a|6|36","IG-88A","ig88a","Scum and Villainy","Aggressor",6,36,False,"Generated","assets/source/xwing-data/images/pilots/Scum and Villainy/Aggressor/ig-88a.png","assets/generated/PilotBaseToken/scumandvillainy/aggressor/ig88a__pilot-386ee2761a70.png",""
"scumandvillainy|aggressor|ig88b|6|36","IG-88B","ig88b","Scum and Villainy","Aggressor",6,36,False,"Generated","assets/source/xwing-data/images/pilots/Scum and Villainy/Aggressor/ig-88b.png","assets/generated/PilotBaseToken/scumandvillainy/aggressor/ig88b__pilot-22931f77e0c5.png",""
"scumandvillainy|aggressor|ig88c|6|36","IG-88C","ig88c","Scum and Villainy","Aggressor",6,36,False,"Generated","assets/source/xwing-data/images/pilots/Scum and Villainy/Aggressor/ig-88c.png","assets/generated/PilotBaseToken/scumandvillainy/aggressor/ig88c__pilot-f3936ab17701.png",""
"scumandvillainy|aggressor|ig88d|6|36","IG-88D","ig88d","Scum and Villainy","Aggressor",6,36,False,"Generated","assets/source/xwing-data/images/pilots/Scum and Villainy/Aggressor/ig-88d.png","assets/generated/PilotBaseToken/scumandvillainy/aggressor/ig88d__pilot-2e5d2cad25b4.png",""
"scumandvillainy|z95headhunter|binayrepirate|1|12","Binayre Pirate","binayrepirate","Scum and Villainy","Z-95 Headhunter",1,12,False,"Generated","assets/source/xwing-data/images/pilots/Scum and Villainy/Z-95 Headhunter/binayre-pirate.png","assets/generated/PilotBaseToken/scumandvillainy/z95headhunter/binayrepirate__pilot-75ca1ac0b24b.png",""
"scumandvillainy|z95headhunter|blacksunsoldier|3|13","Black Sun Soldier","blacksunsoldier","Scum and Villainy","Z-95 Headhunter",3,13,False,"Generated","assets/source/xwing-data/images/pilots/Scum and Villainy/Z-95 Headhunter/black-sun-soldier.png","assets/generated/PilotBaseToken/scumandvillainy/z95headhunter/blacksunsoldier__pilot-e244dba12dc6.png",""
"scumandvillainy|ywing|drearenthal|5|22","Drea Renthal","drearenthal","Scum and Villainy","Y-wing",5,22,False,"Generated","assets/source/xwing-data/images/pilots/Scum and Villainy/Y-wing/drea-renthal.png","assets/generated/PilotBaseToken/scumandvillainy/ywing/drearenthal__pilot-34b839e60ab6.png",""
"scumandvillainy|z95headhunter|kaatoleeachos|5|15","Kaa'to Leeachos","kaatoleeachos","Scum and Villainy","Z-95 Headhunter",5,15,False,"Generated","assets/source/xwing-data/images/pilots/Scum and Villainy/Z-95 Headhunter/kaa-to-leeachos.png","assets/generated/PilotBaseToken/scumandvillainy/z95headhunter/kaatoleeachos__pilot-7c8d83a06980.png",""
"scumandvillainy|ywing|kavil|7|24","Kavil","kavil","Scum and Villainy","Y-wing",7,24,False,"Generated","assets/source/xwing-data/images/pilots/Scum and Villainy/Y-wing/kavil.png","assets/generated/PilotBaseToken/scumandvillainy/ywing/kavil__pilot-3d59b61c04c1.png",""
"scumandvillainy|ywing|syndicatethug|2|18","Syndicate Thug","syndicatethug","Scum and Villainy","Y-wing",2,18,False,"MissingTokenHasPilotCard","assets/source/xwing-data/images/pilots/Scum and Villainy/Y-wing/syndicate-thug.png","","assets/generated/PilotBaseToken/scumandvillainy/ywing/drearenthal__pilot-34b839e60ab6.png"
"scumandvillainy|firespray31|mandalorianmercenary|5|35","Mandalorian Mercenary","mandalorianmercenary","Scum and Villainy","Firespray-31",5,35,False,"MissingTokenHasPilotCard","assets/source/xwing-data/images/pilots/Scum and Villainy/Firespray-31/mandalorian-mercenary.png","","assets/generated/PilotBaseToken/scumandvillainy/firespray31/bobafett__pilot-8a5ca1dccbea.png"
"scumandvillainy|hwk290|dacebonearm|7|23","Dace Bonearm","dacebonearm","Scum and Villainy","HWK-290",7,23,False,"Generated","assets/source/xwing-data/images/pilots/Scum and Villainy/HWK-290/dace-bonearm.png","assets/generated/PilotBaseToken/scumandvillainy/hwk290/dacebonearm__pilot-5e5a8b3d8f0a.png",""
"scumandvillainy|hwk290|palobgodalhi|5|20","Palob Godalhi","palobgodalhi","Scum and Villainy","HWK-290",5,20,False,"Generated","assets/source/xwing-data/images/pilots/Scum and Villainy/HWK-290/palob-godalhi.png","assets/generated/PilotBaseToken/scumandvillainy/hwk290/palobgodalhi__pilot-39582d5dad5c.png",""
"scumandvillainy|hwk290|torkilmux|3|19","Torkil Mux","torkilmux","Scum and Villainy","HWK-290",3,19,False,"Generated","assets/source/xwing-data/images/pilots/Scum and Villainy/HWK-290/torkil-mux.png","assets/generated/PilotBaseToken/scumandvillainy/hwk290/torkilmux__pilot-3e3851496a42.png",""
"scumandvillainy|starviper|guri|5|30","Guri","guri","Scum and Villainy","StarViper",5,30,False,"Generated","assets/source/xwing-data/images/pilots/Scum and Villainy/StarViper/guri.png","assets/generated/PilotBaseToken/scumandvillainy/starviper/guri__pilot-0175b6fff67d.png",""
"scumandvillainy|starviper|blacksunvigo|3|27","Black Sun Vigo","blacksunvigo","Scum and Villainy","StarViper",3,27,False,"MissingTokenHasPilotCard","assets/source/xwing-data/images/pilots/Scum and Villainy/StarViper/black-sun-vigo.png","","assets/generated/PilotBaseToken/scumandvillainy/starviper/blacksunassassin__pilot-e8e9694b8d34.png"
"scumandvillainy|starviper|blacksunenforcer|1|25","Black Sun Enforcer","blacksunenforcer","Scum and Villainy","StarViper",1,25,False,"Generated","assets/source/xwing-data/images/pilots/Scum and Villainy/StarViper/black-sun-enforcer.png","assets/generated/PilotBaseToken/scumandvillainy/starviper/blacksunenforcer__pilot-f72aa964c4de.png",""
"galacticempire|tieadvanced|commanderalozen|5|25","Commander Alozen","commanderalozen","Galactic Empire","TIE Advanced",5,25,False,"MissingTokenHasPilotCard","assets/source/xwing-data/images/pilots/Galactic Empire/TIE Advanced/commander-alozen.png","","assets/generated/PilotBaseToken/galacticempire/tieadvanced/darthvader__pilot-31738df69b79.png"
"scumandvillainy|m3ainterceptor|laetinashera|6|18","Laetin A'shera","laetinashera","Scum and Villainy","M3-A Interceptor",6,18,False,"Generated","assets/source/xwing-data/images/pilots/Scum and Villainy/M3-A Interceptor/laetin-a-shera.png","assets/generated/PilotBaseToken/scumandvillainy/m3ainterceptor/laetinashera__pilot-6842aeddcc32.png",""
"scumandvillainy|m3ainterceptor|cartelspacer|2|14","Cartel Spacer","cartelspacer","Scum and Villainy","M3-A Interceptor",2,14,False,"Generated","assets/source/xwing-data/images/pilots/Scum and Villainy/M3-A Interceptor/cartel-spacer.png","assets/generated/PilotBaseToken/scumandvillainy/m3ainterceptor/cartelspacer__pilot-9ff20ae8c7ab.png",""
"galacticempire|raiderclasscorvettefore|raiderclasscorvettefore|4|50","Raider-class Corvette (Fore)","raiderclasscorvettefore","Galactic Empire","Raider-class Corvette (Fore)",4,50,True,"ExcludedEpic","","",""
"galacticempire|raiderclasscorvetteaft|raiderclasscorvetteaft|4|50","Raider-class Corvette (Aft)","raiderclasscorvetteaft","Galactic Empire","Raider-class Corvette (Aft)",4,50,True,"ExcludedEpic","","",""
"scumandvillainy|m3ainterceptor|tansariipointveteran|5|17","Tansarii Point Veteran","tansariipointveteran","Scum and Villainy","M3-A Interceptor",5,17,False,"Generated","assets/source/xwing-data/images/pilots/Scum and Villainy/M3-A Interceptor/tansarii-point-veteran.png","assets/generated/PilotBaseToken/scumandvillainy/m3ainterceptor/tansariipointveteran__pilot-1f99131ce3e0.png",""
"scumandvillainy|ywing|hiredgun|4|20","Hired Gun","hiredgun","Scum and Villainy","Y-wing",4,20,False,"Generated","assets/source/xwing-data/images/pilots/Scum and Villainy/Y-wing/hired-gun.png","assets/generated/PilotBaseToken/scumandvillainy/ywing/hiredgun__pilot-41c7bebd81d9.png",""
"scumandvillainy|hwk290|spicerunner|1|16","Spice Runner","spicerunner","Scum and Villainy","HWK-290",1,16,False,"Generated","assets/source/xwing-data/images/pilots/Scum and Villainy/HWK-290/spice-runner.png","assets/generated/PilotBaseToken/scumandvillainy/hwk290/spicerunner__pilot-3ea7ff41ab8a.png",""
"galacticempire|tieadvanced|lieutenantcolzet|3|23","Lieutenant Colzet","lieutenantcolzet","Galactic Empire","TIE Advanced",3,23,False,"MissingTokenHasPilotCard","assets/source/xwing-data/images/pilots/Galactic Empire/TIE Advanced/lieutenant-colzet.png","","assets/generated/PilotBaseToken/galacticempire/tieadvanced/darthvader__pilot-31738df69b79.png"
"galacticempire|tieadvanced|zertikstrom|6|26","Zertik Strom","zertikstrom","Galactic Empire","TIE Advanced",6,26,False,"Generated","assets/source/xwing-data/images/pilots/Galactic Empire/TIE Advanced/zertik-strom.png","assets/generated/PilotBaseToken/galacticempire/tieadvanced/zertikstrom__pilot-9a7add2621bf.png",""
"galacticempire|tieadvanced|junoeclipse|8|28","Juno Eclipse","junoeclipse","Galactic Empire","TIE Advanced",8,28,False,"Generated","assets/source/xwing-data/images/pilots/Galactic Empire/TIE Advanced/juno-eclipse.png","assets/generated/PilotBaseToken/galacticempire/tieadvanced/junoeclipse__pilot-3c24070f17df.png",""
"scumandvillainy|yv666|trandoshanslaver|2|29","Trandoshan Slaver","trandoshanslaver","Scum and Villainy","YV-666",2,29,False,"Generated","assets/source/xwing-data/images/pilots/Scum and Villainy/YV-666/trandoshan-slaver.png","assets/generated/PilotBaseToken/scumandvillainy/yv666/trandoshanslaver__pilot-b618b90b5e10.png",""
"scumandvillainy|yv666|lattsrazzi|5|33","Latts Razzi","lattsrazzi","Scum and Villainy","YV-666",5,33,False,"Generated","assets/source/xwing-data/images/pilots/Scum and Villainy/YV-666/latts-razzi.png","assets/generated/PilotBaseToken/scumandvillainy/yv666/lattsrazzi__pilot-d128bd38a4eb.png",""
"scumandvillainy|yv666|bossk|7|35","Bossk","bossk","Scum and Villainy","YV-666",7,35,False,"Generated","assets/source/xwing-data/images/pilots/Scum and Villainy/YV-666/bossk.png","assets/generated/PilotBaseToken/scumandvillainy/yv666/bossk__pilot-818969b87243.png",""
"scumandvillainy|z95headhunter|nashtahpuppilot||","Nashtah Pup Pilot","nashtahpuppilot","Scum and Villainy","Z-95 Headhunter",,,False,"MissingTokenAndPilotCard","","","assets/generated/PilotBaseToken/scumandvillainy/z95headhunter/binayrepirate__pilot-75ca1ac0b24b.png"
"scumandvillainy|kihraxzfighter|cartelmarauder|2|20","Cartel Marauder","cartelmarauder","Scum and Villainy","Kihraxz Fighter",2,20,False,"Generated","assets/source/xwing-data/images/pilots/Scum and Villainy/Kihraxz Fighter/cartel-marauder.png","assets/generated/PilotBaseToken/scumandvillainy/kihraxzfighter/cartelmarauder__pilot-18166cd2aacd.png",""
"scumandvillainy|kihraxzfighter|blacksunace|5|23","Black Sun Ace","blacksunace","Scum and Villainy","Kihraxz Fighter",5,23,False,"Generated","assets/source/xwing-data/images/pilots/Scum and Villainy/Kihraxz Fighter/black-sun-ace.png","assets/generated/PilotBaseToken/scumandvillainy/kihraxzfighter/blacksunace__pilot-47be7dd4c303.png",""
"scumandvillainy|kihraxzfighter|grazthehunter|6|25","Graz the Hunter","grazthehunter","Scum and Villainy","Kihraxz Fighter",6,25,False,"MissingTokenHasPilotCard","assets/source/xwing-data/images/pilots/Scum and Villainy/Kihraxz Fighter/graz-the-hunter.png","","assets/generated/PilotBaseToken/scumandvillainy/kihraxzfighter/blacksunace__pilot-47be7dd4c303.png"
"scumandvillainy|kihraxzfighter|talonbanecobra|9|28","Talonbane Cobra","talonbanecobra","Scum and Villainy","Kihraxz Fighter",9,28,False,"Generated","assets/source/xwing-data/images/pilots/Scum and Villainy/Kihraxz Fighter/talonbane-cobra.png","assets/generated/PilotBaseToken/scumandvillainy/kihraxzfighter/talonbanecobra__pilot-212219b823a7.png",""
"rebelalliance|kwing|wardensquadronpilot|2|23","Warden Squadron Pilot","wardensquadronpilot","Rebel Alliance","K-wing",2,23,False,"Generated","assets/source/xwing-data/images/pilots/Rebel Alliance/K-wing/warden-squadron-pilot.png","assets/generated/PilotBaseToken/rebelalliance/kwing/wardensquadronpilot__pilot-7d6b4693d0cc.png",""
"rebelalliance|kwing|esegetuketu|6|28","Esege Tuketu","esegetuketu","Rebel Alliance","K-wing",6,28,False,"Generated","assets/source/xwing-data/images/pilots/Rebel Alliance/K-wing/esege-tuketu.png","assets/generated/PilotBaseToken/rebelalliance/kwing/esegetuketu__pilot-a2e41ccfab5f.png",""
"rebelalliance|kwing|mirandadoni|8|29","Miranda Doni","mirandadoni","Rebel Alliance","K-wing",8,29,False,"Generated","assets/source/xwing-data/images/pilots/Rebel Alliance/K-wing/miranda-doni.png","assets/generated/PilotBaseToken/rebelalliance/kwing/mirandadoni__pilot-0e181989c08c.png",""
"galacticempire|tiepunisher|redline|7|27","""Redline""","redline","Galactic Empire","TIE Punisher",7,27,False,"Generated","assets/source/xwing-data/images/pilots/Galactic Empire/TIE Punisher/redline.png","assets/generated/PilotBaseToken/galacticempire/tiepunisher/redline__pilot-f578a712fb2f.png",""
"galacticempire|tiepunisher|deathrain|6|26","""Deathrain""","deathrain","Galactic Empire","TIE Punisher",6,26,False,"Generated","assets/source/xwing-data/images/pilots/Galactic Empire/TIE Punisher/deathrain.png","assets/generated/PilotBaseToken/galacticempire/tiepunisher/deathrain__pilot-9380ae7d1934.png",""
"galacticempire|tiepunisher|cutlasssquadronpilot|2|21","Cutlass Squadron Pilot","cutlasssquadronpilot","Galactic Empire","TIE Punisher",2,21,False,"Generated","assets/source/xwing-data/images/pilots/Galactic Empire/TIE Punisher/cutlass-squadron-pilot.png","assets/generated/PilotBaseToken/galacticempire/tiepunisher/cutlasssquadronpilot__pilot-d1da1e944aa9.png",""
"galacticempire|tiepunisher|blackeightsqpilot|4|23","Black Eight Squadron Pilot","blackeightsqpilot","Galactic Empire","TIE Punisher",4,23,False,"MissingTokenAndPilotCard","","","assets/generated/PilotBaseToken/galacticempire/tiepunisher/cutlasssquadronpilot__pilot-d1da1e944aa9.png"
"scumandvillainy|yv666|moraloeval|6|34","Moralo Eval","moraloeval","Scum and Villainy","YV-666",6,34,False,"Generated","assets/source/xwing-data/images/pilots/Scum and Villainy/YV-666/moralo-eval.png","assets/generated/PilotBaseToken/scumandvillainy/yv666/moraloeval__pilot-04881cc2d835.png",""
"rebelalliance|kwing|guardiansquadronpilot|4|25","Guardian Squadron Pilot","guardiansquadronpilot","Rebel Alliance","K-wing",4,25,False,"MissingTokenHasPilotCard","assets/source/xwing-data/images/pilots/Rebel Alliance/K-wing/guardian-squadron-pilot.png","","assets/generated/PilotBaseToken/rebelalliance/kwing/esegetuketu__pilot-a2e41ccfab5f.png"
"firstorder|tiefofighter|epsilonleader|6|19","""Epsilon Leader""","epsilonleader","First Order","TIE/fo Fighter",6,19,False,"MissingTokenHasPilotCard","assets/source/xwing-data/images/pilots/First Order/TIE-fo Fighter/epsilon-leader.png","","assets/generated/PilotBaseToken/firstorder/tiefofighter/zetasquadronpilot__pilot-01cf39abd27a.png"
"firstorder|tiefofighter|epsilonsquadronpilot|1|15","Epsilon Squadron Pilot","epsilonsquadronpilot","First Order","TIE/fo Fighter",1,15,False,"MissingTokenHasPilotCard","assets/source/xwing-data/images/pilots/First Order/TIE-fo Fighter/epsilon-squadron-pilot.png","","assets/generated/PilotBaseToken/firstorder/tiefofighter/zetasquadronpilot__pilot-01cf39abd27a.png"
"firstorder|tiefofighter|omegaace|7|20","""Omega Ace""","omegaace","First Order","TIE/fo Fighter",7,20,False,"MissingTokenHasPilotCard","assets/source/xwing-data/images/pilots/First Order/TIE-fo Fighter/omega-ace.png","","assets/generated/PilotBaseToken/firstorder/tiefofighter/zetasquadronpilot__pilot-01cf39abd27a.png"
"firstorder|tiefofighter|omegaleader|8|21","""Omega Leader""","omegaleader","First Order","TIE/fo Fighter",8,21,False,"MissingTokenHasPilotCard","assets/source/xwing-data/images/pilots/First Order/TIE-fo Fighter/omega-leader.png","","assets/generated/PilotBaseToken/firstorder/tiefofighter/zetasquadronpilot__pilot-01cf39abd27a.png"
"firstorder|tiefofighter|zetaace|5|18","""Zeta Ace""","zetaace","First Order","TIE/fo Fighter",5,18,False,"MissingTokenHasPilotCard","assets/source/xwing-data/images/pilots/First Order/TIE-fo Fighter/zeta-ace.png","","assets/generated/PilotBaseToken/firstorder/tiefofighter/zetasquadronpilot__pilot-01cf39abd27a.png"
"firstorder|tiefofighter|zetasquadronpilot|3|16","Zeta Squadron Pilot","zetasquadronpilot","First Order","TIE/fo Fighter",3,16,False,"Generated","assets/source/xwing-data/images/pilots/First Order/TIE-fo Fighter/zeta-squadron-pilot.png","assets/generated/PilotBaseToken/firstorder/tiefofighter/zetasquadronpilot__pilot-01cf39abd27a.png",""
"firstorder|tiefofighter|omegasquadronpilot|4|17","Omega Squadron Pilot","omegasquadronpilot","First Order","TIE/fo Fighter",4,17,False,"MissingTokenHasPilotCard","assets/source/xwing-data/images/pilots/First Order/TIE-fo Fighter/omega-squadron-pilot.png","","assets/generated/PilotBaseToken/firstorder/tiefofighter/zetasquadronpilot__pilot-01cf39abd27a.png"
"resistance|t70xwing|bluesquadronnovice|2|24","Blue Squadron Novice","bluesquadronnovice","Resistance","T-70 X-wing",2,24,False,"MissingTokenHasPilotCard","assets/source/xwing-data/images/pilots/Resistance/T-70 X-wing/blue-squadron-novice.png","","assets/generated/PilotBaseToken/resistance/t70xwing/elloasty__pilot-037c78baf9e1.png"
"resistance|t70xwing|poedameron|8|31","Poe Dameron","poedameron","Resistance","T-70 X-wing",8,31,False,"Generated","assets/source/xwing-data/images/pilots/Resistance/T-70 X-wing/poe-dameron.png","assets/generated/PilotBaseToken/resistance/t70xwing/poedameron__pilot-37807f1567d3.png",""
"resistance|t70xwing|redace|6|29","""Red Ace""","redace","Resistance","T-70 X-wing",6,29,False,"MissingTokenHasPilotCard","assets/source/xwing-data/images/pilots/Resistance/T-70 X-wing/red-ace.png","","assets/generated/PilotBaseToken/resistance/t70xwing/elloasty__pilot-037c78baf9e1.png"
"resistance|t70xwing|redsquadronveteran|4|26","Red Squadron Veteran","redsquadronveteran","Resistance","T-70 X-wing",4,26,False,"MissingTokenHasPilotCard","assets/source/xwing-data/images/pilots/Resistance/T-70 X-wing/red-squadron-veteran.png","","assets/generated/PilotBaseToken/resistance/t70xwing/elloasty__pilot-037c78baf9e1.png"
"resistance|t70xwing|blueace|5|27","""Blue Ace""","blueace","Resistance","T-70 X-wing",5,27,False,"MissingTokenHasPilotCard","assets/source/xwing-data/images/pilots/Resistance/T-70 X-wing/blue-ace.png","","assets/generated/PilotBaseToken/resistance/t70xwing/elloasty__pilot-037c78baf9e1.png"
"rebelalliance|vcx100|herasyndulla|7|40","Hera Syndulla","herasyndulla","Rebel Alliance","VCX-100",7,40,False,"Generated","assets/source/xwing-data/images/pilots/Rebel Alliance/Attack Shuttle/hera-syndulla.png","assets/generated/PilotBaseToken/rebelalliance/vcx100/herasyndulla__pilot-4b3605e8aae6.png",""
"scumandvillainy|jumpmaster5000|dengar|9|33","Dengar","dengar","Scum and Villainy","JumpMaster 5000",9,33,False,"Generated","assets/source/xwing-data/images/pilots/Scum and Villainy/JumpMaster 5000/dengar.png","assets/generated/PilotBaseToken/scumandvillainy/jumpmaster5000/dengar__pilot-e19eaee63e13.png",""
"scumandvillainy|g1astarfighter|zuckuss|7|28","Zuckuss","zuckuss","Scum and Villainy","G-1A Starfighter",7,28,False,"Generated","assets/source/xwing-data/images/pilots/Scum and Villainy/G-1A Starfighter/zuckuss.png","assets/generated/PilotBaseToken/scumandvillainy/g1astarfighter/zuckuss__pilot-02501a6a0aa0.png",""
"galacticempire|tieadvprototype|theinquisitor|8|25","The Inquisitor","theinquisitor","Galactic Empire","TIE Adv. Prototype",8,25,False,"MissingTokenHasPilotCard","assets/source/xwing-data/images/pilots/Galactic Empire/TIE Adv. Prototype/the-inquisitor.png","","assets/generated/PilotBaseToken/galacticempire/tieadvprototype/baronoftheempire__pilot-65747e26907e.png"
"galacticempire|gozanticlasscruiser|gozanticlasscruiser|2|40","Gozanti-class Cruiser","gozanticlasscruiser","Galactic Empire","Gozanti-class Cruiser",2,40,True,"ExcludedEpic","assets/source/xwing-data/images/pilots/Galactic Empire/Gozanti-class Cruiser/gozanti-class-cruiser.png","",""
"galacticempire|tiefighter|scourge|7|17","""Scourge""","scourge","Galactic Empire","TIE Fighter",7,17,False,"MissingTokenHasPilotCard","assets/source/xwing-data/images/pilots/Galactic Empire/TIE Fighter/scourge.png","","assets/generated/PilotBaseToken/galacticempire/tiefighter/academypilot__pilot-da5161ba5569.png"
"galacticempire|tiefighter|wampa|4|14","""Wampa""","wampa","Galactic Empire","TIE Fighter",4,14,False,"Generated","assets/source/xwing-data/images/pilots/Galactic Empire/TIE Fighter/wampa.png","assets/generated/PilotBaseToken/galacticempire/tiefighter/wampa__pilot-0e6bc4a34f91.png",""
"galacticempire|tiefighter|youngster|6|15","""Youngster""","youngster","Galactic Empire","TIE Fighter",6,15,False,"MissingTokenHasPilotCard","assets/source/xwing-data/images/pilots/Galactic Empire/TIE Fighter/youngster.png","","assets/generated/PilotBaseToken/galacticempire/tiefighter/academypilot__pilot-da5161ba5569.png"
"galacticempire|tiefighter|chaser|3|14","""Chaser""","chaser","Galactic Empire","TIE Fighter",3,14,False,"MissingTokenHasPilotCard","assets/source/xwing-data/images/pilots/Galactic Empire/TIE Fighter/chaser.png","","assets/generated/PilotBaseToken/galacticempire/tiefighter/academypilot__pilot-da5161ba5569.png"
"rebelalliance|attackshuttle|ezrabridger|4|20","Ezra Bridger","ezrabridger","Rebel Alliance","Attack Shuttle",4,20,False,"Generated","assets/source/xwing-data/images/pilots/Rebel Alliance/Attack Shuttle/ezra-bridger.png","assets/generated/PilotBaseToken/rebelalliance/attackshuttle/ezrabridger__pilot-8027c5b39295.png",""
"firstorder|tiefofighter|epsilonace|4|17","""Epsilon Ace""","epsilonace","First Order","TIE/fo Fighter",4,17,False,"MissingTokenHasPilotCard","assets/source/xwing-data/images/pilots/First Order/TIE-fo Fighter/epsilon-ace.png","","assets/generated/PilotBaseToken/firstorder/tiefofighter/zetasquadronpilot__pilot-01cf39abd27a.png"
"firstorder|tiefofighter|zetaleader|7|20","""Zeta Leader""","zetaleader","First Order","TIE/fo Fighter",7,20,False,"MissingTokenHasPilotCard","assets/source/xwing-data/images/pilots/First Order/TIE-fo Fighter/zeta-leader.png","","assets/generated/PilotBaseToken/firstorder/tiefofighter/zetasquadronpilot__pilot-01cf39abd27a.png"
"rebelalliance|vcx100|chopper|4|37","""Chopper""","chopper","Rebel Alliance","VCX-100",4,37,False,"Generated","assets/source/xwing-data/images/pilots/Rebel Alliance/VCX-100/chopper.png","assets/generated/PilotBaseToken/rebelalliance/vcx100/chopper__pilot-371a0f61ccfe.png",""
"rebelalliance|vcx100|kananjarrus|5|38","Kanan Jarrus","kananjarrus","Rebel Alliance","VCX-100",5,38,False,"Generated","assets/source/xwing-data/images/pilots/Rebel Alliance/VCX-100/kanan-jarrus.png","assets/generated/PilotBaseToken/rebelalliance/vcx100/kananjarrus__pilot-3e85bcef81a8.png",""
"rebelalliance|attackshuttle|herasyndulla|7|22","Hera Syndulla","herasyndulla","Rebel Alliance","Attack Shuttle",7,22,False,"Generated","assets/source/xwing-data/images/pilots/Rebel Alliance/Attack Shuttle/hera-syndulla.png","assets/generated/PilotBaseToken/rebelalliance/attackshuttle/herasyndulla__pilot-3a312b3bc35f.png",""
"rebelalliance|attackshuttle|sabinewren|5|21","Sabine Wren","sabinewren","Rebel Alliance","Attack Shuttle",5,21,False,"Generated","assets/source/xwing-data/images/pilots/Rebel Alliance/Attack Shuttle/sabine-wren.png","assets/generated/PilotBaseToken/rebelalliance/attackshuttle/sabinewren__pilot-5158a0d06ce9.png",""
"rebelalliance|attackshuttle|zeborrelios|3|18","""Zeb"" Orrelios","zeborrelios","Rebel Alliance","Attack Shuttle",3,18,False,"Generated","assets/source/xwing-data/images/pilots/Rebel Alliance/Attack Shuttle/zeb-orrelios.png","assets/generated/PilotBaseToken/rebelalliance/attackshuttle/zeborrelios__pilot-919cb508cc2a.png",""
"galacticempire|tiebomber|tomaxbren|8|24","Tomax Bren","tomaxbren","Galactic Empire","TIE Bomber",8,24,False,"Generated","assets/source/xwing-data/images/pilots/Galactic Empire/TIE Bomber/tomax-bren.png","assets/generated/PilotBaseToken/galacticempire/tiebomber/tomaxbren__pilot-78154c684a5d.png",""
"galacticempire|tiebomber|gammasquadronveteran|5|19","Gamma Squadron Veteran","gammasquadronveteran","Galactic Empire","TIE Bomber",5,19,False,"MissingTokenHasPilotCard","assets/source/xwing-data/images/pilots/Galactic Empire/TIE Bomber/gamma-squadron-veteran.png","","assets/generated/PilotBaseToken/galacticempire/tiebomber/captainjonus__pilot-bdaa55ad958f.png"
"resistance|t70xwing|elloasty|7|30","Ello Asty","elloasty","Resistance","T-70 X-wing",7,30,False,"Generated","assets/source/xwing-data/images/pilots/Resistance/T-70 X-wing/ello-asty.png","assets/generated/PilotBaseToken/resistance/t70xwing/elloasty__pilot-037c78baf9e1.png",""
"galacticempire|tieadvprototype|valenrudor|6|22","Valen Rudor","valenrudor","Galactic Empire","TIE Adv. Prototype",6,22,False,"MissingTokenHasPilotCard","assets/source/xwing-data/images/pilots/Galactic Empire/TIE Adv. Prototype/valen-rudor.png","","assets/generated/PilotBaseToken/galacticempire/tieadvprototype/baronoftheempire__pilot-65747e26907e.png"
"galacticempire|tieadvprototype|sienartestpilot|2|16","Sienar Test Pilot","sienartestpilot","Galactic Empire","TIE Adv. Prototype",2,16,False,"MissingTokenHasPilotCard","assets/source/xwing-data/images/pilots/Galactic Empire/TIE Adv. Prototype/sienar-test-pilot.png","","assets/generated/PilotBaseToken/galacticempire/tieadvprototype/baronoftheempire__pilot-65747e26907e.png"
"scumandvillainy|g1astarfighter|4lom|6|27","4-LOM","4lom","Scum and Villainy","G-1A Starfighter",6,27,False,"Generated","assets/source/xwing-data/images/pilots/Scum and Villainy/G-1A Starfighter/4-lom.png","assets/generated/PilotBaseToken/scumandvillainy/g1astarfighter/4lom__pilot-3acc0b4a3795.png",""
"scumandvillainy|jumpmaster5000|contractedscout|3|25","Contracted Scout","contractedscout","Scum and Villainy","JumpMaster 5000",3,25,False,"Generated","assets/source/xwing-data/images/pilots/Scum and Villainy/JumpMaster 5000/contracted-scout.png","assets/generated/PilotBaseToken/scumandvillainy/jumpmaster5000/contractedscout__pilot-d7e3af0c1a39.png",""
"scumandvillainy|jumpmaster5000|manaroo|4|27","Manaroo","manaroo","Scum and Villainy","JumpMaster 5000",4,27,False,"Generated","assets/source/xwing-data/images/pilots/Scum and Villainy/JumpMaster 5000/manaroo.png","assets/generated/PilotBaseToken/scumandvillainy/jumpmaster5000/manaroo__pilot-2ff8e40f2fb9.png",""
"scumandvillainy|jumpmaster5000|teltrevura|7|30","Tel Trevura","teltrevura","Scum and Villainy","JumpMaster 5000",7,30,False,"Generated","assets/source/xwing-data/images/pilots/Scum and Villainy/JumpMaster 5000/tel-trevura.png","assets/generated/PilotBaseToken/scumandvillainy/jumpmaster5000/teltrevura__pilot-fbbd2835af68.png",""
"rebelalliance|vcx100|lothalrebel|3|35","Lothal Rebel","lothalrebel","Rebel Alliance","VCX-100",3,35,False,"Generated","assets/source/xwing-data/images/pilots/Rebel Alliance/VCX-100/lothal-rebel.png","assets/generated/PilotBaseToken/rebelalliance/vcx100/lothalrebel__pilot-ba7fb595439c.png",""
"galacticempire|tieadvprototype|baronoftheempire|4|19","Baron of the Empire","baronoftheempire","Galactic Empire","TIE Adv. Prototype",4,19,False,"Generated","assets/source/xwing-data/images/pilots/Galactic Empire/TIE Adv. Prototype/baron-of-the-empire.png","assets/generated/PilotBaseToken/galacticempire/tieadvprototype/baronoftheempire__pilot-65747e26907e.png",""
"scumandvillainy|g1astarfighter|gandfindsman|5|25","Gand Findsman","gandfindsman","Scum and Villainy","G-1A Starfighter",5,25,False,"Generated","assets/source/xwing-data/images/pilots/Scum and Villainy/G-1A Starfighter/gand-findsman.png","assets/generated/PilotBaseToken/scumandvillainy/g1astarfighter/gandfindsman__pilot-fe672ed5ea46.png",""
"scumandvillainy|g1astarfighter|ruthlessfreelancer|3|23","Ruthless Freelancer","ruthlessfreelancer","Scum and Villainy","G-1A Starfighter",3,23,False,"MissingTokenHasPilotCard","assets/source/xwing-data/images/pilots/Scum and Villainy/G-1A Starfighter/ruthless-freelancer.png","","assets/generated/PilotBaseToken/scumandvillainy/g1astarfighter/4lom__pilot-3acc0b4a3795.png"
"galacticempire|tiebomber|deathfire|3|17","""Deathfire""","deathfire","Galactic Empire","TIE Bomber",3,17,False,"Generated","assets/source/xwing-data/images/pilots/Galactic Empire/TIE Bomber/deathfire.png","assets/generated/PilotBaseToken/galacticempire/tiebomber/deathfire__pilot-1b8c5d844954.png",""
"galacticempire|tiedefender|glaivesquadronpilot|6|34","Glaive Squadron Pilot","glaivesquadronpilot","Galactic Empire","TIE Defender",6,34,False,"MissingTokenHasPilotCard","assets/source/xwing-data/images/pilots/Galactic Empire/TIE Defender/glaive-squadron-pilot.png","","assets/generated/PilotBaseToken/galacticempire/tiedefender/colonelvessery__pilot-67211d993ab3.png"
"galacticempire|tiedefender|maarekstele|7|35","Maarek Stele","maarekstele","Galactic Empire","TIE Defender",7,35,False,"MissingTokenHasPilotCard","assets/source/xwing-data/images/pilots/Galactic Empire/TIE Advanced/maarek-stele.png","","assets/generated/PilotBaseToken/galacticempire/tiedefender/colonelvessery__pilot-67211d993ab3.png"
"galacticempire|tiedefender|countessryad|5|34","Countess Ryad","countessryad","Galactic Empire","TIE Defender",5,34,False,"Generated","assets/source/xwing-data/images/pilots/Galactic Empire/TIE Defender/countess-ryad.png","assets/generated/PilotBaseToken/galacticempire/tiedefender/countessryad__pilot-0eee1974b721.png",""
"resistance|t70xwing|poedameronswx57|9|33","Poe Dameron","poedameron-swx57","Resistance","T-70 X-wing",9,33,False,"Generated","","assets/generated/PilotBaseToken/resistance/t70xwing/poedameron-swx57__pilot-6f908e59d57f.png",""
"resistance|yt1300|rey|8|45","Rey","rey","Resistance","YT-1300",8,45,False,"MissingTokenHasPilotCard","assets/source/xwing-data/images/pilots/Resistance/YT-1300/rey.png","","assets/generated/PilotBaseToken/rebelalliance/yt1300/chewbacca__pilot-265eee6a9410.png"
"rebelalliance|arc170|sharabey|6|28","Shara Bey","sharabey","Rebel Alliance","ARC-170",6,28,False,"Generated","assets/source/xwing-data/images/pilots/Rebel Alliance/ARC-170/shara-bey.png","assets/generated/PilotBaseToken/rebelalliance/arc170/sharabey__pilot-1c20acae73ab.png",""
"scumandvillainy|protectoratestarfighter|fennrau|9|28","Fenn Rau","fennrau","Scum and Villainy","Protectorate Starfighter",9,28,False,"Generated","assets/source/xwing-data/images/pilots/Rebel Alliance/Sheathipede-class Shuttle/fenn-rau.png","assets/generated/PilotBaseToken/scumandvillainy/protectoratestarfighter/fennrau__pilot-23c52d18fcc8.png",""
"scumandvillainy|lancerclasspursuitcraft|sabinewren|5|35","Sabine Wren","sabinewren","Scum and Villainy","Lancer-class Pursuit Craft",5,35,False,"Generated","assets/source/xwing-data/images/pilots/Rebel Alliance/Attack Shuttle/sabine-wren.png","assets/generated/PilotBaseToken/scumandvillainy/lancerclasspursuitcraft/sabinewren__pilot-cd598bb7c3bd.png",""
"firstorder|tiesffighter|quickdraw|9|29","""Quickdraw""","quickdraw","First Order","TIE/sf Fighter",9,29,False,"Generated","assets/source/xwing-data/images/pilots/First Order/TIE-sf Fighter/quickdraw.png","assets/generated/PilotBaseToken/firstorder/tiesffighter/quickdraw__pilot-dd498faa74c0.png",""
"scumandvillainy|lancerclasspursuitcraft|ketsuonyo|7|38","Ketsu Onyo","ketsuonyo","Scum and Villainy","Lancer-class Pursuit Craft",7,38,False,"Generated","assets/source/xwing-data/images/pilots/Scum and Villainy/Lancer-class Pursuit Craft/ketsu-onyo.png","assets/generated/PilotBaseToken/scumandvillainy/lancerclasspursuitcraft/ketsuonyo__pilot-9f00c0ddb4e8.png",""
"rebelalliance|arc170|braylenstramm|3|25","Braylen Stramm","braylenstramm","Rebel Alliance","ARC-170",3,25,False,"MissingTokenHasPilotCard","assets/source/xwing-data/images/pilots/Rebel Alliance/ARC-170/braylen-stramm.png","","assets/generated/PilotBaseToken/rebelalliance/arc170/norrawexley__pilot-65f6f265f16d.png"
"rebelalliance|arc170|thanekyrell|4|26","Thane Kyrell","thanekyrell","Rebel Alliance","ARC-170",4,26,False,"MissingTokenHasPilotCard","assets/source/xwing-data/images/pilots/Rebel Alliance/ARC-170/thane-kyrell.png","","assets/generated/PilotBaseToken/rebelalliance/arc170/norrawexley__pilot-65f6f265f16d.png"
"rebelalliance|arc170|norrawexley|7|29","Norra Wexley","norrawexley","Rebel Alliance","ARC-170",7,29,False,"Generated","assets/source/xwing-data/images/pilots/Rebel Alliance/ARC-170/norra-wexley.png","assets/generated/PilotBaseToken/rebelalliance/arc170/norrawexley__pilot-65f6f265f16d.png",""
"firstorder|tiesffighter|zetaspecialist|3|23","Zeta Specialist","zetaspecialist","First Order","TIE/sf Fighter",3,23,False,"MissingTokenHasPilotCard","assets/source/xwing-data/images/pilots/First Order/TIE-sf Fighter/zeta-specialist.png","","assets/generated/PilotBaseToken/firstorder/tiesffighter/backdraft__pilot-f5731d9e2983.png"
"firstorder|tiesffighter|backdraft|7|27","""Backdraft""","backdraft","First Order","TIE/sf Fighter",7,27,False,"Generated","assets/source/xwing-data/images/pilots/First Order/TIE-sf Fighter/backdraft.png","assets/generated/PilotBaseToken/firstorder/tiesffighter/backdraft__pilot-f5731d9e2983.png",""
"scumandvillainy|protectoratestarfighter|kadsolus|6|25","Kad Solus","kadsolus","Scum and Villainy","Protectorate Starfighter",6,25,False,"Generated","assets/source/xwing-data/images/pilots/Scum and Villainy/Protectorate Starfighter/kad-solus.png","assets/generated/PilotBaseToken/scumandvillainy/protectoratestarfighter/kadsolus__pilot-6be5fcd8cd1a.png",""
"scumandvillainy|protectoratestarfighter|concorddawnace|5|23","Concord Dawn Ace","concorddawnace","Scum and Villainy","Protectorate Starfighter",5,23,False,"MissingTokenHasPilotCard","assets/source/xwing-data/images/pilots/Scum and Villainy/Protectorate Starfighter/concord-dawn-ace.png","","assets/generated/PilotBaseToken/scumandvillainy/protectoratestarfighter/fennrau__pilot-23c52d18fcc8.png"
"scumandvillainy|protectoratestarfighter|concorddawnveteran|3|22","Concord Dawn Veteran","concorddawnveteran","Scum and Villainy","Protectorate Starfighter",3,22,False,"MissingTokenHasPilotCard","assets/source/xwing-data/images/pilots/Scum and Villainy/Protectorate Starfighter/concord-dawn-veteran.png","","assets/generated/PilotBaseToken/scumandvillainy/protectoratestarfighter/fennrau__pilot-23c52d18fcc8.png"
"scumandvillainy|protectoratestarfighter|oldteroch|7|26","Old Teroch","oldteroch","Scum and Villainy","Protectorate Starfighter",7,26,False,"Generated","assets/source/xwing-data/images/pilots/Scum and Villainy/Protectorate Starfighter/old-teroch.png","assets/generated/PilotBaseToken/scumandvillainy/protectoratestarfighter/oldteroch__pilot-68d5625bbe63.png",""
"scumandvillainy|protectoratestarfighter|zealousrecruit|1|20","Zealous Recruit","zealousrecruit","Scum and Villainy","Protectorate Starfighter",1,20,False,"Generated","assets/source/xwing-data/images/pilots/Scum and Villainy/Protectorate Starfighter/zealous-recruit.png","assets/generated/PilotBaseToken/scumandvillainy/protectoratestarfighter/zealousrecruit__pilot-c52e6eab9ed5.png",""
"scumandvillainy|lancerclasspursuitcraft|asajjventress|6|37","Asajj Ventress","asajjventress","Scum and Villainy","Lancer-class Pursuit Craft",6,37,False,"Generated","assets/source/xwing-data/images/pilots/Scum and Villainy/Lancer-class Pursuit Craft/asajj-ventress.png","assets/generated/PilotBaseToken/scumandvillainy/lancerclasspursuitcraft/asajjventress__pilot-e73eef28dbc2.png",""
"firstorder|tiesffighter|omegaspecialist|5|25","Omega Specialist","omegaspecialist","First Order","TIE/sf Fighter",5,25,False,"MissingTokenHasPilotCard","assets/source/xwing-data/images/pilots/First Order/TIE-sf Fighter/omega-specialist.png","","assets/generated/PilotBaseToken/firstorder/tiesffighter/backdraft__pilot-f5731d9e2983.png"
"scumandvillainy|lancerclasspursuitcraft|shadowporthunter|2|33","Shadowport Hunter","shadowporthunter","Scum and Villainy","Lancer-class Pursuit Craft",2,33,False,"Generated","assets/source/xwing-data/images/pilots/Scum and Villainy/Lancer-class Pursuit Craft/shadowport-hunter.png","assets/generated/PilotBaseToken/scumandvillainy/lancerclasspursuitcraft/shadowporthunter__pilot-8a9e83fbee45.png",""
"rebelalliance|tiefighter|sabinewren|5|15","Sabine Wren","sabinewren","Rebel Alliance","TIE Fighter",5,15,False,"Generated","assets/source/xwing-data/images/pilots/Rebel Alliance/Attack Shuttle/sabine-wren.png","assets/generated/PilotBaseToken/rebelalliance/tiefighter/sabinewren__pilot-fe8eb2dfd9a2.png",""
"firstorder|upsilonclassshuttle|kyloren|6|34","Kylo Ren","kyloren","First Order","Upsilon-class Shuttle",6,34,False,"MissingTokenHasPilotCard","assets/source/xwing-data/images/pilots/First Order/TIE Silencer/kylo-ren.png","","assets/generated/PilotBaseToken/firstorder/upsilonclassshuttle/lieutenantdormitz__pilot-ce8814af4a55.png"
"scumandvillainy|quadjumper|unkarplutt|3|17","Unkar Plutt","unkarplutt","Scum and Villainy","Quadjumper",3,17,False,"Generated","assets/source/xwing-data/images/pilots/Scum and Villainy/Quadjumper/unkar-plutt.png","assets/generated/PilotBaseToken/scumandvillainy/quadjumper/unkarplutt__pilot-92cc97d0c2a9.png",""
"rebelalliance|uwing|cassianandor|6|27","Cassian Andor","cassianandor","Rebel Alliance","U-wing",6,27,False,"Generated","assets/source/xwing-data/images/pilots/Rebel Alliance/U-wing/cassian-andor.png","assets/generated/PilotBaseToken/rebelalliance/uwing/cassianandor__pilot-54c91594fe87.png",""
"galacticempire|tiestriker|duchess|8|23","""Duchess""","duchess","Galactic Empire","TIE Striker",8,23,False,"Generated","assets/source/xwing-data/images/pilots/Galactic Empire/TIE Striker/duchess.png","assets/generated/PilotBaseToken/galacticempire/tiestriker/duchess__pilot-5bcfc38b51fb.png",""
"resistance|yt1300|hansoloswx57|9|46","Han Solo","hansolo-swx57","Resistance","YT-1300",9,46,False,"MissingTokenAndPilotCard","","","assets/generated/PilotBaseToken/rebelalliance/yt1300/chewbacca__pilot-265eee6a9410.png"
"resistance|yt1300|chewbaccaswx57|5|42","Chewbacca","chewbacca-swx57","Resistance","YT-1300",5,42,False,"MissingTokenAndPilotCard","","","assets/generated/PilotBaseToken/rebelalliance/yt1300/chewbacca__pilot-265eee6a9410.png"
"resistance|t70xwing|jesspava|3|25","Jess Pava","jesspava","Resistance","T-70 X-wing",3,25,False,"MissingTokenHasPilotCard","assets/source/xwing-data/images/pilots/Resistance/T-70 X-wing/jess-pava.png","","assets/generated/PilotBaseToken/resistance/t70xwing/elloasty__pilot-037c78baf9e1.png"
"resistance|t70xwing|niennunb|7|29","Nien Nunb","niennunb","Resistance","T-70 X-wing",7,29,False,"MissingTokenHasPilotCard","assets/source/xwing-data/images/pilots/Resistance/T-70 X-wing/nien-nunb.png","","assets/generated/PilotBaseToken/resistance/t70xwing/elloasty__pilot-037c78baf9e1.png"
"resistance|t70xwing|snapwexley|6|28","""Snap"" Wexley","snapwexley","Resistance","T-70 X-wing",6,28,False,"MissingTokenHasPilotCard","assets/source/xwing-data/images/pilots/Resistance/T-70 X-wing/snap-wexley.png","","assets/generated/PilotBaseToken/resistance/t70xwing/elloasty__pilot-037c78baf9e1.png"
"resistance|yt1300|resistancesympathizer|3|38","Resistance Sympathizer","resistancesympathizer","Resistance","YT-1300",3,38,False,"MissingTokenHasPilotCard","assets/source/xwing-data/images/pilots/Resistance/YT-1300/resistance-sympathizer.png","","assets/generated/PilotBaseToken/rebelalliance/yt1300/chewbacca__pilot-265eee6a9410.png"
"rebelalliance|tiefighter|ahsokatano|7|17","Ahsoka Tano","ahsokatano","Rebel Alliance","TIE Fighter",7,17,False,"MissingTokenHasPilotCard","assets/source/xwing-data/images/pilots/Rebel Alliance/TIE Fighter/ahsoka-tano.png","","assets/generated/PilotBaseToken/rebelalliance/tiefighter/captainrex__pilot-c280ac2074b3.png"
"rebelalliance|tiefighter|captainrex|4|14","Captain Rex","captainrex","Rebel Alliance","TIE Fighter",4,14,False,"Generated","assets/source/xwing-data/images/pilots/Rebel Alliance/TIE Fighter/captain-rex.png","assets/generated/PilotBaseToken/rebelalliance/tiefighter/captainrex__pilot-c280ac2074b3.png",""
"rebelalliance|uwing|bluesquadronpathfinder|2|23","Blue Squadron Pathfinder","bluesquadronpathfinder","Rebel Alliance","U-wing",2,23,False,"MissingTokenHasPilotCard","assets/source/xwing-data/images/pilots/Rebel Alliance/U-wing/blue-squadron-pathfinder.png","","assets/generated/PilotBaseToken/rebelalliance/uwing/benthictwotubes__pilot-69dc976b7248.png"
"firstorder|upsilonclassshuttle|majorstridan|4|32","Major Stridan","majorstridan","First Order","Upsilon-class Shuttle",4,32,False,"MissingTokenHasPilotCard","assets/source/xwing-data/images/pilots/First Order/Upsilon-class Shuttle/major-stridan.png","","assets/generated/PilotBaseToken/firstorder/upsilonclassshuttle/lieutenantdormitz__pilot-ce8814af4a55.png"
"firstorder|upsilonclassshuttle|lieutenantdormitz|3|31","Lieutenant Dormitz","lieutenantdormitz","First Order","Upsilon-class Shuttle",3,31,False,"Generated","assets/source/xwing-data/images/pilots/First Order/Upsilon-class Shuttle/lieutenant-dormitz.png","assets/generated/PilotBaseToken/firstorder/upsilonclassshuttle/lieutenantdormitz__pilot-ce8814af4a55.png",""
"firstorder|upsilonclassshuttle|starkillerbasepilot|2|30","Starkiller Base Pilot","starkillerbasepilot","First Order","Upsilon-class Shuttle",2,30,False,"Generated","assets/source/xwing-data/images/pilots/First Order/Upsilon-class Shuttle/starkiller-base-pilot.png","assets/generated/PilotBaseToken/firstorder/upsilonclassshuttle/starkillerbasepilot__pilot-2303ff614caf.png",""
"rebelalliance|uwing|bodhirook|4|25","Bodhi Rook","bodhirook","Rebel Alliance","U-wing",4,25,False,"Generated","assets/source/xwing-data/images/pilots/Rebel Alliance/U-wing/bodhi-rook.png","assets/generated/PilotBaseToken/rebelalliance/uwing/bodhirook__pilot-b1012d7a2dda.png",""
"rebelalliance|uwing|hefftobber|3|24","Heff Tobber","hefftobber","Rebel Alliance","U-wing",3,24,False,"Generated","assets/source/xwing-data/images/pilots/Rebel Alliance/U-wing/heff-tobber.png","assets/generated/PilotBaseToken/rebelalliance/uwing/hefftobber__pilot-fc4e49f9af99.png",""
"scumandvillainy|quadjumper|constablezuvio|7|19","Constable Zuvio","constablezuvio","Scum and Villainy","Quadjumper",7,19,False,"Generated","assets/source/xwing-data/images/pilots/Scum and Villainy/Quadjumper/constable-zuvio.png","assets/generated/PilotBaseToken/scumandvillainy/quadjumper/constablezuvio__pilot-5c3e62a09db1.png",""
"scumandvillainy|quadjumper|jakkugunrunner|1|15","Jakku Gunrunner","jakkugunrunner","Scum and Villainy","Quadjumper",1,15,False,"Generated","assets/source/xwing-data/images/pilots/Scum and Villainy/Quadjumper/jakku-gunrunner.png","assets/generated/PilotBaseToken/scumandvillainy/quadjumper/jakkugunrunner__pilot-a3c94dea1fdd.png",""
"galacticempire|tiestriker|countdown|5|20","""Countdown""","countdown","Galactic Empire","TIE Striker",5,20,False,"Generated","assets/source/xwing-data/images/pilots/Galactic Empire/TIE Striker/countdown.png","assets/generated/PilotBaseToken/galacticempire/tiestriker/countdown__pilot-7be38960675c.png",""
"galacticempire|tiestriker|puresabacc|6|22","""Pure Sabacc""","puresabacc","Galactic Empire","TIE Striker",6,22,False,"Generated","assets/source/xwing-data/images/pilots/Galactic Empire/TIE Striker/pure-sabacc.png","assets/generated/PilotBaseToken/galacticempire/tiestriker/puresabacc__pilot-2b9e8d56012f.png",""
"galacticempire|tiestriker|imperialtrainee|1|17","Imperial Trainee","imperialtrainee","Galactic Empire","TIE Striker",1,17,False,"MissingTokenHasPilotCard","assets/source/xwing-data/images/pilots/Galactic Empire/TIE Striker/imperial-trainee.png","","assets/generated/PilotBaseToken/galacticempire/tiestriker/blacksquadronscout__pilot-6382835ea36b.png"
"scumandvillainy|croccruiser|croccruiser|1|35","C-ROC Cruiser","croccruiser","Scum and Villainy","C-ROC Cruiser",1,35,True,"ExcludedEpic","assets/source/xwing-data/images/pilots/Scum and Villainy/C-ROC Cruiser/c-roc-cruiser.png","",""
"galacticempire|tiestriker|blacksquadronscout|4|20","Black Squadron Scout","blacksquadronscout","Galactic Empire","TIE Striker",4,20,False,"Generated","assets/source/xwing-data/images/pilots/Galactic Empire/TIE Striker/black-squadron-scout.png","assets/generated/PilotBaseToken/galacticempire/tiestriker/blacksquadronscout__pilot-6382835ea36b.png",""
"galacticempire|tiestriker|scarifdefender|3|18","Scarif Defender","scarifdefender","Galactic Empire","TIE Striker",3,18,False,"MissingTokenHasPilotCard","assets/source/xwing-data/images/pilots/Galactic Empire/TIE Striker/scarif-defender.png","","assets/generated/PilotBaseToken/galacticempire/tiestriker/blacksquadronscout__pilot-6382835ea36b.png"
"rebelalliance|tiefighter|zeborrelios|3|13","""Zeb"" Orrelios","zeborrelios","Rebel Alliance","TIE Fighter",3,13,False,"Generated","assets/source/xwing-data/images/pilots/Rebel Alliance/Attack Shuttle/zeb-orrelios.png","assets/generated/PilotBaseToken/rebelalliance/tiefighter/zeborrelios__pilot-6a68adf29bda.png",""
"scumandvillainy|quadjumper|sarcoplank|5|18","Sarco Plank","sarcoplank","Scum and Villainy","Quadjumper",5,18,False,"Generated","assets/source/xwing-data/images/pilots/Scum and Villainy/Quadjumper/sarco-plank.png","assets/generated/PilotBaseToken/scumandvillainy/quadjumper/sarcoplank__pilot-ad0af9f4fada.png",""
"scumandvillainy|m3ainterceptor|genesisred|7|19","Genesis Red","genesisred","Scum and Villainy","M3-A Interceptor",7,19,False,"MissingTokenHasPilotCard","assets/source/xwing-data/images/pilots/Scum and Villainy/M3-A Interceptor/genesis-red.png","","assets/generated/PilotBaseToken/scumandvillainy/m3ainterceptor/cartelspacer__pilot-9ff20ae8c7ab.png"
"scumandvillainy|m3ainterceptor|inaldra|3|15","Inaldra","inaldra","Scum and Villainy","M3-A Interceptor",3,15,False,"Generated","assets/source/xwing-data/images/pilots/Scum and Villainy/M3-A Interceptor/inaldra.png","assets/generated/PilotBaseToken/scumandvillainy/m3ainterceptor/inaldra__pilot-d23bf9016c0d.png",""
"scumandvillainy|m3ainterceptor|quinnjast|6|18","Quinn Jast","quinnjast","Scum and Villainy","M3-A Interceptor",6,18,False,"Generated","assets/source/xwing-data/images/pilots/Scum and Villainy/M3-A Interceptor/quinn-jast.png","assets/generated/PilotBaseToken/scumandvillainy/m3ainterceptor/quinnjast__pilot-fead77745b91.png",""
"scumandvillainy|m3ainterceptor|sunnybounder|1|14","Sunny Bounder","sunnybounder","Scum and Villainy","M3-A Interceptor",1,14,False,"Generated","assets/source/xwing-data/images/pilots/Scum and Villainy/M3-A Interceptor/sunny-bounder.png","assets/generated/PilotBaseToken/scumandvillainy/m3ainterceptor/sunnybounder__pilot-e142b034674e.png",""
"scumandvillainy|scurrgh6bomber|karthakkpirate|1|24","Karthakk Pirate","karthakkpirate","Scum and Villainy","Scurrg H-6 Bomber",1,24,False,"MissingTokenHasPilotCard","assets/source/xwing-data/images/pilots/Scum and Villainy/Scurrg H-6 Bomber/karthakk-pirate.png","","assets/generated/PilotBaseToken/scumandvillainy/scurrgh6bomber/captainnym__pilot-40a82a73b01f.png"
"galacticempire|tieaggressor|sienarspecialist|2|17","Sienar Specialist","sienarspecialist","Galactic Empire","TIE Aggressor",2,17,False,"Generated","assets/source/xwing-data/images/pilots/Galactic Empire/TIE Aggressor/sienar-specialist.png","assets/generated/PilotBaseToken/galacticempire/tieaggressor/sienarspecialist__pilot-7274e5f48e24.png",""
"rebelalliance|auzituckgunship|kashyyykdefender|1|24","Kashyyyk Defender","kashyyykdefender","Rebel Alliance","Auzituck Gunship",1,24,False,"Generated","assets/source/xwing-data/images/pilots/Rebel Alliance/Auzituck Gunship/kashyyyk-defender.png","assets/generated/PilotBaseToken/rebelalliance/auzituckgunship/kashyyykdefender__pilot-7e5aeebc41d6.png",""
"galacticempire|tieaggressor|onyxsquadronescort|5|19","Onyx Squadron Escort","onyxsquadronescort","Galactic Empire","TIE Aggressor",5,19,False,"MissingTokenHasPilotCard","assets/source/xwing-data/images/pilots/Galactic Empire/TIE Aggressor/onyx-squadron-escort.png","","assets/generated/PilotBaseToken/galacticempire/tieaggressor/doubleedge__pilot-29c434698216.png"
"galacticempire|tieaggressor|lieutenantkestal|7|22","Lieutenant Kestal","lieutenantkestal","Galactic Empire","TIE Aggressor",7,22,False,"Generated","assets/source/xwing-data/images/pilots/Galactic Empire/TIE Aggressor/lieutenant-kestal.png","assets/generated/PilotBaseToken/galacticempire/tieaggressor/lieutenantkestal__pilot-0ccb6dea3e06.png",""
"galacticempire|tieaggressor|doubleedge|4|19","""Double Edge""","doubleedge","Galactic Empire","TIE Aggressor",4,19,False,"Generated","assets/source/xwing-data/images/pilots/Galactic Empire/TIE Aggressor/double-edge.png","assets/generated/PilotBaseToken/galacticempire/tieaggressor/doubleedge__pilot-29c434698216.png",""
"scumandvillainy|kihraxzfighter|viktorhel|7|25","Viktor Hel","viktorhel","Scum and Villainy","Kihraxz Fighter",7,25,False,"Generated","assets/source/xwing-data/images/pilots/Scum and Villainy/Kihraxz Fighter/viktor-hel.png","assets/generated/PilotBaseToken/scumandvillainy/kihraxzfighter/viktorhel__pilot-53f462b28696.png",""
"rebelalliance|auzituckgunship|lowhhrick|5|28","Lowhhrick","lowhhrick","Rebel Alliance","Auzituck Gunship",5,28,False,"MissingTokenHasPilotCard","assets/source/xwing-data/images/pilots/Rebel Alliance/Auzituck Gunship/lowhhrick.png","","assets/generated/PilotBaseToken/rebelalliance/auzituckgunship/kashyyykdefender__pilot-7e5aeebc41d6.png"
"rebelalliance|auzituckgunship|wullffwarro|7|30","Wullffwarro","wullffwarro","Rebel Alliance","Auzituck Gunship",7,30,False,"MissingTokenHasPilotCard","assets/source/xwing-data/images/pilots/Rebel Alliance/Auzituck Gunship/wullffwarro.png","","assets/generated/PilotBaseToken/rebelalliance/auzituckgunship/kashyyykdefender__pilot-7e5aeebc41d6.png"
"scumandvillainy|scurrgh6bomber|captainnym|8|30","Captain Nym","captainnym","Scum and Villainy","Scurrg H-6 Bomber",8,30,False,"Generated","assets/source/xwing-data/images/pilots/Rebel Alliance/Scurrg H-6 Bomber/captain-nym.png","assets/generated/PilotBaseToken/scumandvillainy/scurrgh6bomber/captainnym__pilot-40a82a73b01f.png",""
"rebelalliance|scurrgh6bomber|captainnym|8|30","Captain Nym","captainnym","Rebel Alliance","Scurrg H-6 Bomber",8,30,False,"MissingTokenHasPilotCard","assets/source/xwing-data/images/pilots/Rebel Alliance/Scurrg H-6 Bomber/captain-nym.png","","assets/generated/PilotBaseToken/scumandvillainy/scurrgh6bomber/captainnym__pilot-40a82a73b01f.png"
"scumandvillainy|scurrgh6bomber|solsixxa|6|28","Sol Sixxa","solsixxa","Scum and Villainy","Scurrg H-6 Bomber",6,28,False,"Generated","assets/source/xwing-data/images/pilots/Scum and Villainy/Scurrg H-6 Bomber/sol-sixxa.png","assets/generated/PilotBaseToken/scumandvillainy/scurrgh6bomber/solsixxa__pilot-39658d5b350b.png",""
"rebelalliance|auzituckgunship|wookieeliberator|3|26","Wookiee Liberator","wookieeliberator","Rebel Alliance","Auzituck Gunship",3,26,False,"MissingTokenHasPilotCard","assets/source/xwing-data/images/pilots/Rebel Alliance/Auzituck Gunship/wookiee-liberator.png","","assets/generated/PilotBaseToken/rebelalliance/auzituckgunship/kashyyykdefender__pilot-7e5aeebc41d6.png"
"scumandvillainy|scurrgh6bomber|lokrevenant|3|26","Lok Revenant","lokrevenant","Scum and Villainy","Scurrg H-6 Bomber",3,26,False,"Generated","assets/source/xwing-data/images/pilots/Scum and Villainy/Scurrg H-6 Bomber/lok-revenant.png","assets/generated/PilotBaseToken/scumandvillainy/scurrgh6bomber/lokrevenant__pilot-43214c180796.png",""
"scumandvillainy|starviper|blacksunassassin|5|28","Black Sun Assassin","blacksunassassin","Scum and Villainy","StarViper",5,28,False,"Generated","assets/source/xwing-data/images/pilots/Scum and Villainy/StarViper/black-sun-assassin.png","assets/generated/PilotBaseToken/scumandvillainy/starviper/blacksunassassin__pilot-e8e9694b8d34.png",""
"scumandvillainy|starviper|dalanoberos|6|30","Dalan Oberos","dalanoberos","Scum and Villainy","StarViper",6,30,False,"Generated","assets/source/xwing-data/images/pilots/Scum and Villainy/M12-L Kimogila Fighter/dalan-oberos.png","assets/generated/PilotBaseToken/scumandvillainy/starviper/dalanoberos__pilot-4324fb797b41.png",""
"scumandvillainy|starviper|thweek|4|28","Thweek","thweek","Scum and Villainy","StarViper",4,28,False,"MissingTokenHasPilotCard","assets/source/xwing-data/images/pilots/Scum and Villainy/StarViper/thweek.png","","assets/generated/PilotBaseToken/scumandvillainy/starviper/blacksunassassin__pilot-e8e9694b8d34.png"
"scumandvillainy|kihraxzfighter|captainjostero|4|24","Captain Jostero","captainjostero","Scum and Villainy","Kihraxz Fighter",4,24,False,"Generated","assets/source/xwing-data/images/pilots/Scum and Villainy/Kihraxz Fighter/captain-jostero.png","assets/generated/PilotBaseToken/scumandvillainy/kihraxzfighter/captainjostero__pilot-2bf2dae8f20e.png",""
"galacticempire|alphaclassstarwing|majorvynder|7|26","Major Vynder","majorvynder","Galactic Empire","Alpha-class Star Wing",7,26,False,"Generated","assets/source/xwing-data/images/pilots/Galactic Empire/Alpha-class Star Wing/major-vynder.png","assets/generated/PilotBaseToken/galacticempire/alphaclassstarwing/majorvynder__pilot-e36b6ada5cd4.png",""
"scumandvillainy|m12lkimogilafighter|toranikulda|8|27","Torani Kulda","toranikulda","Scum and Villainy","M12-L Kimogila Fighter",8,27,False,"Generated","assets/source/xwing-data/images/pilots/Scum and Villainy/M12-L Kimogila Fighter/torani-kulda.png","assets/generated/PilotBaseToken/scumandvillainy/m12lkimogilafighter/toranikulda__pilot-3d71d27165ea.png",""
"rebelalliance|sheathipedeclassshuttle|fennrau|9|20","Fenn Rau","fennrau","Rebel Alliance","Sheathipede-class Shuttle",9,20,False,"Generated","assets/source/xwing-data/images/pilots/Rebel Alliance/Sheathipede-class Shuttle/fenn-rau.png","assets/generated/PilotBaseToken/rebelalliance/sheathipedeclassshuttle/fennrau__pilot-6736e13c64b7.png",""
"firstorder|tiesilencer|kyloren|9|35","Kylo Ren","kyloren","First Order","TIE Silencer",9,35,False,"Generated","assets/source/xwing-data/images/pilots/First Order/TIE Silencer/kylo-ren.png","assets/generated/PilotBaseToken/firstorder/tiesilencer/kyloren__pilot-9af4734ca538.png",""
"resistance|bsf17bomber|crimsonleader|7|29","""Crimson Leader""","crimsonleader","Resistance","B/SF-17 Bomber",7,29,False,"MissingTokenHasPilotCard","assets/source/xwing-data/images/pilots/Resistance/B-SF-17 Bomber/crimson-leader.png","",""
"galacticempire|alphaclassstarwing|nusquadronpilot|2|18","Nu Squadron Pilot","nusquadronpilot","Galactic Empire","Alpha-class Star Wing",2,18,False,"Generated","assets/source/xwing-data/images/pilots/Galactic Empire/Alpha-class Star Wing/nu-squadron-pilot.png","assets/generated/PilotBaseToken/galacticempire/alphaclassstarwing/nusquadronpilot__pilot-3c9e6338ebc2.png",""
"galacticempire|alphaclassstarwing|rhosquadronveteran|4|21","Rho Squadron Veteran","rhosquadronveteran","Galactic Empire","Alpha-class Star Wing",4,21,False,"MissingTokenHasPilotCard","assets/source/xwing-data/images/pilots/Galactic Empire/Alpha-class Star Wing/rho-squadron-veteran.png","","assets/generated/PilotBaseToken/galacticempire/alphaclassstarwing/lieutenantkarsabi__pilot-a0f3db878b53.png"
"galacticempire|alphaclassstarwing|lieutenantkarsabi|5|24","Lieutenant Karsabi","lieutenantkarsabi","Galactic Empire","Alpha-class Star Wing",5,24,False,"Generated","assets/source/xwing-data/images/pilots/Galactic Empire/Alpha-class Star Wing/lieutenant-karsabi.png","assets/generated/PilotBaseToken/galacticempire/alphaclassstarwing/lieutenantkarsabi__pilot-a0f3db878b53.png",""
"scumandvillainy|m12lkimogilafighter|cartelbrute|3|22","Cartel Brute","cartelbrute","Scum and Villainy","M12-L Kimogila Fighter",3,22,False,"MissingTokenHasPilotCard","assets/source/xwing-data/images/pilots/Scum and Villainy/M12-L Kimogila Fighter/cartel-brute.png","","assets/generated/PilotBaseToken/scumandvillainy/m12lkimogilafighter/cartelexecutioner__pilot-4e5b3c6c644f.png"
"scumandvillainy|m12lkimogilafighter|dalanoberos|7|25","Dalan Oberos","dalanoberos","Scum and Villainy","M12-L Kimogila Fighter",7,25,False,"Generated","assets/source/xwing-data/images/pilots/Scum and Villainy/M12-L Kimogila Fighter/dalan-oberos.png","assets/generated/PilotBaseToken/scumandvillainy/m12lkimogilafighter/dalanoberos__pilot-54cd395be440.png",""
"rebelalliance|sheathipedeclassshuttle|ezrabridger|5|17","Ezra Bridger","ezrabridger","Rebel Alliance","Sheathipede-class Shuttle",5,17,False,"Generated","assets/source/xwing-data/images/pilots/Rebel Alliance/Attack Shuttle/ezra-bridger.png","assets/generated/PilotBaseToken/rebelalliance/sheathipedeclassshuttle/ezrabridger__pilot-a1fb4cd13d43.png",""
"rebelalliance|sheathipedeclassshuttle|zeborrelios|3|16","""Zeb"" Orrelios","zeborrelios","Rebel Alliance","Sheathipede-class Shuttle",3,16,False,"Generated","assets/source/xwing-data/images/pilots/Rebel Alliance/Attack Shuttle/zeb-orrelios.png","assets/generated/PilotBaseToken/rebelalliance/sheathipedeclassshuttle/zeborrelios__pilot-6252cb094efa.png",""
"rebelalliance|sheathipedeclassshuttle|ap5|1|15","AP-5","ap5","Rebel Alliance","Sheathipede-class Shuttle",1,15,False,"Generated","assets/source/xwing-data/images/pilots/Rebel Alliance/Sheathipede-class Shuttle/ap-5.png","assets/generated/PilotBaseToken/rebelalliance/sheathipedeclassshuttle/ap5__pilot-24eed7fb9599.png",""
"resistance|bsf17bomber|crimsonsquadronpilot|1|25","Crimson Squadron Pilot","crimsonsquadronpilot","Resistance","B/SF-17 Bomber",1,25,False,"MissingTokenHasPilotCard","assets/source/xwing-data/images/pilots/Resistance/B-SF-17 Bomber/crimson-squadron-pilot.png","",""
"resistance|bsf17bomber|crimsonspecialist|4|27","""Crimson Specialist""","crimsonspecialist","Resistance","B/SF-17 Bomber",4,27,False,"MissingTokenHasPilotCard","assets/source/xwing-data/images/pilots/Resistance/B-SF-17 Bomber/crimson-specialist.png","",""
"resistance|bsf17bomber|cobaltleader|6|28","""Cobalt Leader""","cobaltleader","Resistance","B/SF-17 Bomber",6,28,False,"MissingTokenHasPilotCard","assets/source/xwing-data/images/pilots/Resistance/B-SF-17 Bomber/cobalt-leader.png","",""
"firstorder|tiesilencer|testpilotblackout|7|31","Test Pilot ""Blackout""","testpilotblackout","First Order","TIE Silencer",7,31,False,"MissingTokenHasPilotCard","assets/source/xwing-data/images/pilots/First Order/TIE Silencer/test-pilot-blackout.png","","assets/generated/PilotBaseToken/firstorder/tiesilencer/firstordertestpilot__pilot-13ec6ba835cc.png"
"scumandvillainy|m12lkimogilafighter|cartelexecutioner|5|24","Cartel Executioner","cartelexecutioner","Scum and Villainy","M12-L Kimogila Fighter",5,24,False,"Generated","assets/source/xwing-data/images/pilots/Scum and Villainy/M12-L Kimogila Fighter/cartel-executioner.png","assets/generated/PilotBaseToken/scumandvillainy/m12lkimogilafighter/cartelexecutioner__pilot-4e5b3c6c644f.png",""
"firstorder|tiesilencer|sienarjaemusanalyst|4|26","Sienar-Jaemus Analyst","sienarjaemusanalyst","First Order","TIE Silencer",4,26,False,"MissingTokenHasPilotCard","assets/source/xwing-data/images/pilots/First Order/TIE Silencer/sienar-jaemus-analyst.png","","assets/generated/PilotBaseToken/firstorder/tiesilencer/firstordertestpilot__pilot-13ec6ba835cc.png"
"firstorder|tiesilencer|firstordertestpilot|6|29","First Order Test Pilot","firstordertestpilot","First Order","TIE Silencer",6,29,False,"Generated","assets/source/xwing-data/images/pilots/First Order/TIE Silencer/first-order-test-pilot.png","assets/generated/PilotBaseToken/firstorder/tiesilencer/firstordertestpilot__pilot-13ec6ba835cc.png",""
"rebelalliance|xwing|kullbeesperado|7|26","Kullbee Sperado","kullbeesperado","Rebel Alliance","X-wing",7,26,False,"Generated","assets/source/xwing-data/images/pilots/Rebel Alliance/X-wing/kullbee-sperado.png","assets/generated/PilotBaseToken/rebelalliance/xwing/kullbeesperado__pilot-5f40e4920b73.png",""
"galacticempire|tiereaper|majorvermeil|6|26","Major Vermeil","majorvermeil","Galactic Empire","TIE Reaper",6,26,False,"MissingTokenHasPilotCard","assets/source/xwing-data/images/pilots/Galactic Empire/TIE Reaper/major-vermeil.png","",""
"rebelalliance|uwing|sawgerrera|6|26","Saw Gerrera","sawgerrera","Rebel Alliance","U-wing",6,26,False,"Generated","assets/source/xwing-data/images/pilots/Rebel Alliance/U-wing/saw-gerrera.png","assets/generated/PilotBaseToken/rebelalliance/uwing/sawgerrera__pilot-41aaac334224.png",""
"rebelalliance|uwing|benthictwotubes|4|24","Benthic Two Tubes","benthictwotubes","Rebel Alliance","U-wing",4,24,False,"Generated","assets/source/xwing-data/images/pilots/Rebel Alliance/U-wing/benthic-two-tubes.png","assets/generated/PilotBaseToken/rebelalliance/uwing/benthictwotubes__pilot-69dc976b7248.png",""
"rebelalliance|xwing|leevantenza|5|25","Leevan Tenza","leevantenza","Rebel Alliance","X-wing",5,25,False,"Generated","assets/source/xwing-data/images/pilots/Rebel Alliance/X-wing/leevan-tenza.png","assets/generated/PilotBaseToken/rebelalliance/xwing/leevantenza__pilot-63d29f362b3c.png",""
"galacticempire|tiereaper|captainferoph|4|24","Captain Feroph","captainferoph","Galactic Empire","TIE Reaper",4,24,False,"MissingTokenHasPilotCard","assets/source/xwing-data/images/pilots/Galactic Empire/TIE Reaper/captain-feroph.png","",""
"galacticempire|tiereaper|scarifbasepilot|1|22","Scarif Base Pilot","scarifbasepilot","Galactic Empire","TIE Reaper",1,22,False,"MissingTokenHasPilotCard","assets/source/xwing-data/images/pilots/Galactic Empire/TIE Reaper/scarif-base-pilot.png","",""
"galacticempire|tiereaper|vizier|3|23","""Vizier""","vizier","Galactic Empire","TIE Reaper",3,23,False,"MissingTokenHasPilotCard","assets/source/xwing-data/images/pilots/Galactic Empire/TIE Reaper/vizier.png","",""
"rebelalliance|xwing|cavernangelszealot|1|22","Cavern Angels Zealot","cavernangelszealot","Rebel Alliance","X-wing",1,22,False,"Generated","assets/source/xwing-data/images/pilots/Rebel Alliance/X-wing/cavern-angels-zealot.png","assets/generated/PilotBaseToken/rebelalliance/xwing/cavernangelszealot__pilot-a15b41525ff5.png",""
"rebelalliance|xwing|edriotwotubes|4|24","Edrio Two Tubes","edriotwotubes","Rebel Alliance","X-wing",4,24,False,"Generated","assets/source/xwing-data/images/pilots/Rebel Alliance/X-wing/edrio-two-tubes.png","assets/generated/PilotBaseToken/rebelalliance/xwing/edriotwotubes__pilot-b59de7402044.png",""
"rebelalliance|uwing|partisanrenegade|1|22","Partisan Renegade","partisanrenegade","Rebel Alliance","U-wing",1,22,False,"Generated","assets/source/xwing-data/images/pilots/Rebel Alliance/U-wing/partisan-renegade.png","assets/generated/PilotBaseToken/rebelalliance/uwing/partisanrenegade__pilot-40e4c0339168.png",""
"rebelalliance|uwing|magvayarro|5|25","Magva Yarro","magvayarro","Rebel Alliance","U-wing",5,25,False,"Generated","assets/source/xwing-data/images/pilots/Rebel Alliance/U-wing/magva-yarro.png","assets/generated/PilotBaseToken/rebelalliance/uwing/magvayarro__pilot-c1cd7d44a8ef.png",""
