"RelativePath","FullPath","Extension","SizeBytes","DetectedType","SuggestedAction","HeaderHex","TextPreview"
"api.tabletopsimulator.com\other\asset__a13e8ac4fd049948.bin","C:\Users\Evan\Documents\GitHub\xwing-unified-1e\assets\source\legacy1e\api.tabletopsimulator.com\other\asset__a13e8ac4fd049948.bin",".bin","38683","HTML webpage","Delete","0A 3C 21 64 6F 63 74 79 70 65 20 68 74 6D 6C 3E","<!doctype html> <html lang=""en"" class=""no-js"">   <head>            <meta charset=""utf-8"">       <meta name=""viewport"" content=""width=device-width,initial-scale=1"">                                   <link rel=""icon"" href=""../../img/Icon-Dice.png"">       <meta name=""generator"" content=""mkdocs-1.6.1, mkdocs-material-7.0.7"">                          <title>Introduction - Tabletop Simulator API</title>                        <link rel=""stylesheet"" href=""../../assets/stylesheets/main.c772ddf0.min.css"
"github.com\other\asset__131d27368c58e617.bin","C:\Users\Evan\Documents\GitHub\xwing-unified-1e\assets\source\legacy1e\github.com\other\asset__131d27368c58e617.bin",".bin","307686","HTML webpage","Delete","0A 0A 0A 0A 0A 0A 3C 21 44 4F 43 54 59 50 45 20","<!DOCTYPE html> <html   lang=""en""      data-color-mode=""auto"" data-light-theme=""light"" data-dark-theme=""dark""   data-a11y-animated-images=""system"" data-a11y-link-underlines=""true""      >   <head>     <meta charset=""utf-8"">   <link rel=""dns-prefetch"" href=""https://github.githubassets.com"">   <link rel=""dns-prefetch"" href=""https://avatars.githubusercontent.com"">   <link rel=""dns-prefetch"" href=""https://github-cloud.s3.amazonaws.com"">   <link rel=""dns-prefetch"" href=""https://user-images.g"
"github.com\other\Credits__314eb66dc760b9a6.bin","C:\Users\Evan\Documents\GitHub\xwing-unified-1e\assets\source\legacy1e\github.com\other\Credits__314eb66dc760b9a6.bin",".bin","266747","HTML webpage","Delete","0A 0A 0A 0A 0A 0A 0A 3C 21 44 4F 43 54 59 50 45","<!DOCTYPE html> <html   lang=""en""      data-color-mode=""auto"" data-light-theme=""light"" data-dark-theme=""dark""   data-a11y-animated-images=""system"" data-a11y-link-underlines=""true""      >   <head>     <meta charset=""utf-8"">   <link rel=""dns-prefetch"" href=""https://github.githubassets.com"">   <link rel=""dns-prefetch"" href=""https://avatars.githubusercontent.com"">   <link rel=""dns-prefetch"" href=""https://github-cloud.s3.amazonaws.com"">   <link rel=""dns-prefetch"" href=""https://user-images."
"github.com\other\Doc_-Commands__a6d31458131f30a6.bin","C:\Users\Evan\Documents\GitHub\xwing-unified-1e\assets\source\legacy1e\github.com\other\Doc_-Commands__a6d31458131f30a6.bin",".bin","287552","HTML webpage","Delete","0A 0A 0A 0A 0A 0A 0A 3C 21 44 4F 43 54 59 50 45","<!DOCTYPE html> <html   lang=""en""      data-color-mode=""auto"" data-light-theme=""light"" data-dark-theme=""dark""   data-a11y-animated-images=""system"" data-a11y-link-underlines=""true""      >   <head>     <meta charset=""utf-8"">   <link rel=""dns-prefetch"" href=""https://github.githubassets.com"">   <link rel=""dns-prefetch"" href=""https://avatars.githubusercontent.com"">   <link rel=""dns-prefetch"" href=""https://github-cloud.s3.amazonaws.com"">   <link rel=""dns-prefetch"" href=""https://user-images."
"github.com\other\Doc_-List-Building__74966617ad763375.bin","C:\Users\Evan\Documents\GitHub\xwing-unified-1e\assets\source\legacy1e\github.com\other\Doc_-List-Building__74966617ad763375.bin",".bin","267818","HTML webpage","Delete","0A 0A 0A 0A 0A 0A 0A 3C 21 44 4F 43 54 59 50 45","<!DOCTYPE html> <html   lang=""en""      data-color-mode=""auto"" data-light-theme=""light"" data-dark-theme=""dark""   data-a11y-animated-images=""system"" data-a11y-link-underlines=""true""      >   <head>     <meta charset=""utf-8"">   <link rel=""dns-prefetch"" href=""https://github.githubassets.com"">   <link rel=""dns-prefetch"" href=""https://avatars.githubusercontent.com"">   <link rel=""dns-prefetch"" href=""https://github-cloud.s3.amazonaws.com"">   <link rel=""dns-prefetch"" href=""https://user-images."
"github.com\other\Tabletop-Simulator-Misc__8743dfe85ac926f6.bin","C:\Users\Evan\Documents\GitHub\xwing-unified-1e\assets\source\legacy1e\github.com\other\Tabletop-Simulator-Misc__8743dfe85ac926f6.bin",".bin","231084","HTML webpage","Delete","0A 0A 0A 0A 0A 0A 3C 21 44 4F 43 54 59 50 45 20","<!DOCTYPE html> <html   lang=""en""      data-color-mode=""auto"" data-light-theme=""light"" data-dark-theme=""dark""   data-a11y-animated-images=""system"" data-a11y-link-underlines=""true""      >   <head>     <meta charset=""utf-8"">   <link rel=""dns-prefetch"" href=""https://github.githubassets.com"">   <link rel=""dns-prefetch"" href=""https://avatars.githubusercontent.com"">   <link rel=""dns-prefetch"" href=""https://github-cloud.s3.amazonaws.com"">   <link rel=""dns-prefetch"" href=""https://user-images.g"
"github.com\other\TTS_lib__b0b762ed9d3491a8.bin","C:\Users\Evan\Documents\GitHub\xwing-unified-1e\assets\source\legacy1e\github.com\other\TTS_lib__b0b762ed9d3491a8.bin",".bin","260606","HTML webpage","Delete","0A 0A 0A 0A 0A 0A 3C 21 44 4F 43 54 59 50 45 20","<!DOCTYPE html> <html   lang=""en""      data-color-mode=""auto"" data-light-theme=""light"" data-dark-theme=""dark""   data-a11y-animated-images=""system"" data-a11y-link-underlines=""true""      >   <head>     <meta charset=""utf-8"">   <link rel=""dns-prefetch"" href=""https://github.githubassets.com"">   <link rel=""dns-prefetch"" href=""https://avatars.githubusercontent.com"">   <link rel=""dns-prefetch"" href=""https://github-cloud.s3.amazonaws.com"">   <link rel=""dns-prefetch"" href=""https://user-images.g"
"github.com\other\TTS_xwing__12ae5402ae696f57.bin","C:\Users\Evan\Documents\GitHub\xwing-unified-1e\assets\source\legacy1e\github.com\other\TTS_xwing__12ae5402ae696f57.bin",".bin","307686","HTML webpage","Delete","0A 0A 0A 0A 0A 0A 3C 21 44 4F 43 54 59 50 45 20","<!DOCTYPE html> <html   lang=""en""      data-color-mode=""auto"" data-light-theme=""light"" data-dark-theme=""dark""   data-a11y-animated-images=""system"" data-a11y-link-underlines=""true""      >   <head>     <meta charset=""utf-8"">   <link rel=""dns-prefetch"" href=""https://github.githubassets.com"">   <link rel=""dns-prefetch"" href=""https://avatars.githubusercontent.com"">   <link rel=""dns-prefetch"" href=""https://github-cloud.s3.amazonaws.com"">   <link rel=""dns-prefetch"" href=""https://user-images.g"
"github.com\other\TTS_xwing__99b448a20721e253.bin","C:\Users\Evan\Documents\GitHub\xwing-unified-1e\assets\source\legacy1e\github.com\other\TTS_xwing__99b448a20721e253.bin",".bin","307686","HTML webpage","Delete","0A 0A 0A 0A 0A 0A 3C 21 44 4F 43 54 59 50 45 20","<!DOCTYPE html> <html   lang=""en""      data-color-mode=""auto"" data-light-theme=""light"" data-dark-theme=""dark""   data-a11y-animated-images=""system"" data-a11y-link-underlines=""true""      >   <head>     <meta charset=""utf-8"">   <link rel=""dns-prefetch"" href=""https://github.githubassets.com"">   <link rel=""dns-prefetch"" href=""https://avatars.githubusercontent.com"">   <link rel=""dns-prefetch"" href=""https://github-cloud.s3.amazonaws.com"">   <link rel=""dns-prefetch"" href=""https://user-images.g"
"github.com\other\Update-roundup_-v1__7d533f1e68e2788b.bin","C:\Users\Evan\Documents\GitHub\xwing-unified-1e\assets\source\legacy1e\github.com\other\Update-roundup_-v1__7d533f1e68e2788b.bin",".bin","267069","HTML webpage","Delete","0A 0A 0A 0A 0A 0A 0A 3C 21 44 4F 43 54 59 50 45","<!DOCTYPE html> <html   lang=""en""      data-color-mode=""auto"" data-light-theme=""light"" data-dark-theme=""dark""   data-a11y-animated-images=""system"" data-a11y-link-underlines=""true""      >   <head>     <meta charset=""utf-8"">   <link rel=""dns-prefetch"" href=""https://github.githubassets.com"">   <link rel=""dns-prefetch"" href=""https://avatars.githubusercontent.com"">   <link rel=""dns-prefetch"" href=""https://github-cloud.s3.amazonaws.com"">   <link rel=""dns-prefetch"" href=""https://user-images."
"github.com\other\wiki__0d395c31fbdbee8f.bin","C:\Users\Evan\Documents\GitHub\xwing-unified-1e\assets\source\legacy1e\github.com\other\wiki__0d395c31fbdbee8f.bin",".bin","267812","HTML webpage","Delete","0A 0A 0A 0A 0A 0A 0A 3C 21 44 4F 43 54 59 50 45","<!DOCTYPE html> <html   lang=""en""      data-color-mode=""auto"" data-light-theme=""light"" data-dark-theme=""dark""   data-a11y-animated-images=""system"" data-a11y-link-underlines=""true""      >   <head>     <meta charset=""utf-8"">   <link rel=""dns-prefetch"" href=""https://github.githubassets.com"">   <link rel=""dns-prefetch"" href=""https://avatars.githubusercontent.com"">   <link rel=""dns-prefetch"" href=""https://github-cloud.s3.amazonaws.com"">   <link rel=""dns-prefetch"" href=""https://user-images."
"github.com\other\wiki__aaa0569ec890f874.bin","C:\Users\Evan\Documents\GitHub\xwing-unified-1e\assets\source\legacy1e\github.com\other\wiki__aaa0569ec890f874.bin",".bin","267812","HTML webpage","Delete","0A 0A 0A 0A 0A 0A 0A 3C 21 44 4F 43 54 59 50 45","<!DOCTYPE html> <html   lang=""en""      data-color-mode=""auto"" data-light-theme=""light"" data-dark-theme=""dark""   data-a11y-animated-images=""system"" data-a11y-link-underlines=""true""      >   <head>     <meta charset=""utf-8"">   <link rel=""dns-prefetch"" href=""https://github.githubassets.com"">   <link rel=""dns-prefetch"" href=""https://avatars.githubusercontent.com"">   <link rel=""dns-prefetch"" href=""https://github-cloud.s3.amazonaws.com"">   <link rel=""dns-prefetch"" href=""https://user-images."
"github.com\other\xwing_traj__98a1f6f5f788389b.bin","C:\Users\Evan\Documents\GitHub\xwing-unified-1e\assets\source\legacy1e\github.com\other\xwing_traj__98a1f6f5f788389b.bin",".bin","251293","HTML webpage","Delete","0A 0A 0A 0A 0A 0A 3C 21 44 4F 43 54 59 50 45 20","<!DOCTYPE html> <html   lang=""en""      data-color-mode=""auto"" data-light-theme=""light"" data-dark-theme=""dark""   data-a11y-animated-images=""system"" data-a11y-link-underlines=""true""      >   <head>     <meta charset=""utf-8"">   <link rel=""dns-prefetch"" href=""https://github.githubassets.com"">   <link rel=""dns-prefetch"" href=""https://avatars.githubusercontent.com"">   <link rel=""dns-prefetch"" href=""https://github-cloud.s3.amazonaws.com"">   <link rel=""dns-prefetch"" href=""https://user-images.g"
"steamcommunity.com\other\asset__e4c8d2d905bd816d.bin","C:\Users\Evan\Documents\GitHub\xwing-unified-1e\assets\source\legacy1e\steamcommunity.com\other\asset__e4c8d2d905bd816d.bin",".bin","27116","HTML webpage","Delete","3C 21 44 4F 43 54 59 50 45 20 68 74 6D 6C 3E 0A","<!DOCTYPE html> <html class="" responsive DesktopUI"" lang=""en""  > <head> <meta http-equiv=""Content-Type"" content=""text/html; charset=UTF-8""> <meta name=""viewport"" content=""width=device-width,initial-scale=1""> <meta name=""theme-color"" content=""#171a21""> <title>Steam Community :: Error</title> <link rel=""shortcut icon"" href=""/favicon.ico"" type=""image/x-icon""> <link href=""https://community.fastly.steamstatic.com/public/shared/css/motiva_sans.css?v=-yZgCk0Nu7kH&amp;l=english&amp;_cdn=f"
"steamusercontent-a.akamaihd.net\other\asset__185404bd83f9cee7.bin","C:\Users\Evan\Documents\GitHub\xwing-unified-1e\assets\source\legacy1e\steamusercontent-a.akamaihd.net\other\asset__185404bd83f9cee7.bin",".bin","904528","HTML webpage","Delete","3C 21 44 4F 43 54 59 50 45 20 48 54 4D 4C 3E 0A","<!DOCTYPE HTML> <head> <meta http-equiv=""Content-Type"" content=""text/html; charset=utf-8"" /> <title>SFTie - Pastebin.com</title> <link rel=""shortcut icon"" href=""/favicon.ico"" /> <script src=""/js/jquery.min.js""></script> <script src=""/js/pastebin.min.js""></script> <link href=""/cache/css_lang/text.css"" rel=""stylesheet"" type=""text/css"" /> <link href=""/i/pastebin.min.css"" rel=""stylesheet"" type=""text/css"" /> <!--[if lt IE 10]> <link href=""/i/pastebin.ie8.css"" rel=""stylesheet"" type"
"steamusercontent-a.akamaihd.net\other\asset__304151aeeb5f3fd4.bin","C:\Users\Evan\Documents\GitHub\xwing-unified-1e\assets\source\legacy1e\steamusercontent-a.akamaihd.net\other\asset__304151aeeb5f3fd4.bin",".bin","506009","HTML webpage","Delete","3C 21 44 4F 43 54 59 50 45 20 48 54 4D 4C 3E 0A","<!DOCTYPE HTML> <head> <meta http-equiv=""Content-Type"" content=""text/html; charset=utf-8"" /> <title>Tie - Pastebin.com</title> <link rel=""shortcut icon"" href=""/favicon.ico"" /> <script src=""/js/jquery.min.js""></script> <script src=""/js/pastebin.min.js""></script> <link href=""/cache/css_lang/text.css"" rel=""stylesheet"" type=""text/css"" /> <link href=""/i/pastebin.min.css?v=91"" rel=""stylesheet"" type=""text/css"" /> <!--[if lt IE 10]> <link href=""/i/pastebin.ie8.css"" rel=""stylesheet"" t"
"steamusercontent-a.akamaihd.net\other\asset__85da48a8f8545017.bin","C:\Users\Evan\Documents\GitHub\xwing-unified-1e\assets\source\legacy1e\steamusercontent-a.akamaihd.net\other\asset__85da48a8f8545017.bin",".bin","1389553","HTML webpage","Delete","3C 21 44 4F 43 54 59 50 45 20 48 54 4D 4C 3E 0A","<!DOCTYPE HTML> <head> <meta http-equiv=""Content-Type"" content=""text/html; charset=utf-8"" /> <title>FalconRey - Pastebin.com</title> <link rel=""shortcut icon"" href=""/favicon.ico"" /> <script src=""/js/jquery.min.js""></script> <script src=""/js/pastebin.min.js""></script> <link href=""/cache/css_lang/text.css"" rel=""stylesheet"" type=""text/css"" /> <link href=""/i/pastebin.min.css"" rel=""stylesheet"" type=""text/css"" /> <!--[if lt IE 10]> <link href=""/i/pastebin.ie8.css"" rel=""stylesheet"""
"steamusercontent-a.akamaihd.net\other\asset__c9a97281531de906.bin","C:\Users\Evan\Documents\GitHub\xwing-unified-1e\assets\source\legacy1e\steamusercontent-a.akamaihd.net\other\asset__c9a97281531de906.bin",".bin","761755","HTML webpage","Delete","3C 21 44 4F 43 54 59 50 45 20 48 54 4D 4C 3E 0A","<!DOCTYPE HTML> <head> <meta http-equiv=""Content-Type"" content=""text/html; charset=utf-8"" /> <title>Shuttle - Pastebin.com</title> <link rel=""shortcut icon"" href=""/favicon.ico"" /> <script src=""/js/jquery.min.js""></script> <script src=""/js/pastebin.min.js""></script> <link href=""/cache/css_lang/text.css"" rel=""stylesheet"" type=""text/css"" /> <link href=""/i/pastebin.min.css"" rel=""stylesheet"" type=""text/css"" /> <!--[if lt IE 10]> <link href=""/i/pastebin.ie8.css"" rel=""stylesheet"" ty"
"steamusercontent-a.akamaihd.net\other\asset__7627ef997849820b.bin","C:\Users\Evan\Documents\GitHub\xwing-unified-1e\assets\source\legacy1e\steamusercontent-a.akamaihd.net\other\asset__7627ef997849820b.bin",".bin","132129","JPEG image","Keep; rename to .jpg","FF D8 FF E0 00 10 4A 46 49 46 00 01 01 01 00 47","���� JFIF  G G  �� hExif  MM *           >       F(       1       N     �  � �  �Paint.NET v3.5.10 �� C �� C�� �,"" ��            �� �   } !1AQa""q2���#B��R��$3br� %&'()*456789:CDEFGHIJSTUVWXYZcdefghijstuvwxyz��������������������������������������������������������������������������"
"steamusercontent-a.akamaihd.net\other\asset__b32ce2b8cca7a62d.bin","C:\Users\Evan\Documents\GitHub\xwing-unified-1e\assets\source\legacy1e\steamusercontent-a.akamaihd.net\other\asset__b32ce2b8cca7a62d.bin",".bin","2888","Possible OBJ model","Keep; rename to .obj","6D 74 6C 6C 69 62 20 66 69 6E 65 74 72 61 79 2E","mtllib finetray.mtl v -18.36 -0.555 4.8654 v 18.36 -0.555 4.8654 v 18.36 -0.555 -4.8654 v -18.36 -0.555 -4.8654 v -18.36 0.555 4.8654 v 18.36 0.555 4.8654 v 18.36 0.555 -4.8654 v -18.36 0.555 -4.8654 v -18 -0.15 4.5 v 18 -0.15 4.5 v 18 -0.15 -4.5 v -18 -0.15 -4.5 v 18 0.555 -4.5 v 18 0.555 4.5 v -18 0.555 -4.5 v -18 0.555 4.5     usemtl finetraytex g none vt 0.00520196 0.268219 vt 0.00520196 0.521255 vt 0.889535 0.268219 f 1/1 4/2 2/3   vt 0.889535 0.268219 vt 0.0052019"
"steamusercontent-a.akamaihd.net\other\asset__00212d35a60a2976.bin","C:\Users\Evan\Documents\GitHub\xwing-unified-1e\assets\source\legacy1e\steamusercontent-a.akamaihd.net\other\asset__00212d35a60a2976.bin",".bin","3709998","PNG image","Keep; rename to .png","89 50 4E 47 0D 0A 1A 0A 00 00 00 0D 49 48 44 52","�PNG      IHDR         =�Dg   tEXtSoftware Adobe ImageReadyq�e<  ""iTXtXML:com.adobe.xmp     <?xpacket begin=""﻿"" id=""W5M0MpCehiHzreSzNTczkc9d""?> <x:xmpmeta xmlns:x=""adobe:ns:meta/"" x:xmptk=""Adobe XMP Core 5.3-c011 66.145661, 2012/02/06-14:56:27        ""> <rdf:RDF xmlns:rdf=""http://www.w3.org/1999/02/22-rdf-syntax-ns#""> <rdf:Description rdf:about="""" xmlns:xmp=""http://ns.adobe.com/xap/1.0/"" xmlns:xmpMM=""http://ns.adobe.com/xap/1.0/mm/"" xmlns:stRef=""http://ns.adobe.com/xap/1.0/sType/Resour"
"steamusercontent-a.akamaihd.net\other\asset__005447a3dd934eb9.bin","C:\Users\Evan\Documents\GitHub\xwing-unified-1e\assets\source\legacy1e\steamusercontent-a.akamaihd.net\other\asset__005447a3dd934eb9.bin",".bin","720940","PNG image","Keep; rename to .png","89 50 4E 47 0D 0A 1A 0A 00 00 00 0D 49 48 44 52","�PNG      IHDR  �  v   Z���   sRGB ���   gAMA  ���a    pHYs  �  ��o�d  ��IDATx^��ut\ٖ��ޮSշ�N��4���ɲ%Y�����d;͘�L33�$���(���CU���qoι��)}Nw�����5�7�Zs��;""R���W�����~���k���N�^C�N��A�: �Z綨�����:퓾j;Sk��ޮ#���-����}{;�V��i�a]�v���0��8�k�Zr�q�����Ԝ��A5j��d��HgZ�N4��Љ�w��cg�9t�+�-P���N}/g;x8�I�񤾇�j̸����˼����� d/��Ig3F�Nu>ۍp5���[9�[>�� u���u^����Ɯ���c/�7��� 7Gx;����������K���Ɲ�n��އ��,��2Z]�����ճ:�Z��5�/]���Y~t~ �@�^>ˋ��3�Y���>��Y�"
"steamusercontent-a.akamaihd.net\other\asset__0427ae9cb3a8a11a.bin","C:\Users\Evan\Documents\GitHub\xwing-unified-1e\assets\source\legacy1e\steamusercontent-a.akamaihd.net\other\asset__0427ae9cb3a8a11a.bin",".bin","333537","PNG image","Keep; rename to .png","89 50 4E 47 0D 0A 1A 0A 00 00 00 0D 49 48 44 52","�PNG      IHDR  X  F   !���   sRGB ���   gAMA  ���a    pHYs  �  ��o�d  ��IDATx^�����ٞ�wJ����҆��pf�ݷ��Wz�w@fi�DH �G""���ҕ�U�����{;�4$/5$�$W+�~z��y�r�!����s�P�x^8�<��O����g����?�k!G�hd���9�����h`���I�`hJ2C�~�ܾ r�rx���)�)��r�w�K�I�������YCK�W�1��o\'״���U��Q`��i�+�=�G�);Ęx�-��� +;�Z�¥� z5����ҘMu�u*�s(�ϡ�����fЅ����@�B��$� ��I�銈 �,""""۽�""�}4��UW@ku.��Jr�m����Nq����~*Jh�Ȧ��:�5�((i�;����G��?$����wХ�2<�:�O�<@�""��tE���Kg�=��to˺"
"steamusercontent-a.akamaihd.net\other\asset__0901a98647038dbb.bin","C:\Users\Evan\Documents\GitHub\xwing-unified-1e\assets\source\legacy1e\steamusercontent-a.akamaihd.net\other\asset__0901a98647038dbb.bin",".bin","339890","PNG image","Keep; rename to .png","89 50 4E 47 0D 0A 1A 0A 00 00 00 0D 49 48 44 52","�PNG      IHDR  �  4   ;(h   sRGB ���   gAMA  ���a    pHYs  �  ��o�d  ��IDATx^��u�d�ݰ�?��w���t�u������u��ێ��κ� �.�kIg�@HD���N��}~������|�OթSvN�e���[�_��+��Ͽ�����Ϙ��,x]�����:��k�x�m���m.����?���o7�x�5��3x�j��h�h'y]䟍��?<��0����%&(���ƍϸ�c3f�↱c���2�,'��ucn�zY&�e�����@���%�ɺcU~��q��q��Xq�����ݿ�� ��g��n�q���m�}�9��E��1�_IU�u?���@���2QO�I��6׉6�>>W�ez�E[��� ڌ����%��=~<>�y<y�J|�{���W�#���}-�~�M������ُ�/�E���%~��ȶ���+�R�"
"steamusercontent-a.akamaihd.net\other\asset__0c8cdbc1ec3fe876.bin","C:\Users\Evan\Documents\GitHub\xwing-unified-1e\assets\source\legacy1e\steamusercontent-a.akamaihd.net\other\asset__0c8cdbc1ec3fe876.bin",".bin","232447","PNG image","Keep; rename to .png","89 50 4E 47 0D 0A 1A 0A 00 00 00 0D 49 48 44 52","�PNG      IHDR   �  �   �%&D    IDATx��y�l�]���{�YU/kyKw���ڐ��� �e� f�3Ӄ�ܒ����A����4 ""��,�� �c#A�#��f�c�$��ը��׾�z���G�s��S7��W�Uf��Ȭ��-���~�w~�w C�a�i��)Y���Ʈ��g�,��� �4�<�q�m�q�<�uq'/�ZFq]|��qL��qL��+,���uݱw��\_�Z��qR�V�۶}(�E~I��$ Q�1I���v��2�床4-�����4�xn�&�e��v'��m���eL��8�s��r'IB�DQt,<�T_-�5f�*ϵޮ�q|��\�\��cZ幞�kh&�\�kѷ�4��e�ib���x�r� ض��yض�eYS���<�Q��|טF��<�<�и?�V�}�x.�������\����j������av8�q �x�v8����wW�,�p""-�"
"steamusercontent-a.akamaihd.net\other\asset__0dacd36ebb9e9a7d.bin","C:\Users\Evan\Documents\GitHub\xwing-unified-1e\assets\source\legacy1e\steamusercontent-a.akamaihd.net\other\asset__0dacd36ebb9e9a7d.bin",".bin","640681","PNG image","Keep; rename to .png","89 50 4E 47 0D 0A 1A 0A 00 00 00 0D 49 48 44 52","�PNG      IHDR         ���   tEXtSoftware Adobe ImageReadyq�e<  fiTXtXML:com.adobe.xmp     <?xpacket begin=""﻿"" id=""W5M0MpCehiHzreSzNTczkc9d""?> <x:xmpmeta xmlns:x=""adobe:ns:meta/"" x:xmptk=""Adobe XMP Core 5.3-c011 66.145661, 2012/02/06-14:56:27        ""> <rdf:RDF xmlns:rdf=""http://www.w3.org/1999/02/22-rdf-syntax-ns#""> <rdf:Description rdf:about="""" xmlns:xmpMM=""http://ns.adobe.com/xap/1.0/mm/"" xmlns:stRef=""http://ns.adobe.com/xap/1.0/sType/ResourceRef#"" xmlns:xmp=""http://ns.adobe.com/xa"
"steamusercontent-a.akamaihd.net\other\asset__11a4cb00a7691e6a.bin","C:\Users\Evan\Documents\GitHub\xwing-unified-1e\assets\source\legacy1e\steamusercontent-a.akamaihd.net\other\asset__11a4cb00a7691e6a.bin",".bin","433841","PNG image","Keep; rename to .png","89 50 4E 47 0D 0A 1A 0A 00 00 00 0D 49 48 44 52","�PNG      IHDR         +�   tEXtSoftware Adobe ImageReadyq�e<  fiTXtXML:com.adobe.xmp     <?xpacket begin=""﻿"" id=""W5M0MpCehiHzreSzNTczkc9d""?> <x:xmpmeta xmlns:x=""adobe:ns:meta/"" x:xmptk=""Adobe XMP Core 5.3-c011 66.145661, 2012/02/06-14:56:27        ""> <rdf:RDF xmlns:rdf=""http://www.w3.org/1999/02/22-rdf-syntax-ns#""> <rdf:Description rdf:about="""" xmlns:xmpMM=""http://ns.adobe.com/xap/1.0/mm/"" xmlns:stRef=""http://ns.adobe.com/xap/1.0/sType/ResourceRef#"" xmlns:xmp=""http://ns.adobe.com/xa"
"steamusercontent-a.akamaihd.net\other\asset__1248f3c878f1f0a5.bin","C:\Users\Evan\Documents\GitHub\xwing-unified-1e\assets\source\legacy1e\steamusercontent-a.akamaihd.net\other\asset__1248f3c878f1f0a5.bin",".bin","1274066","PNG image","Keep; rename to .png","89 50 4E 47 0D 0A 1A 0A 00 00 00 0D 49 48 44 52","�PNG      IHDR  �  �   ZS.   tEXtSoftware Adobe ImageReadyq�e<  ""iTXtXML:com.adobe.xmp     <?xpacket begin=""﻿"" id=""W5M0MpCehiHzreSzNTczkc9d""?> <x:xmpmeta xmlns:x=""adobe:ns:meta/"" x:xmptk=""Adobe XMP Core 5.3-c011 66.145661, 2012/02/06-14:56:27        ""> <rdf:RDF xmlns:rdf=""http://www.w3.org/1999/02/22-rdf-syntax-ns#""> <rdf:Description rdf:about="""" xmlns:xmp=""http://ns.adobe.com/xap/1.0/"" xmlns:xmpMM=""http://ns.adobe.com/xap/1.0/mm/"" xmlns:stRef=""http://ns.adobe.com/xap/1.0/sType/Resour"
"steamusercontent-a.akamaihd.net\other\asset__135ac9dea35d0d1d.bin","C:\Users\Evan\Documents\GitHub\xwing-unified-1e\assets\source\legacy1e\steamusercontent-a.akamaihd.net\other\asset__135ac9dea35d0d1d.bin",".bin","767888","PNG image","Keep; rename to .png","89 50 4E 47 0D 0A 1A 0A 00 00 00 0D 49 48 44 52","�PNG      IHDR  �  v   Z���   sRGB ���   gAMA  ���a    pHYs  �  ��o�d  ��IDATx^��ut\W�� �{ι��=����$�3��������lK�l˒e�bY��,���$��T%�L�;Isw���oε�d%��~��[���k�U{��3~z���?�R�3f{.�+������±�g8�x����|���� ��[?�����ڲ^�$j0�Q��Z�ގ9E=XZ���=���mpL�bFn7=ƒ�ǘ[���6xet`�O�����.̡9���c%iU�l���Qy?V�?�Ź�t�5�h�y� ��Ul+,�n��c����p&�dt�1���o���XS�y��g��S��@{��8ڧCz��z�I��R܇9��XVՇՏ1��1� {a��;���9��5�ŉ�r�<v�7����uÉ��>MG�I�a2�ӌ�N�Y%ki~;li����YҞ�"
"steamusercontent-a.akamaihd.net\other\asset__15ee4266d2269f6c.bin","C:\Users\Evan\Documents\GitHub\xwing-unified-1e\assets\source\legacy1e\steamusercontent-a.akamaihd.net\other\asset__15ee4266d2269f6c.bin",".bin","488569","PNG image","Keep; rename to .png","89 50 4E 47 0D 0A 1A 0A 00 00 00 0D 49 48 44 52","�PNG      IHDR      �   � �   sRGB ���   gAMA  ���a    pHYs  �  ��o�d  ��IDATx^��e�]ǵ� ���IL�f�ݽy�ݸ���[���d˲dI�,33�2�N;q�������_ݳU�����y�o����V�Z�j�����1翨� ��������_a�Fnj""�*KЭ��%��^Q��eBKY1��P��-��砺8e�(��A}~ze�a�/3��b��3�\0 3��1�����(�p���DK��"";�}^�%�� 1ɍ��D9^��FF�9)���j]^f&#/-A�2���G""��D��O\�qHvڐh� vK4�ёm8�""`���Xb�t�FK=!^�A�AX'�unlT�x��[e�7.V��r.=_�ZG�-�'��u��Qu�[sqMj=�5F�G�1apD����Ęp��Ñ�ꡂ'2ΐN�'�3��oT0ܑH�Drt |Q]��"
"steamusercontent-a.akamaihd.net\other\asset__200520ac04235bf6.bin","C:\Users\Evan\Documents\GitHub\xwing-unified-1e\assets\source\legacy1e\steamusercontent-a.akamaihd.net\other\asset__200520ac04235bf6.bin",".bin","323014","PNG image","Keep; rename to .png","89 50 4E 47 0D 0A 1A 0A 00 00 00 0D 49 48 44 52","�PNG      IHDR  �  t   ���h   sRGB ���   gAMA  ���a    pHYs  �  ��o�d  ��IDATx^��uxٙ� ��$�ɤ�L`��$�������%K�e̶�l� ���ff��4c��f3[�����y�޶��3�w��e_���V��ZU{�{���?��3��'?��o���~�X���=��yDp �}��-�ag�­�x�G���A�|�B��#�����<�,�eeE�\�@;+���-�h?;i�{�� GG�A��X�����l�M׺�� ��x~v�Xc�0��<�#��Că8�8>���b��B]�^D�k���V��r��9� <&��!r\l ;��X�u�J_+a���˽-����<�|z�D�G����Ń8E���A��;�C�z��t��4��j�0�s�=Mc+,��#�x�>m��x �< ?�������x@�?��>��a�Ѓt"
"steamusercontent-a.akamaihd.net\other\asset__270c2482690a5731.bin","C:\Users\Evan\Documents\GitHub\xwing-unified-1e\assets\source\legacy1e\steamusercontent-a.akamaihd.net\other\asset__270c2482690a5731.bin",".bin","658440","PNG image","Keep; rename to .png","89 50 4E 47 0D 0A 1A 0A 00 00 00 0D 49 48 44 52","�PNG      IHDR         ���   tEXtSoftware Adobe ImageReadyq�e<  fiTXtXML:com.adobe.xmp     <?xpacket begin=""﻿"" id=""W5M0MpCehiHzreSzNTczkc9d""?> <x:xmpmeta xmlns:x=""adobe:ns:meta/"" x:xmptk=""Adobe XMP Core 5.3-c011 66.145661, 2012/02/06-14:56:27        ""> <rdf:RDF xmlns:rdf=""http://www.w3.org/1999/02/22-rdf-syntax-ns#""> <rdf:Description rdf:about="""" xmlns:xmpMM=""http://ns.adobe.com/xap/1.0/mm/"" xmlns:stRef=""http://ns.adobe.com/xap/1.0/sType/ResourceRef#"" xmlns:xmp=""http://ns.adobe.com/xa"
"steamusercontent-a.akamaihd.net\other\asset__2d6e5ce97aed0766.bin","C:\Users\Evan\Documents\GitHub\xwing-unified-1e\assets\source\legacy1e\steamusercontent-a.akamaihd.net\other\asset__2d6e5ce97aed0766.bin",".bin","1274342","PNG image","Keep; rename to .png","89 50 4E 47 0D 0A 1A 0A 00 00 00 0D 49 48 44 52","�PNG      IHDR  �  �   ZS.   tEXtSoftware Adobe ImageReadyq�e<  ""iTXtXML:com.adobe.xmp     <?xpacket begin=""﻿"" id=""W5M0MpCehiHzreSzNTczkc9d""?> <x:xmpmeta xmlns:x=""adobe:ns:meta/"" x:xmptk=""Adobe XMP Core 5.3-c011 66.145661, 2012/02/06-14:56:27        ""> <rdf:RDF xmlns:rdf=""http://www.w3.org/1999/02/22-rdf-syntax-ns#""> <rdf:Description rdf:about="""" xmlns:xmp=""http://ns.adobe.com/xap/1.0/"" xmlns:xmpMM=""http://ns.adobe.com/xap/1.0/mm/"" xmlns:stRef=""http://ns.adobe.com/xap/1.0/sType/Resour"
"steamusercontent-a.akamaihd.net\other\asset__3bbda7c129bcb4e0.bin","C:\Users\Evan\Documents\GitHub\xwing-unified-1e\assets\source\legacy1e\steamusercontent-a.akamaihd.net\other\asset__3bbda7c129bcb4e0.bin",".bin","2574376","PNG image","Keep; rename to .png","89 50 4E 47 0D 0A 1A 0A 00 00 00 0D 49 48 44 52","�PNG      IHDR  �  �   q�y   tEXtSoftware Adobe ImageReadyq�e<  fiTXtXML:com.adobe.xmp     <?xpacket begin=""﻿"" id=""W5M0MpCehiHzreSzNTczkc9d""?> <x:xmpmeta xmlns:x=""adobe:ns:meta/"" x:xmptk=""Adobe XMP Core 5.3-c011 66.145661, 2012/02/06-14:56:27        ""> <rdf:RDF xmlns:rdf=""http://www.w3.org/1999/02/22-rdf-syntax-ns#""> <rdf:Description rdf:about="""" xmlns:xmpMM=""http://ns.adobe.com/xap/1.0/mm/"" xmlns:stRef=""http://ns.adobe.com/xap/1.0/sType/ResourceRef#"" xmlns:xmp=""http://ns.adobe.com/xa"
"steamusercontent-a.akamaihd.net\other\asset__3bf704ca6e757c26.bin","C:\Users\Evan\Documents\GitHub\xwing-unified-1e\assets\source\legacy1e\steamusercontent-a.akamaihd.net\other\asset__3bf704ca6e757c26.bin",".bin","652499","PNG image","Keep; rename to .png","89 50 4E 47 0D 0A 1A 0A 00 00 00 0D 49 48 44 52","�PNG      IHDR         ���   tEXtSoftware Adobe ImageReadyq�e<  fiTXtXML:com.adobe.xmp     <?xpacket begin=""﻿"" id=""W5M0MpCehiHzreSzNTczkc9d""?> <x:xmpmeta xmlns:x=""adobe:ns:meta/"" x:xmptk=""Adobe XMP Core 5.3-c011 66.145661, 2012/02/06-14:56:27        ""> <rdf:RDF xmlns:rdf=""http://www.w3.org/1999/02/22-rdf-syntax-ns#""> <rdf:Description rdf:about="""" xmlns:xmpMM=""http://ns.adobe.com/xap/1.0/mm/"" xmlns:stRef=""http://ns.adobe.com/xap/1.0/sType/ResourceRef#"" xmlns:xmp=""http://ns.adobe.com/xa"
"steamusercontent-a.akamaihd.net\other\asset__3dc9dc31c28fa659.bin","C:\Users\Evan\Documents\GitHub\xwing-unified-1e\assets\source\legacy1e\steamusercontent-a.akamaihd.net\other\asset__3dc9dc31c28fa659.bin",".bin","1730191","PNG image","Keep; rename to .png","89 50 4E 47 0D 0A 1A 0A 00 00 00 0D 49 48 44 52","�PNG      IHDR   �  b   ��]�   sRGB ���   gAMA  ���a    pHYs  �  ��o�d  ��IDATx^�}�tU����&Ǟ�ɡ{r��""Y �(�5��u��Dň��((���֌9�U� bvA��_oթ{O�tO���g�|�s������ΩS��[o�˿�˿P��=c ��0�c ��0�c ��0�c ��0�c ��0�c ��0�c ��0�c ��0�c ��0�c ��0������ɰ������M��㫶��E��VVV(זk�\��o�7���*���;)�N���ª-��(��\��o�7Øټc&<��삿�@�a�:��c��1�cftt�&''iiii�Vl<�o�\��o�7��c/���;���h~~>'�Y����}�~3���;f³�nbb�fffhyyy�V���uL�~3��0��ؼc �)��مy��F���"
"steamusercontent-a.akamaihd.net\other\asset__3f54810c549a2ebb.bin","C:\Users\Evan\Documents\GitHub\xwing-unified-1e\assets\source\legacy1e\steamusercontent-a.akamaihd.net\other\asset__3f54810c549a2ebb.bin",".bin","988077","PNG image","Keep; rename to .png","89 50 4E 47 0D 0A 1A 0A 00 00 00 0D 49 48 44 52","�PNG      IHDR  �  �   &�H    pHYs  .#  .#x�?v  � IDATx���\g�懙�&��$@��(��.������{�ޛ�6� � Ђd��M���fz4��4���]mH���PH���'ʉ�7������9��F�sWQ]�w��-�xd�B���n����Su��Z�.&d��'�w�%�s)ex��hʮJ3rH�4���� ��uz����� ��߄B&�v�[�b�}�P�T������9B!����o﷞n1�{�p����ڊ�gZ-��ՀJ'�T|:�-f��V�X-�mˆ��������""~�!��PG����h�� :�K)�R���2Rrh��ZޏVb+s�?�$!3Ks��NB�4d�(KծԨd1޽ND]P>�f�T �r�Z��t2�J��B��3�F<��f��Mf�ђ<��-�W\i|�/�ӌ���9""aR�d|-�Y ���E�|4�ġB,��d&��sj,aE#xp�"
"steamusercontent-a.akamaihd.net\other\asset__4205ea310d3eb620.bin","C:\Users\Evan\Documents\GitHub\xwing-unified-1e\assets\source\legacy1e\steamusercontent-a.akamaihd.net\other\asset__4205ea310d3eb620.bin",".bin","364813","PNG image","Keep; rename to .png","89 50 4E 47 0D 0A 1A 0A 00 00 00 0D 49 48 44 52","�PNG      IHDR   �  �   �%&D    IDATx��k�d�U&������Y�����nuI����ǀAhZ=� 42�@=zM�b!�e0Fͬ�l��Z��0�3H�,y c������ꮪ����+��}���>��č�Ȭ̪Ȭ��ʕYq_�޸����g�}4 n��A�u @��Ȳ�o dYM����vڇ������u����,�� ˲�8lۆeY�=��A3�6fI*>O�T�dY�8��!�8F��B�e���=ض�w,��׳�}���x�[�qy>�Xz�i�]��滮�0M�a��,X�%�M��0 �$ �8���""IA�8��$ ��f� �x�iڞ}���q���c\{N�:���ݳ��yW�l��i�""�r^fi�_3��1���y�ז���Ǟ�>���q�����w6I��}���9牮�0C�n�����8��(���F�<CDQt {>�>en��>�߯�p�p\��lϕ>WP���"
"steamusercontent-a.akamaihd.net\other\asset__44c6141bf7b66f45.bin","C:\Users\Evan\Documents\GitHub\xwing-unified-1e\assets\source\legacy1e\steamusercontent-a.akamaihd.net\other\asset__44c6141bf7b66f45.bin",".bin","2705160","PNG image","Keep; rename to .png","89 50 4E 47 0D 0A 1A 0A 00 00 00 0D 49 48 44 52","�PNG      IHDR         yS�   *tEXtCreation Time Mo 8 Aug 2016 12:50:57 +0100e�<�   tIME�7����    pHYs    d_�   gAMA  ���a )FaIDATx���$Gz�if.B�Ϊ��*� Z��6�C��p�!���m���]�.���g�ܞ&��f+�Q�( %R���n��}f��!3RgV~ ��!����E�����s��bAAq��W���5�6��G��ע�'��߮�T�k����\,QkA\ �������h��� a��]���;N���=�/tH��q�� �[���Ⱥ���'YM�� Z����4�ɪJW""AAA�ι�e � � ���J�~܌��+M�D�D���:�&!� .C�]'����%��R{>g/r&X�r>g��Ѫ��8��bC��]3�� � � �xv AAA\]��>�f���w"
"steamusercontent-a.akamaihd.net\other\asset__467c9a1bd05bee88.bin","C:\Users\Evan\Documents\GitHub\xwing-unified-1e\assets\source\legacy1e\steamusercontent-a.akamaihd.net\other\asset__467c9a1bd05bee88.bin",".bin","796375","PNG image","Keep; rename to .png","89 50 4E 47 0D 0A 1A 0A 00 00 00 0D 49 48 44 52","�PNG      IHDR  �  n   �r K   sRGB ���   gAMA  ���a    pHYs  �  ��o�d  ��IDATx^��ut]g�����>�{w�Nb��B��bfff�-f�l1���-[f :����IU*�bVbx���%�R�������1~���k~se<������ӟ�����1g��x��͟����X�>�����0B�$�urX$���""��""$U���٫1̞���q�L��2������I��N6&O�Tԥm%�jQ��dk�vf:��)�H���Y�,EJ2�r�B�.�L�_,Z8�q��N�i��S��٣���#�=?E��/T�D*.��H�m�Kd.��&O��`��Mi��w�\%��ӰY��U�Z��%�g��WZ&��ң1Uz���^<�eӱY2M���i�����ŐP�9ć- &x�s��OR�1 Fą���%/�!޳t����!~n���\ �u��xx;��d���n+"
"steamusercontent-a.akamaihd.net\other\asset__4f0d87022a86b06d.bin","C:\Users\Evan\Documents\GitHub\xwing-unified-1e\assets\source\legacy1e\steamusercontent-a.akamaihd.net\other\asset__4f0d87022a86b06d.bin",".bin","422435","PNG image","Keep; rename to .png","89 50 4E 47 0D 0A 1A 0A 00 00 00 0D 49 48 44 52","�PNG      IHDR       /?G�    IDATx���we�u��9���""2*1H�)Q�d�@Y���<�,9�v��{<˳z:̚����=�ܒG-ٲۑ�eJ$E�bU���{��s����yA T�� �\XE��wù'|��߽��� 8�p ���8�p�� {�� 8�p���� 8�p�U�� 8���bp�� 8�Vq@p�� 8�*��p�� X�7� ��w�L�i7p��u�����o�:;y�+��z������7����19v򯈼�[^c���c'��~��{�=���'8}�M��Zޫy���Z��f��������_k;Ͼv�3���vy���2�0�cO>����I)a�]=n��o�Y�}��=�V�x���k�a�تm��;�-�F��Qkʛ�=�vܯ��~���d½��^�@Op�sm��f��F�u�]��6�z�[����G��"
"steamusercontent-a.akamaihd.net\other\asset__4f31d756d95db19b.bin","C:\Users\Evan\Documents\GitHub\xwing-unified-1e\assets\source\legacy1e\steamusercontent-a.akamaihd.net\other\asset__4f31d756d95db19b.bin",".bin","472659","PNG image","Keep; rename to .png","89 50 4E 47 0D 0A 1A 0A 00 00 00 0D 49 48 44 52","�PNG      IHDR  �  v   Z���   sRGB ���   gAMA  ���a    pHYs  �  ��o�d  ��IDATx^��et^G�獾��tρ�d1�$ff�m�A�%���eY�,3'N�؉cfff���y�i8�Μ3s·������?�I��_+k�Vծ]�6U�ч�������>�7�?��M� +3�Z����v����S��m`.���cIZ8��5��[A���Ac���oЪh�-�`k�`GuBc���Y�8�q[�o��5%��x\=�ˠ����nN�pw����-\m�Bm�.��q��m;Q?=_k��ceK3X3j���Fl��6�y8�CCעe��tv�����n'�.:�L���Cl��!z$F�ED�1'N�E3�șk����X>[�zą�GB�Ӊ��6+F��R�uH�ci�DjK�22Ԁ� =�������[3�/��ix�����V�ݎ���^�c�9��3�["
"steamusercontent-a.akamaihd.net\other\asset__5116e93fe5cbf393.bin","C:\Users\Evan\Documents\GitHub\xwing-unified-1e\assets\source\legacy1e\steamusercontent-a.akamaihd.net\other\asset__5116e93fe5cbf393.bin",".bin","1799482","PNG image","Keep; rename to .png","89 50 4E 47 0D 0A 1A 0A 00 00 00 0D 49 48 44 52","�PNG      IHDR  �     H�U)    pHYs  .#  .#x�?v  � IDATxڌ�wxTg��oOp���霻�I9��H!r��������G� �PH���Mp����ٹ��<3��l�{w��;wfǁ�|�U��t����G=�����ުO�[U�)�h��`�^2AG��I��$��z�4:!��:�\lO�j����Z�F���.��*��Å��v��/�? �ZOK^G���K���H�����j�mYtҐ��u� ��Z���.���{q�&�ZMۨ��y�FgR�����h� |�迵z�>V�x/L�|�����+�G�����5� �Л��H���m$VZg��E� ��>Q,Bt��=�d����:^o���﹡��H�;�6�@�H�֙ ��*o)t�����_Y�w��⭍uX��K7v������݋����f_��Ǘ���뛽����>|C�n&���v?�&��v����v}�y��"
"steamusercontent-a.akamaihd.net\other\asset__560c7b3db22b85bf.bin","C:\Users\Evan\Documents\GitHub\xwing-unified-1e\assets\source\legacy1e\steamusercontent-a.akamaihd.net\other\asset__560c7b3db22b85bf.bin",".bin","987908","PNG image","Keep; rename to .png","89 50 4E 47 0D 0A 1A 0A 00 00 00 0D 49 48 44 52","�PNG      IHDR  �  �   &�H    pHYs  .#  .#x�?v  � IDATx���\g�懙�&��$@��(��.������{�ޛ�6� � Ђd��M���fz4��4���]mH���PH���'ʉ�7������9��F�sWQ]�w��-�xd�B���n����Su��Z�.&d��'�w�%�s)ex��hʮJ3rH�4���� ��uz����� ��߄B&�v�[�b�}�P�T������9B!����o﷞n1�{�p����ڊ�gZ-��ՀJ'�T|:�-f��V�X-�mˆ��������""~�!��PG����h�� :�K)�R���2Rrh��ZޏVb+s�?�$!3Ks��NB�4d�(KծԨd1޽ND]P>�f�T �r�Z��t2�J��B��3�F<��f��Mf�ђ<��-�W\i|�/�ӌ���9""aR�d|-�Y ���E�|4�ġB,��d&��sj,aE#xp�"
"steamusercontent-a.akamaihd.net\other\asset__5bb9d0767d17ffe7.bin","C:\Users\Evan\Documents\GitHub\xwing-unified-1e\assets\source\legacy1e\steamusercontent-a.akamaihd.net\other\asset__5bb9d0767d17ffe7.bin",".bin","174449","PNG image","Keep; rename to .png","89 50 4E 47 0D 0A 1A 0A 00 00 00 0D 49 48 44 52","�PNG      IHDR   �  i   y��    IDATx���Y�e�y��[Þ�pǚnU5�zb7��&Ej�[v��z��8H�<D6`�Iȃ� q� �c�Jl ��ȉl80+ъ,�q""Q�D�""[���5ߺӹg�����g�[�Z�ad.�3콆o���{D&�J�-���k�9qM*}K)u@�R�\(�t]GQdY�j�BJI�e8ch��=eY""����2E�u���9��H)�BҶ-Zk�<GJ�����'�X��!���? ��t]G���RJ��dJ#�dkk���d2a>�sttD^�w�3��sl�^Ak��k-y���9���<}��E?��G�O��Z�s��y�2���{O�u!�Z�C)�P�<+(��gx/���� �t��=0�N����iȕ��R �=�����d�R����t]������*~�9�������4/�y�SU@?�4���i��wdY����jE�uh��������':4���SU"
"steamusercontent-a.akamaihd.net\other\asset__5f2e03c95aba6825.bin","C:\Users\Evan\Documents\GitHub\xwing-unified-1e\assets\source\legacy1e\steamusercontent-a.akamaihd.net\other\asset__5f2e03c95aba6825.bin",".bin","273720","PNG image","Keep; rename to .png","89 50 4E 47 0D 0A 1A 0A 00 00 00 0D 49 48 44 52","�PNG      IHDR  �  4   ;(h   sRGB ���   gAMA  ���a    pHYs  �  ��o�d  ��IDATx^��gx\�u���;Nql� ���{/3�A��N � H :�;H���^$��(JE�.[�%�I��;qy޵��iG�'��m���k��9��Ƈ[�ZE��_��_�'|c�6Yz��.��!0��1F־�`挍n���~0u��k\}C���p""BC""�L� � 3���hx����+־�N��O,��b��Ǡ8f�)X�,""[�v~ɰp��K̝����p���g��޶ �I�CX2�2�K�.��p�ˆ�:f��3��&<��ipM�cX*h��D�ha�@h`Kϰ�!baC�o�M?Cs�V�Q�� ""a��c�}��hۀD��򎣟M9gE{Xy��ᧅm` ���&�Ə���KS��̭�KoC�n�s����%�"
"steamusercontent-a.akamaihd.net\other\asset__6399115905c4dff2.bin","C:\Users\Evan\Documents\GitHub\xwing-unified-1e\assets\source\legacy1e\steamusercontent-a.akamaihd.net\other\asset__6399115905c4dff2.bin",".bin","2577266","PNG image","Keep; rename to .png","89 50 4E 47 0D 0A 1A 0A 00 00 00 0D 49 48 44 52","�PNG      IHDR  �  �   q�y   tEXtSoftware Adobe ImageReadyq�e<  fiTXtXML:com.adobe.xmp     <?xpacket begin=""﻿"" id=""W5M0MpCehiHzreSzNTczkc9d""?> <x:xmpmeta xmlns:x=""adobe:ns:meta/"" x:xmptk=""Adobe XMP Core 5.3-c011 66.145661, 2012/02/06-14:56:27        ""> <rdf:RDF xmlns:rdf=""http://www.w3.org/1999/02/22-rdf-syntax-ns#""> <rdf:Description rdf:about="""" xmlns:xmpMM=""http://ns.adobe.com/xap/1.0/mm/"" xmlns:stRef=""http://ns.adobe.com/xap/1.0/sType/ResourceRef#"" xmlns:xmp=""http://ns.adobe.com/xa"
"steamusercontent-a.akamaihd.net\other\asset__64087b84870dfbc9.bin","C:\Users\Evan\Documents\GitHub\xwing-unified-1e\assets\source\legacy1e\steamusercontent-a.akamaihd.net\other\asset__64087b84870dfbc9.bin",".bin","959777","PNG image","Keep; rename to .png","89 50 4E 47 0D 0A 1A 0A 00 00 00 0D 49 48 44 52","�PNG      IHDR  �  n   �r K   sRGB ���   gAMA  ���a    pHYs  �  ��o�d  ��IDATx^��gTۺ��{���Z�8 �Ӝ���`r�9+ � ��,&$��A%*�st���yz �s�g����~�=VkW�z���U��ٮ��_�?���o��o�7@ #'��DMCh��C������4%���ml CS�����9�h���L,d0�2�� ��@�&��026����͌anb *-L�`kn +�ۘ�����F�������V�𱲇��#|���kkCm̦r��;;a��������Kd�X��� ,���""{��R�K�dX��B'Gj˰P!���9�S�Ǒ�ρ��,:���-|�p�;�����ֶp�������N'�+��e��t�����;���g�o=�5���!�2�����kXsE�<�2�'dc}r&��f`��Rl>q��nc��"
"steamusercontent-a.akamaihd.net\other\asset__6894d3f5c410c677.bin","C:\Users\Evan\Documents\GitHub\xwing-unified-1e\assets\source\legacy1e\steamusercontent-a.akamaihd.net\other\asset__6894d3f5c410c677.bin",".bin","803688","PNG image","Keep; rename to .png","89 50 4E 47 0D 0A 1A 0A 00 00 00 0D 49 48 44 52","�PNG      IHDR         ���   tEXtSoftware Adobe ImageReadyq�e<  ""iTXtXML:com.adobe.xmp     <?xpacket begin=""﻿"" id=""W5M0MpCehiHzreSzNTczkc9d""?> <x:xmpmeta xmlns:x=""adobe:ns:meta/"" x:xmptk=""Adobe XMP Core 5.3-c011 66.145661, 2012/02/06-14:56:27        ""> <rdf:RDF xmlns:rdf=""http://www.w3.org/1999/02/22-rdf-syntax-ns#""> <rdf:Description rdf:about="""" xmlns:xmp=""http://ns.adobe.com/xap/1.0/"" xmlns:xmpMM=""http://ns.adobe.com/xap/1.0/mm/"" xmlns:stRef=""http://ns.adobe.com/xap/1.0/sType/Resour"
"steamusercontent-a.akamaihd.net\other\asset__6c21fdec31bcce90.bin","C:\Users\Evan\Documents\GitHub\xwing-unified-1e\assets\source\legacy1e\steamusercontent-a.akamaihd.net\other\asset__6c21fdec31bcce90.bin",".bin","375976","PNG image","Keep; rename to .png","89 50 4E 47 0D 0A 1A 0A 00 00 00 0D 49 48 44 52","�PNG      IHDR       /?G�    IDATx����d�u����gҔ������82Cj���՜93��9�{fG+�;�ZJI��G��.���v~��Y���Mw5P_�BWe>��~� .q�K\����% ������%.q�K\\�K\����%.1�%1��%.q�K\�c\�K\����%.1�%1��%.q�K\�c\�K\����%.1�%1��%.q�K\�c$B�3�`'K�p�ϱ��lg�<g}����i�h��'�����gt�~�z���>N��ߓ�M~/�|���ׯs�ŗx��������G�w�s��|�uq��<�6��8ɻ�C������duu�_���|���!�u�W;��ɿ����i��q��8�ܓ�4��(8M���}�g��ə\唸� ��8�}��8�k���As/���g��C`�[���WX_[�ڕ�|��������Ulo=4�e���x�����W��|���"
"steamusercontent-a.akamaihd.net\other\asset__7262c31ecf5de5dd.bin","C:\Users\Evan\Documents\GitHub\xwing-unified-1e\assets\source\legacy1e\steamusercontent-a.akamaihd.net\other\asset__7262c31ecf5de5dd.bin",".bin","186151","PNG image","Keep; rename to .png","89 50 4E 47 0D 0A 1A 0A 00 00 00 0D 49 48 44 52","�PNG      IHDR  �  4   ;(h   sRGB ���   gAMA  ���a    pHYs  �  ��o�d  ��IDATx^��g����m�u�p�i�}wU����{�qཷ$@�$H� ��ޑ��޽ffvfvgv����Y�F��P(�3� I��'��}������Ȭ�̬��۟~�?�_������3�gh��SS���0� k`���z��J,�t]��i���P���ynq�6!bk�*ڌ˄�ϊ�ۄ����v��:�L�cD��=����A�I�P}>��A�̈́�7���~jk�a޼y�[3W�s0G�s找h�^]�<1���u� K�|7E<+�0ȶJ�ք�ӈR�*߅��/�� ��o`� �uh�Z�7=g�x�����4��X ���`�hk��PSW'���j�8QK㵵�k���^�K�Y��������oj��H����z�s����p��ܸ� Wn���[�p��u\"
"steamusercontent-a.akamaihd.net\other\asset__7397588122ee10dc.bin","C:\Users\Evan\Documents\GitHub\xwing-unified-1e\assets\source\legacy1e\steamusercontent-a.akamaihd.net\other\asset__7397588122ee10dc.bin",".bin","659989","PNG image","Keep; rename to .png","89 50 4E 47 0D 0A 1A 0A 00 00 00 0D 49 48 44 52","�PNG      IHDR         ���   tEXtSoftware Adobe ImageReadyq�e<  ""iTXtXML:com.adobe.xmp     <?xpacket begin=""﻿"" id=""W5M0MpCehiHzreSzNTczkc9d""?> <x:xmpmeta xmlns:x=""adobe:ns:meta/"" x:xmptk=""Adobe XMP Core 5.3-c011 66.145661, 2012/02/06-14:56:27        ""> <rdf:RDF xmlns:rdf=""http://www.w3.org/1999/02/22-rdf-syntax-ns#""> <rdf:Description rdf:about="""" xmlns:xmp=""http://ns.adobe.com/xap/1.0/"" xmlns:xmpMM=""http://ns.adobe.com/xap/1.0/mm/"" xmlns:stRef=""http://ns.adobe.com/xap/1.0/sType/Resour"
"steamusercontent-a.akamaihd.net\other\asset__7a75c3dedef70084.bin","C:\Users\Evan\Documents\GitHub\xwing-unified-1e\assets\source\legacy1e\steamusercontent-a.akamaihd.net\other\asset__7a75c3dedef70084.bin",".bin","434763","PNG image","Keep; rename to .png","89 50 4E 47 0D 0A 1A 0A 00 00 00 0D 49 48 44 52","�PNG      IHDR         +�   tEXtSoftware Adobe ImageReadyq�e<  fiTXtXML:com.adobe.xmp     <?xpacket begin=""﻿"" id=""W5M0MpCehiHzreSzNTczkc9d""?> <x:xmpmeta xmlns:x=""adobe:ns:meta/"" x:xmptk=""Adobe XMP Core 5.3-c011 66.145661, 2012/02/06-14:56:27        ""> <rdf:RDF xmlns:rdf=""http://www.w3.org/1999/02/22-rdf-syntax-ns#""> <rdf:Description rdf:about="""" xmlns:xmpMM=""http://ns.adobe.com/xap/1.0/mm/"" xmlns:stRef=""http://ns.adobe.com/xap/1.0/sType/ResourceRef#"" xmlns:xmp=""http://ns.adobe.com/xa"
"steamusercontent-a.akamaihd.net\other\asset__7e1dd1a82ceca32a.bin","C:\Users\Evan\Documents\GitHub\xwing-unified-1e\assets\source\legacy1e\steamusercontent-a.akamaihd.net\other\asset__7e1dd1a82ceca32a.bin",".bin","366074","PNG image","Keep; rename to .png","89 50 4E 47 0D 0A 1A 0A 00 00 00 0D 49 48 44 52","�PNG      IHDR     �   ��Fr   sRGB ���   gAMA  ���a    pHYs  �  ��o�d  ��IDATx^��ex\ٙ����̤�v�)�`33�J\��J*1�X*13�%[�-Y����mhN�t��N���3��'0���gU���x���s�����ߵ��{m����[�s�������#�=�+W`��W��<���w���{�;�q����X��J�~�����]%�?��1<�����C��C��=�>��@��پl�!�#�<�G���cVh��b�{y�� �<�+���5df� �{L��1��""֭-�R\�l�h�xN+��'�V<�U���G��~��c�ܽ&��=�j�ܗ���G񄸾��#ZZo�&������S_��cb���zO<�y<A�X���GPD8������L$k�Ps��[���b���)�Fam�jQdiDI}3JZQ��sS;�[:Q�փ��^Tu��"
"steamusercontent-a.akamaihd.net\other\asset__7ec178285f0865ba.bin","C:\Users\Evan\Documents\GitHub\xwing-unified-1e\assets\source\legacy1e\steamusercontent-a.akamaihd.net\other\asset__7ec178285f0865ba.bin",".bin","263832","PNG image","Keep; rename to .png","89 50 4E 47 0D 0A 1A 0A 00 00 00 0D 49 48 44 52","�PNG      IHDR  �  4   ;(h   sRGB ���   gAMA  ���a    pHYs  �  ��o�d  ��IDATx^��g��gu��=�����VWZ9��s�U��չ��V�e@�3�`���Ƙ`!@d����9I��9ߟ��s>�[]-�}����0��ްVU�w��K����/��/�5�3� ��1a�XF1G�1̅b� �1I�1Z��D#�X8�ab BȘD/�M���$z��z���h��h��\�g��ct]=�F-�D���b<[�r��}�^l�z�V��2�H�F?批z?f�1�?���q�0�������&Gg1AL�|jbS���&��eLϬbfv3���q���Z%V09M�4�4_����'16�@k�ӽ�&�1N����L��y4�{O�}Ɖ��5��1�֊ ������^��6�Osbt���q��k�_B��,zF��K�wb�#��u����4:���C�}Sk�"
"steamusercontent-a.akamaihd.net\other\asset__812525705080babb.bin","C:\Users\Evan\Documents\GitHub\xwing-unified-1e\assets\source\legacy1e\steamusercontent-a.akamaihd.net\other\asset__812525705080babb.bin",".bin","75924","PNG image","Keep; rename to .png","89 50 4E 47 0D 0A 1A 0A 00 00 00 0D 49 48 44 52","�PNG      IHDR  T  T   ��S�   tEXtSoftware Adobe ImageReadyq�e<  ""iTXtXML:com.adobe.xmp     <?xpacket begin=""﻿"" id=""W5M0MpCehiHzreSzNTczkc9d""?> <x:xmpmeta xmlns:x=""adobe:ns:meta/"" x:xmptk=""Adobe XMP Core 5.3-c011 66.145661, 2012/02/06-14:56:27        ""> <rdf:RDF xmlns:rdf=""http://www.w3.org/1999/02/22-rdf-syntax-ns#""> <rdf:Description rdf:about="""" xmlns:xmp=""http://ns.adobe.com/xap/1.0/"" xmlns:xmpMM=""http://ns.adobe.com/xap/1.0/mm/"" xmlns:stRef=""http://ns.adobe.com/xap/1.0/sType/Resour"
"steamusercontent-a.akamaihd.net\other\asset__893d979a7ff43b5a.bin","C:\Users\Evan\Documents\GitHub\xwing-unified-1e\assets\source\legacy1e\steamusercontent-a.akamaihd.net\other\asset__893d979a7ff43b5a.bin",".bin","156052","PNG image","Keep; rename to .png","89 50 4E 47 0D 0A 1A 0A 00 00 00 0D 49 48 44 52","�PNG      IHDR  �  4   ;(h   sRGB ���   gAMA  ���a    pHYs  �  ��o�d  ��IDATx^�u�W���/`w�9�c���.A�f�nIQ1�bb`���bb���=��޿���ޟp�y���}���\���^�����_���u�������p���/�)�⼋[�M����V�9u2F���/ņ ۱swv���o;ӰsO~ە�=���K����,C&v�M��}�H������O�AzV>R�͘}�ر}+2�Ґ_��Bo!���(��x�u0@8B,BĔ�Xش���""�� �9�F�� ��u�z}E(*΃��A/��Y+(�h<l曱��ň�#�a���D%%q��Ɲ2!p�{�z<E�Ď��먙��u�a|�""��ځ���=�7{��C�i�޲2�#''M�����٩ξ�2��D��K�~�?�!j��}��|fl�<{ BFVr򋐝W"
"steamusercontent-a.akamaihd.net\other\asset__921fbbc8e48665e2.bin","C:\Users\Evan\Documents\GitHub\xwing-unified-1e\assets\source\legacy1e\steamusercontent-a.akamaihd.net\other\asset__921fbbc8e48665e2.bin",".bin","1003271","PNG image","Keep; rename to .png","89 50 4E 47 0D 0A 1A 0A 00 00 00 0D 49 48 44 52","�PNG      IHDR         ���   tEXtSoftware Adobe ImageReadyq�e<  ""iTXtXML:com.adobe.xmp     <?xpacket begin=""﻿"" id=""W5M0MpCehiHzreSzNTczkc9d""?> <x:xmpmeta xmlns:x=""adobe:ns:meta/"" x:xmptk=""Adobe XMP Core 5.3-c011 66.145661, 2012/02/06-14:56:27        ""> <rdf:RDF xmlns:rdf=""http://www.w3.org/1999/02/22-rdf-syntax-ns#""> <rdf:Description rdf:about="""" xmlns:xmp=""http://ns.adobe.com/xap/1.0/"" xmlns:xmpMM=""http://ns.adobe.com/xap/1.0/mm/"" xmlns:stRef=""http://ns.adobe.com/xap/1.0/sType/Resour"
"steamusercontent-a.akamaihd.net\other\asset__949fc08fae1290c6.bin","C:\Users\Evan\Documents\GitHub\xwing-unified-1e\assets\source\legacy1e\steamusercontent-a.akamaihd.net\other\asset__949fc08fae1290c6.bin",".bin","2705840","PNG image","Keep; rename to .png","89 50 4E 47 0D 0A 1A 0A 00 00 00 0D 49 48 44 52","�PNG      IHDR         yS�   *tEXtCreation Time Mo 8 Aug 2016 12:50:57 +0100e�<�   tIME�9&`�e�    pHYs    d_�   gAMA  ���a )I IDATx���$Gz�if.B�Ϊ��*� Z��6�C��p�!���m���]�.���g�ܞ&��f+�Q�( %R���n��}f��!3RgV~ ��!����E�����s��bAAq��W���5�6��G��ע�'��߮�T�k����\,QkA\ �������h��� a��]���;N���=�/tH��q�� �[���Ⱥ���'YM�� Z����4�ɪJW""AAA�ι�e � � ���J�~܌��+M�D�D���:�&!� .C�]'����%��R{>g/r&X�r>g��Ѫ��8��bC��]3�� � � �xv AAA\]��>�f���w"
"steamusercontent-a.akamaihd.net\other\asset__99ca394b4a5a3ac4.bin","C:\Users\Evan\Documents\GitHub\xwing-unified-1e\assets\source\legacy1e\steamusercontent-a.akamaihd.net\other\asset__99ca394b4a5a3ac4.bin",".bin","659533","PNG image","Keep; rename to .png","89 50 4E 47 0D 0A 1A 0A 00 00 00 0D 49 48 44 52","�PNG      IHDR         ���   tEXtSoftware Adobe ImageReadyq�e<  ""iTXtXML:com.adobe.xmp     <?xpacket begin=""﻿"" id=""W5M0MpCehiHzreSzNTczkc9d""?> <x:xmpmeta xmlns:x=""adobe:ns:meta/"" x:xmptk=""Adobe XMP Core 5.3-c011 66.145661, 2012/02/06-14:56:27        ""> <rdf:RDF xmlns:rdf=""http://www.w3.org/1999/02/22-rdf-syntax-ns#""> <rdf:Description rdf:about="""" xmlns:xmp=""http://ns.adobe.com/xap/1.0/"" xmlns:xmpMM=""http://ns.adobe.com/xap/1.0/mm/"" xmlns:stRef=""http://ns.adobe.com/xap/1.0/sType/Resour"
"steamusercontent-a.akamaihd.net\other\asset__9b7bae6d0e684791.bin","C:\Users\Evan\Documents\GitHub\xwing-unified-1e\assets\source\legacy1e\steamusercontent-a.akamaihd.net\other\asset__9b7bae6d0e684791.bin",".bin","782939","PNG image","Keep; rename to .png","89 50 4E 47 0D 0A 1A 0A 00 00 00 0D 49 48 44 52","�PNG      IHDR         ���   tEXtSoftware Adobe ImageReadyq�e<  ""iTXtXML:com.adobe.xmp     <?xpacket begin=""﻿"" id=""W5M0MpCehiHzreSzNTczkc9d""?> <x:xmpmeta xmlns:x=""adobe:ns:meta/"" x:xmptk=""Adobe XMP Core 5.3-c011 66.145661, 2012/02/06-14:56:27        ""> <rdf:RDF xmlns:rdf=""http://www.w3.org/1999/02/22-rdf-syntax-ns#""> <rdf:Description rdf:about="""" xmlns:xmp=""http://ns.adobe.com/xap/1.0/"" xmlns:xmpMM=""http://ns.adobe.com/xap/1.0/mm/"" xmlns:stRef=""http://ns.adobe.com/xap/1.0/sType/Resour"
"steamusercontent-a.akamaihd.net\other\asset__a1a7f59f6416dd22.bin","C:\Users\Evan\Documents\GitHub\xwing-unified-1e\assets\source\legacy1e\steamusercontent-a.akamaihd.net\other\asset__a1a7f59f6416dd22.bin",".bin","3718618","PNG image","Keep; rename to .png","89 50 4E 47 0D 0A 1A 0A 00 00 00 0D 49 48 44 52","�PNG      IHDR         =�Dg   tEXtSoftware Adobe ImageReadyq�e<  ""iTXtXML:com.adobe.xmp     <?xpacket begin=""﻿"" id=""W5M0MpCehiHzreSzNTczkc9d""?> <x:xmpmeta xmlns:x=""adobe:ns:meta/"" x:xmptk=""Adobe XMP Core 5.3-c011 66.145661, 2012/02/06-14:56:27        ""> <rdf:RDF xmlns:rdf=""http://www.w3.org/1999/02/22-rdf-syntax-ns#""> <rdf:Description rdf:about="""" xmlns:xmp=""http://ns.adobe.com/xap/1.0/"" xmlns:xmpMM=""http://ns.adobe.com/xap/1.0/mm/"" xmlns:stRef=""http://ns.adobe.com/xap/1.0/sType/Resour"
"steamusercontent-a.akamaihd.net\other\asset__a2b8f127d006d6f0.bin","C:\Users\Evan\Documents\GitHub\xwing-unified-1e\assets\source\legacy1e\steamusercontent-a.akamaihd.net\other\asset__a2b8f127d006d6f0.bin",".bin","978835","PNG image","Keep; rename to .png","89 50 4E 47 0D 0A 1A 0A 00 00 00 0D 49 48 44 52","�PNG      IHDR  �  �   &�H    pHYs  .#  .#x�?v  � IDATx���\g�懙�&��$@��(��.������{�ޛ�6� � Ђd��M���fz4��4���]mH���PH���'ʉ�7������9��F�sWQ]�w��-�xd�B���n����Su��Z�.&d��'�w�%�s)ex��hʮJ3rH�4���� ��uz����� ��߄B&�v�[�b�}�P�T������9B!����o﷞n1�{�p����ڊ�gZ-��ՀJ'�T|:�-f��V�X-�mˆ��������""~�!��PG����h�� :�K)�R���2Rrh��ZޏVb+s�?�$!3Ks��NB�4d�(KծԨd1޽ND]P>�f�T �r�Z��t2�J��B��3�F<��f��Mf�ђ<��-�W\i|�/�ӌ���9""aR�d|-�Y ���E�|4�ġB,��d&��sj,aE#xp�"
"steamusercontent-a.akamaihd.net\other\asset__a2ee33db1fb5f31d.bin","C:\Users\Evan\Documents\GitHub\xwing-unified-1e\assets\source\legacy1e\steamusercontent-a.akamaihd.net\other\asset__a2ee33db1fb5f31d.bin",".bin","268359","PNG image","Keep; rename to .png","89 50 4E 47 0D 0A 1A 0A 00 00 00 0D 49 48 44 52","�PNG      IHDR      �   � �   sRGB ���   gAMA  ���a    pHYs  �  ��o�d  ��IDATx^��e�^�y/���}rwr��v��T����������̬T�H,��Y-��� ���8���9��x��_�o�1��s�������?�翱���_��_CIVz��psC^b""j���ZQ���JtTW �U�L����P\�κ�UT����S|]Gu5:k��U[���:6֡��=� �oj�p[[�0�܊��Lt�`��S���S=}�l� �1?8���,��a���q,�MH��I�=&���8������ Y�ȶ��څ~�v�!,�{��c���9��;0q��ݵ��]�7`jQ���ʜ\T�d�43�))ȍODvl<2���(d�D##""��HD��b|��� 'gx��1�𰱁�� \,��`jgss�XX����VV𲶂��%<�,s�����&p41b�"
"steamusercontent-a.akamaihd.net\other\asset__a49645074b5110fe.bin","C:\Users\Evan\Documents\GitHub\xwing-unified-1e\assets\source\legacy1e\steamusercontent-a.akamaihd.net\other\asset__a49645074b5110fe.bin",".bin","326382","PNG image","Keep; rename to .png","89 50 4E 47 0D 0A 1A 0A 00 00 00 0D 49 48 44 52","�PNG      IHDR   �  �   �%&D   sRGB ���   gAMA  ���a    pHYs  �  ��o�d  ��IDATx^��eYU�;��=�=�cuUW���=3̀��C�OQy��>E�CAA�'@��� bDE�Y2{�0DŌ���~O�^��TuOǪ�}?�����Zk�����t�=���Dũc 1iҤ�˶R�A�ĉ��H�%П1cF̝;7,XK�.�U�Vņ b˖-�iӦظqc��������7X�n]�^�:.���~�1o޼f<Ɠa�S�N�ɓ'��ck����;把s���9�S�L�9�\�lY�s��7o�܀�֭[P��r}�ڵ�݅^x�xކ��MF֭�M`}���;����4���͖�2�����5k�46+W�l����.�<��H`}���[��g��s�s�~�>��8�`��F�����������y��=��u�����)c'�O�xN�֍"
"steamusercontent-a.akamaihd.net\other\asset__a53f5858f6736e84.bin","C:\Users\Evan\Documents\GitHub\xwing-unified-1e\assets\source\legacy1e\steamusercontent-a.akamaihd.net\other\asset__a53f5858f6736e84.bin",".bin","629877","PNG image","Keep; rename to .png","89 50 4E 47 0D 0A 1A 0A 00 00 00 0D 49 48 44 52","�PNG      IHDR   �  n   ���   sRGB ���   gAMA  ���a    pHYs  �  ��o�d  ��IDATx^��w�eU�폋����V^;�OE��b$�����"" ���h(ADZ3�Y�m�hh��ޖX��|�T��1޵w�޺�o�}���_O�g<k���;�>���4�.��Y�D�����\�����w_��^�����q���e׼]v.��""���p��oƻX��ካ�Å�o��u8����%ox�9�\���s��cO��<g{*�x�x��_��_v<N}�kY�F���7�䗼'}^�p�K�ī�8�q:N|�Yx�1o�Y�~;N~��pʋހӎ~N<�� 8��Sq�K��/e��O��t�����c��_�V���sq�+ߌs��9�<�}�98�5o�[�|+.|����-��M_���q%�����+p��.�ގk�r!�W���ߎ�/� �]x.:�"
"steamusercontent-a.akamaihd.net\other\asset__a8f5fe0246709993.bin","C:\Users\Evan\Documents\GitHub\xwing-unified-1e\assets\source\legacy1e\steamusercontent-a.akamaihd.net\other\asset__a8f5fe0246709993.bin",".bin","436177","PNG image","Keep; rename to .png","89 50 4E 47 0D 0A 1A 0A 00 00 00 0D 49 48 44 52","�PNG      IHDR         +�   tEXtSoftware Adobe ImageReadyq�e<  fiTXtXML:com.adobe.xmp     <?xpacket begin=""﻿"" id=""W5M0MpCehiHzreSzNTczkc9d""?> <x:xmpmeta xmlns:x=""adobe:ns:meta/"" x:xmptk=""Adobe XMP Core 5.3-c011 66.145661, 2012/02/06-14:56:27        ""> <rdf:RDF xmlns:rdf=""http://www.w3.org/1999/02/22-rdf-syntax-ns#""> <rdf:Description rdf:about="""" xmlns:xmpMM=""http://ns.adobe.com/xap/1.0/mm/"" xmlns:stRef=""http://ns.adobe.com/xap/1.0/sType/ResourceRef#"" xmlns:xmp=""http://ns.adobe.com/xa"
"steamusercontent-a.akamaihd.net\other\asset__b302eddd65f6dd73.bin","C:\Users\Evan\Documents\GitHub\xwing-unified-1e\assets\source\legacy1e\steamusercontent-a.akamaihd.net\other\asset__b302eddd65f6dd73.bin",".bin","980024","PNG image","Keep; rename to .png","89 50 4E 47 0D 0A 1A 0A 00 00 00 0D 49 48 44 52","�PNG      IHDR  �  �   &�H    pHYs  .#  .#x�?v  � IDATx���\g�懙�&��$@��(��.������{�ޛ�6� � Ђd��M���fz4��4���]mH���PH���'ʉ�7������9��F�sWQ]�w��-�xd�B���n����Su��Z�.&d��'�w�%�s)ex��hʮJ3rH�4���� ��uz����� ��߄B&�v�[�b�}�P�T������9B!����o﷞n1�{�p����ڊ�gZ-��ՀJ'�T|:�-f��V�X-�mˆ��������""~�!��PG����h�� :�K)�R���2Rrh��ZޏVb+s�?�$!3Ks��NB�4d�(KծԨd1޽ND]P>�f�T �r�Z��t2�J��B��3�F<��f��Mf�ђ<��-�W\i|�/�ӌ���9""aR�d|-�Y ���E�|4�ġB,��d&��sj,aE#xp�"
"steamusercontent-a.akamaihd.net\other\asset__b31888e41b3fa302.bin","C:\Users\Evan\Documents\GitHub\xwing-unified-1e\assets\source\legacy1e\steamusercontent-a.akamaihd.net\other\asset__b31888e41b3fa302.bin",".bin","1003626","PNG image","Keep; rename to .png","89 50 4E 47 0D 0A 1A 0A 00 00 00 0D 49 48 44 52","�PNG      IHDR         ���   tEXtSoftware Adobe ImageReadyq�e<  ""iTXtXML:com.adobe.xmp     <?xpacket begin=""﻿"" id=""W5M0MpCehiHzreSzNTczkc9d""?> <x:xmpmeta xmlns:x=""adobe:ns:meta/"" x:xmptk=""Adobe XMP Core 5.3-c011 66.145661, 2012/02/06-14:56:27        ""> <rdf:RDF xmlns:rdf=""http://www.w3.org/1999/02/22-rdf-syntax-ns#""> <rdf:Description rdf:about="""" xmlns:xmp=""http://ns.adobe.com/xap/1.0/"" xmlns:xmpMM=""http://ns.adobe.com/xap/1.0/mm/"" xmlns:stRef=""http://ns.adobe.com/xap/1.0/sType/Resour"
"steamusercontent-a.akamaihd.net\other\asset__b4e69344afb694ca.bin","C:\Users\Evan\Documents\GitHub\xwing-unified-1e\assets\source\legacy1e\steamusercontent-a.akamaihd.net\other\asset__b4e69344afb694ca.bin",".bin","349129","PNG image","Keep; rename to .png","89 50 4E 47 0D 0A 1A 0A 00 00 00 0D 49 48 44 52","�PNG      IHDR       �""�   *tEXtCreation Time Di 6 Dez 2016 09:38:23 +0100<��    tIME�& ̨�    pHYs    ��~�   gAMA  ���a S""IDATx����$Yr�t�ԙ��u���%HF3�r�������H#��؝ݢT�O����^�+f�G�OwOwUVfV�w��?����z뭷�z뭷�z뭷�z뭷�z뭷�z뭷�z뭷�z뭷�z뭷��m��� ���5��h4z�����u������z뭷����~����1�g������������b6���?���k�\��w��5�.�3�<��~/��L��}&�Ȳp��|����gϞ-s���Q""�L&�k��~��P�8?��W��~����r]�5�}���~�����L�\6I�<K�?!d��R7�h3 O�O�s�&D>�_\Bt�����]�Bm2/�N��yS�M"
"steamusercontent-a.akamaihd.net\other\asset__b80f8b192eeb9801.bin","C:\Users\Evan\Documents\GitHub\xwing-unified-1e\assets\source\legacy1e\steamusercontent-a.akamaihd.net\other\asset__b80f8b192eeb9801.bin",".bin","1273791","PNG image","Keep; rename to .png","89 50 4E 47 0D 0A 1A 0A 00 00 00 0D 49 48 44 52","�PNG      IHDR  �  �   ZS.   tEXtSoftware Adobe ImageReadyq�e<  ""iTXtXML:com.adobe.xmp     <?xpacket begin=""﻿"" id=""W5M0MpCehiHzreSzNTczkc9d""?> <x:xmpmeta xmlns:x=""adobe:ns:meta/"" x:xmptk=""Adobe XMP Core 5.3-c011 66.145661, 2012/02/06-14:56:27        ""> <rdf:RDF xmlns:rdf=""http://www.w3.org/1999/02/22-rdf-syntax-ns#""> <rdf:Description rdf:about="""" xmlns:xmp=""http://ns.adobe.com/xap/1.0/"" xmlns:xmpMM=""http://ns.adobe.com/xap/1.0/mm/"" xmlns:stRef=""http://ns.adobe.com/xap/1.0/sType/Resour"
"steamusercontent-a.akamaihd.net\other\asset__c85170e357a4975c.bin","C:\Users\Evan\Documents\GitHub\xwing-unified-1e\assets\source\legacy1e\steamusercontent-a.akamaihd.net\other\asset__c85170e357a4975c.bin",".bin","200376","PNG image","Keep; rename to .png","89 50 4E 47 0D 0A 1A 0A 00 00 00 0D 49 48 44 52","�PNG      IHDR  ,  �   ҥl�    pHYs  �  ��iTS   gAMA  ���a ZIDATx�t��$�q'/�ʪʪ��������� ��\� I�I2��j� �d&�>i����i�(ۥ��I��$�]��c�0G��]]�]ygܗ������j�{��*#_��������,s\�d�$I��ǵZM���d���_�ݷ����#�$YV��7�4IIb�OEU��4��8�SI�������)2��,�7_Re�H�e�����W�o�d�2|^��dY�%M���N�������۷n����-7uM���l����R�V�TL%��̲8�&�����������Go��������8���M���`�q �����r����K�UO�BߙI�_5�V���4��z�R)�4X���q亮�y�z�0�4�������ߟL�Xb��g���z$�~���NG�3I�����jE��S��;�|�T"
"steamusercontent-a.akamaihd.net\other\asset__c99946ff6d5d3e33.bin","C:\Users\Evan\Documents\GitHub\xwing-unified-1e\assets\source\legacy1e\steamusercontent-a.akamaihd.net\other\asset__c99946ff6d5d3e33.bin",".bin","317845","PNG image","Keep; rename to .png","89 50 4E 47 0D 0A 1A 0A 00 00 00 0D 49 48 44 52","�PNG      IHDR   �  �   �%&D   sRGB ���   gAMA  ���a    pHYs  �  ��o�d  ��IDATx^���e�U�ߪUչ��+�|C�X�:Hr& 0�o3�03��c�lcc+K�%��6������`��� ��[�QVKjImKNr�a������G��[�nu�]��>g��^a���>��}�̈́?�x�hhh�-[�$��nK�<hkll< �駁~KK��ٳ�8`������g###��fm||���ƒ#u�FGG���!H����Zgg�����޽{�|��|o߾ݶn�z�������xx݈���g�����먏�׍�XK`~^,����˃ZGGG�W������D]�.�������/�w&G�Gl&0?/�я�yDą����t���СC��Օp����<�D�Gl&0?�m����<""��y~v<�:���u#""�����g�S��>^7""b-��y~v<�"
"steamusercontent-a.akamaihd.net\other\asset__d865b25d6e3c73c4.bin","C:\Users\Evan\Documents\GitHub\xwing-unified-1e\assets\source\legacy1e\steamusercontent-a.akamaihd.net\other\asset__d865b25d6e3c73c4.bin",".bin","145023","PNG image","Keep; rename to .png","89 50 4E 47 0D 0A 1A 0A 00 00 00 0D 49 48 44 52","�PNG      IHDR   �  2   J��    IDATx�L�[�m���k�����e����g�s�:u,�K� ZQ��%��h���ԃ�!%C�/� >� �)/��FQ/QɥHjO���9u��}�^k^����Қ�ا\0�s�5�_���Z����߆l[e����.H�Tn&:c<���_��w�-�ۿ�9*��ze�6����ggm��͍(oy��m^.����D�������������aNl��)����}�����O>Y����|���&�� ��K�W�p`�o�;Sμ\�(��g��������Y��_9�_�ب�������h�a8�<����RV�y���c���ua�7J���""?!�����Hʁa^��'n�7�_S[c�;�V�V��+�����[��o|x���^}�b�\.3�`<>=��5�����13�nN�w�mgo��;i9�4k��ƾ�������z�@o��*o��J�*ʺ��K%"
"steamusercontent-a.akamaihd.net\other\asset__e32144d08916ae0e.bin","C:\Users\Evan\Documents\GitHub\xwing-unified-1e\assets\source\legacy1e\steamusercontent-a.akamaihd.net\other\asset__e32144d08916ae0e.bin",".bin","645669","PNG image","Keep; rename to .png","89 50 4E 47 0D 0A 1A 0A 00 00 00 0D 49 48 44 52","�PNG      IHDR  �  v   Z���   sRGB ���   gAMA  ���a    pHYs  �  ��o�d  ��IDATx^�e�G��{ν�s�M������w��ŬR�J��L%�S���2[�Q����3����ܵ�vϽ�z~d�������̌���z���E�Û�?����'�a��Dl�����:l���%CR�}j�M���A�蚡��9�虭0K��Y\�C7��wS�lɞ9:�%�P]�ssE߾�Ԟ�C}9T���y:�����qlA6N/����y��р/����X-�������f�pf ^Q�������`�t������W�ZD��7Z����x�//6�xE|�/W�������p��s�Oz�𨓮�U�����V�o1��&�dc!�l/�ė������� �:�`S!Ѹ��f=���<�9�S�5��=�+jN�?���n(�GćL;S �yE�)t���z|@ܡgtk��7�J{1.�+"
"steamusercontent-a.akamaihd.net\other\asset__f22e69abb22afe4c.bin","C:\Users\Evan\Documents\GitHub\xwing-unified-1e\assets\source\legacy1e\steamusercontent-a.akamaihd.net\other\asset__f22e69abb22afe4c.bin",".bin","693619","PNG image","Keep; rename to .png","89 50 4E 47 0D 0A 1A 0A 00 00 00 0D 49 48 44 52","�PNG      IHDR  �  v   Z���   sRGB ���   gAMA  ���a    pHYs  �  ��o�d  ��IDATx^���W��3_C���4�n:9�ps�A7�^IW9�hɒ%�9g�`L�I�`���9ۤ68�mlL�9��޵��9�J��g�ϟ)��e����Uu��Tɿ���G�������?Q�  �""�kF���Lb�zU$�C0G E(G0�?��Ba�a��~x�^x<nx�.�]UpWU�%r�JU ����:D^�K�q�7MYˋ�߇@������ADB!��Q8D8,��GL[4ֱeee�DCX�l1&'�a��r��/@u>/k�%�s5��6���ʧ�~N�O����SV���yᖨ�r���|���I�������e[����k��%��>Z����G�J%�I'�ϥQS���I#�M���zM>�Z�cmM�5Y4�f�X�Cs}- 5hk�EGK:[���ր��&��j�p"
"steamusercontent-a.akamaihd.net\other\asset__fd3611066d36b27d.bin","C:\Users\Evan\Documents\GitHub\xwing-unified-1e\assets\source\legacy1e\steamusercontent-a.akamaihd.net\other\asset__fd3611066d36b27d.bin",".bin","1077938","PNG image","Keep; rename to .png","89 50 4E 47 0D 0A 1A 0A 00 00 00 0D 49 48 44 52","�PNG      IHDR         =�Dg   tEXtSoftware Adobe ImageReadyq�e<  ""iTXtXML:com.adobe.xmp     <?xpacket begin=""﻿"" id=""W5M0MpCehiHzreSzNTczkc9d""?> <x:xmpmeta xmlns:x=""adobe:ns:meta/"" x:xmptk=""Adobe XMP Core 5.3-c011 66.145661, 2012/02/06-14:56:27        ""> <rdf:RDF xmlns:rdf=""http://www.w3.org/1999/02/22-rdf-syntax-ns#""> <rdf:Description rdf:about="""" xmlns:xmp=""http://ns.adobe.com/xap/1.0/"" xmlns:xmpMM=""http://ns.adobe.com/xap/1.0/mm/"" xmlns:stRef=""http://ns.adobe.com/xap/1.0/sType/Resour"
"steamusercontent-a.akamaihd.net\other\asset__064a6e7fa680546d.bin","C:\Users\Evan\Documents\GitHub\xwing-unified-1e\assets\source\legacy1e\steamusercontent-a.akamaihd.net\other\asset__064a6e7fa680546d.bin",".bin","14739","Unknown binary","Manual review","23 20 45 78 70 6F 72 74 65 64 20 66 72 6F 6D 20","# Exported from Wings 3D 1.5.3 mtllib crit.mtl o Cylinder1 #54 vertices, 104 faces v 1.05000000 0.10000000 0.0000000e+0 v 0.52500000 0.10000000 0.90932667 v -0.52500000 0.10000000 0.90932667 v -1.05000000 0.10000000 1.2858791e-16 v -0.52500000 0.10000000 -0.90932667 v 0.52500000 0.10000000 -0.90932667 v 1.05000000 -0.10000000 0.0000000e+0 v 0.52500000 -0.10000000 0.90932667 v -0.52500000 -0.10000000 0.90932667 v -1.05000000 -0.10000000 1.2858791e-16 v -0.52500000 -0.10000000 -0.909"
"steamusercontent-a.akamaihd.net\other\asset__08c4f55f5b09c713.bin","C:\Users\Evan\Documents\GitHub\xwing-unified-1e\assets\source\legacy1e\steamusercontent-a.akamaihd.net\other\asset__08c4f55f5b09c713.bin",".bin","835558","Unknown binary","Manual review","23 20 42 6C 65 6E 64 65 72 20 76 32 2E 37 38 20","# Blender v2.78 (sub 0) OBJ File: '' # www.blender.org mtllib SHADOWSATANAS.mtl o med_base_Cube.011_MilleniumFalcon2_TEX00000 v 0.154383 3.752133 -0.498208 v -0.144111 3.752133 -0.532738 v 0.007409 3.752133 -0.535122 v -0.289851 3.752133 -0.491220 v 0.286795 3.752133 -0.424512 v -0.419879 3.752133 -0.413396 v 0.395621 3.752133 -0.319057 v -0.525334 3.752133 -0.304570 v 0.473445 3.752133 -0.189029 v -0.599030 3.752133 -0.172158 v 0.514963 3.752133 -0.043289 v -0.635944 3.752133 -0.025184 v 0.5173"
"steamusercontent-a.akamaihd.net\other\asset__091d0ddc0eb3c434.bin","C:\Users\Evan\Documents\GitHub\xwing-unified-1e\assets\source\legacy1e\steamusercontent-a.akamaihd.net\other\asset__091d0ddc0eb3c434.bin",".bin","614250","Unknown binary","Manual review","23 20 42 6C 65 6E 64 65 72 20 76 33 2E 36 2E 32","# Blender v3.6.2 OBJ File: '' # www.blender.org mtllib full small.mtl o Curve_Mesh.002 v 1.151364 0.399465 -1.151123 v 1.151364 -0.100535 -1.151123 v 1.151364 -0.100535 -1.105826 v 1.151364 0.399465 -1.105826 v 1.151364 -0.100535 -0.980593 v 1.151364 0.399465 -0.980593 v 1.151364 -0.100535 -0.791411 v 1.151364 0.399465 -0.791411 v 1.151364 -0.100535 -0.554267 v 1.151364 0.399465 -0.554267 v 1.151364 -0.100535 -0.285150 v 1.151364 0.399465 -0.285150 v 1.151364 -0.100535 -0.000045 v 1.151364 0.399"
"steamusercontent-a.akamaihd.net\other\asset__09fb1abf9bca42bc.bin","C:\Users\Evan\Documents\GitHub\xwing-unified-1e\assets\source\legacy1e\steamusercontent-a.akamaihd.net\other\asset__09fb1abf9bca42bc.bin",".bin","876","Unknown binary","Manual review","23 20 45 78 70 6F 72 74 65 64 20 66 72 6F 6D 20","# Exported from Wings 3D 1.5.3 mtllib bomb_collision.mtl o Cube2 #8 vertices, 6 faces v -1.50000000 0.0000000e+0 -1.60000000 v -1.50000000 0.0000000e+0 1.60000000 v -1.50000000 0.20000000 -1.60000000 v -1.50000000 0.20000000 1.60000000 v 1.50000000 0.0000000e+0 -1.60000000 v 1.50000000 0.0000000e+0 1.60000000 v 1.50000000 0.20000000 -1.60000000 v 1.50000000 0.20000000 1.60000000 vn -0.57735027 -0.57735027 -0.57735027 vn -0.57735027 -0.57735027 0.57735027 vn -0.57735027 0.57735027 -"
"steamusercontent-a.akamaihd.net\other\asset__0ae7417d36ac3066.bin","C:\Users\Evan\Documents\GitHub\xwing-unified-1e\assets\source\legacy1e\steamusercontent-a.akamaihd.net\other\asset__0ae7417d36ac3066.bin",".bin","109098","Unknown binary","Manual review","23 20 42 6C 65 6E 64 65 72 20 76 32 2E 37 31 20","# Blender v2.71 (sub 0) OBJ File: 'A3fin.blend' # www.blender.org mtllib A3.mtl o Curve_Mesh v -1.788864 0.000000 -0.594066 v -1.761937 0.000000 -0.598998 v -1.730505 0.000000 -0.604169 v -1.694806 0.000000 -0.609443 v -1.655079 0.000000 -0.614686 v -1.611564 0.000000 -0.619763 v -1.564500 0.000000 -0.624541 v -1.514126 0.000000 -0.628883 v -1.460680 0.000000 -0.632657 v -1.404402 0.000000 -0.635727 v -1.345532 0.000000 -0.637958 v -1.284308 0.000000 -0.639217 v -1.220969 0.00000"
"steamusercontent-a.akamaihd.net\other\asset__144ec556e73c7bda.bin","C:\Users\Evan\Documents\GitHub\xwing-unified-1e\assets\source\legacy1e\steamusercontent-a.akamaihd.net\other\asset__144ec556e73c7bda.bin",".bin","258918","Unknown binary","Manual review","23 20 42 6C 65 6E 64 65 72 20 76 32 2E 37 30 20","# Blender v2.70 (sub 0) OBJ File: 'D8_smoothed.blend' # www.blender.org v 0.417134 0.016602 0.012877 v 0.417372 0.019184 0.008691 v 0.414928 0.022442 0.010809 v 0.416095 0.019527 0.012089 v 0.416195 0.020942 0.009558 v 0.414517 0.021109 0.013628 v 0.416012 0.017967 0.014047 v 0.416967 0.021415 0.005375 v 0.416688 0.022773 0.001776 v 0.415202 0.024053 0.006207 v 0.417017 0.021762 0.003906 v 0.415700 0.024290 0.001894 v 0.419652 0.016603 -0.000000 v 0.417901 0.020684 -0.000000 v 0."
"steamusercontent-a.akamaihd.net\other\asset__17e110729773a17c.bin","C:\Users\Evan\Documents\GitHub\xwing-unified-1e\assets\source\legacy1e\steamusercontent-a.akamaihd.net\other\asset__17e110729773a17c.bin",".bin","285977","Unknown binary","Manual review","23 20 42 6C 65 6E 64 65 72 20 76 32 2E 37 38 20","# Blender v2.78 (sub 0) OBJ File: '' # www.blender.org mtllib REAPER10C.mtl o small_base_Cube.002_small_base_Cube.002_auv v -1.155937 -0.145255 1.155937 v -0.961315 0.145255 1.155937 v -1.155937 0.145255 1.155937 v -1.155937 -0.145255 -0.000000 v -0.961315 -0.145255 1.155937 v -0.961315 0.245255 1.155937 v -1.155937 0.245255 1.155937 v -0.961315 0.245255 0.000000 v -1.155937 0.245255 0.000000 v -0.760088 -0.145255 1.155937 v -0.961315 0.072627 1.155937 v -1.155937 -0.145255 -1.155937 v -1.155937"
"steamusercontent-a.akamaihd.net\other\asset__1a366658ca0eb067.bin","C:\Users\Evan\Documents\GitHub\xwing-unified-1e\assets\source\legacy1e\steamusercontent-a.akamaihd.net\other\asset__1a366658ca0eb067.bin",".bin","433379","Unknown binary","Manual review","23 20 42 6C 65 6E 64 65 72 20 76 32 2E 37 38 20","# Blender v2.78 (sub 0) OBJ File: '' # www.blender.org mtllib ACABOETRETA.mtl o TURRETAGRESSOR.002 v 0.088613 3.932205 1.154858 v 0.088613 3.931072 1.203655 v 0.090774 3.936285 1.203776 v 0.090774 3.937418 1.154979 v 0.094209 3.940760 1.203881 v 0.094209 3.941894 1.155082 v 0.124785 3.941894 1.155082 v 0.120307 3.945329 1.155162 v 0.120307 3.944196 1.203961 v 0.124785 3.940760 1.203881 v 0.115092 3.947489 1.155213 v 0.115092 3.946354 1.204010 v 0.109496 3.948225 1.155230 v 0.109496 3.947092 1.20"
"steamusercontent-a.akamaihd.net\other\asset__257698f1befe862f.bin","C:\Users\Evan\Documents\GitHub\xwing-unified-1e\assets\source\legacy1e\steamusercontent-a.akamaihd.net\other\asset__257698f1befe862f.bin",".bin","89732","Unknown binary","Manual review","23 20 42 6C 65 6E 64 65 72 20 76 32 2E 37 31 20","# Blender v2.71 (sub 0) OBJ File: 'D1.blend' # www.blender.org mtllib D1.mtl o Curve.001_Mesh.001 v -2.190030 0.650889 -1.268275 v -2.162313 0.650889 -1.319974 v -2.114655 0.650889 -1.370927 v -2.050842 0.650889 -1.420757 v -1.974663 0.650889 -1.469082 v -1.889906 0.650889 -1.515524 v -1.800359 0.650889 -1.559703 v -1.709811 0.650889 -1.601241 v -1.622048 0.650889 -1.639757 v -1.540860 0.650889 -1.674873 v -1.470035 0.650889 -1.706208 v -1.413360 0.650889 -1.733384 v -1.374623 0."
"steamusercontent-a.akamaihd.net\other\asset__26cc9ba3786f842f.bin","C:\Users\Evan\Documents\GitHub\xwing-unified-1e\assets\source\legacy1e\steamusercontent-a.akamaihd.net\other\asset__26cc9ba3786f842f.bin",".bin","54867","Unknown binary","Manual review","23 20 42 6C 65 6E 64 65 72 20 76 32 2E 37 30 20","# Blender v2.70 (sub 0) OBJ File: 'D8.blend' # www.blender.org v 0.395075 0.009095 0.003833 v 0.395142 0.010189 0.000693 v 0.395835 0.008989 -0.000000 v 0.396932 0.005879 0.001977 v 0.396932 0.001977 0.005879 v 0.395075 0.003833 0.009095 v 0.397697 0.003408 -0.000000 v 0.397697 0.000000 0.003408 v 0.395835 0.000000 0.008989 v 0.395142 0.000693 0.010189 v 0.392949 0.004748 0.011632 v 0.392949 0.011632 0.004748 v -0.010189 -0.395142 0.000693 v -0.009095 -0.395075 0.003833 v -0.0058"
"steamusercontent-a.akamaihd.net\other\asset__27b73a65c22a346f.bin","C:\Users\Evan\Documents\GitHub\xwing-unified-1e\assets\source\legacy1e\steamusercontent-a.akamaihd.net\other\asset__27b73a65c22a346f.bin",".bin","65392","Unknown binary","Manual review","23 20 45 78 70 6F 72 74 65 64 20 66 72 6F 6D 20","# Exported from Wings 3D 1.5.3 mtllib proton_bomb.mtl o STL object #160 vertices, 316 faces v -1.79999995 0.0000000e+0 -1.27999997 v -1.79999995 0.0000000e+0 1.27999997 v -1.79999995 0.20000000 -1.27999997 v -1.79999995 0.20000000 1.27999997 v -1.79726541 0.0000000e+0 -1.31125665 v -1.79726541 0.0000000e+0 -1.24874330 v -1.79726541 0.0000000e+0 1.24874330 v -1.79726541 0.0000000e+0 1.31125665 v -1.79726541 0.20000000 -1.31125665 v -1.79726541 0.20000000 -1.24874330 v -1.79726541 0."
"steamusercontent-a.akamaihd.net\other\asset__37852b58d6860b39.bin","C:\Users\Evan\Documents\GitHub\xwing-unified-1e\assets\source\legacy1e\steamusercontent-a.akamaihd.net\other\asset__37852b58d6860b39.bin",".bin","168740","Unknown binary","Manual review","23 20 42 6C 65 6E 64 65 72 20 76 33 2E 36 2E 32","# Blender v3.6.2 OBJ File: '' # www.blender.org mtllib bullseye small.mtl o Curve_Mesh_Curve_Mesh.000 v 0.403000 -0.100531 -19.737661 v 0.403000 0.399459 -19.737658 v 0.403000 0.399460 -2.325580 v 0.403000 -0.100530 -2.325580 v -0.403000 -0.100531 -19.737661 v -0.403000 0.399459 -19.737658 v -0.403000 0.399460 -2.325580 v -0.403000 -0.100530 -2.325580 v -0.403000 -0.100531 -19.737661 v -0.403000 -0.100530 -2.325580 v -0.403000 0.399460 -2.325580 v -0.403000 0.399459 -19.737658 v 0.403000 -0.1005"
"steamusercontent-a.akamaihd.net\other\asset__386df925f3c4a991.bin","C:\Users\Evan\Documents\GitHub\xwing-unified-1e\assets\source\legacy1e\steamusercontent-a.akamaihd.net\other\asset__386df925f3c4a991.bin",".bin","105330","Unknown binary","Manual review","23 20 54 68 69 73 20 66 69 6C 65 20 75 73 65 73","# This file uses centimeters as units for non-parametric coordinates. v -0.942790 0.044947 1.789603 v -0.942790 -0.044947 1.789603 v 1.450208 0.044947 -1.838117 v 1.450208 -0.044947 -1.838117 v -1.736540 0.044947 -0.862122 v -1.736540 -0.044947 -0.862122 v -2.148126 0.044947 0.449048 v -2.148126 -0.044947 0.449048 v -1.242651 0.044947 1.025240 v -1.242651 -0.044947 1.025240 v -1.242651 0.000000 1.025240 v -0.942790 0.000000 1.789603 v -1.130199 0.044947 1.436089 v -1.130199 0.000"
"steamusercontent-a.akamaihd.net\other\asset__3924f76bf97e61b4.bin","C:\Users\Evan\Documents\GitHub\xwing-unified-1e\assets\source\legacy1e\steamusercontent-a.akamaihd.net\other\asset__3924f76bf97e61b4.bin",".bin","1891","Unknown binary","Manual review","23 20 42 6C 65 6E 64 65 72 20 76 32 2E 37 32 20","# Blender v2.72 (sub 0) OBJ File: 'resized_templates.blend' # www.blender.org mtllib range_ruler.mtl o Range_5_Cube.001 v 8.669535 0.066758 0.442860 v -8.669535 0.066758 0.442860 v -8.669535 -0.066758 0.442860 v 8.669535 -0.066758 0.442860 v -8.669535 0.066758 -0.442860 v -8.669535 -0.066758 -0.442860 v 8.669535 0.066758 -0.442860 v 8.669535 -0.066758 -0.442860 v -2.889845 0.066758 -0.442860 v 2.889846 0.066758 -0.442860 v 2.889845 0.066758 0.442860 v -2.889845 0.066758 0.442860"
"steamusercontent-a.akamaihd.net\other\asset__40bb6b0e4fcbace7.bin","C:\Users\Evan\Documents\GitHub\xwing-unified-1e\assets\source\legacy1e\steamusercontent-a.akamaihd.net\other\asset__40bb6b0e4fcbace7.bin",".bin","119389","Unknown binary","Manual review","23 20 54 68 69 73 20 66 69 6C 65 20 75 73 65 73","# This file uses centimeters as units for non-parametric coordinates. v -0.281009 0.044985 1.685494 v -0.281009 -0.044985 1.685494 v -0.486785 0.044985 -1.607087 v -0.486785 -0.044985 -1.607087 v -1.801632 0.044985 0.706540 v -1.801632 -0.044985 0.706540 v -1.607463 0.044985 2.095064 v -1.607463 -0.044985 2.095064 v -0.951287 0.044985 2.185274 v -0.951287 -0.044985 2.185274 v -0.951287 0.000000 2.185274 v -0.281009 0.000000 1.685494 v -0.639035 0.044985 1.951299 v -0.639035 0.000"
"steamusercontent-a.akamaihd.net\other\asset__470ecfe56b9f116c.bin","C:\Users\Evan\Documents\GitHub\xwing-unified-1e\assets\source\legacy1e\steamusercontent-a.akamaihd.net\other\asset__470ecfe56b9f116c.bin",".bin","197440","Unknown binary","Manual review","23 20 54 68 69 73 20 66 69 6C 65 20 75 73 65 73","# This file uses centimeters as units for non-parametric coordinates. v -1.781762 -0.044739 -1.644307 v -1.779834 0.044739 -1.645859 v 3.429347 -0.044739 0.996017 v 3.439583 0.044739 0.987504 v -3.057453 -0.044739 2.420325 v -3.055959 0.044739 2.430647 v -3.148179 -0.044739 -0.212456 v -3.152951 0.044739 -0.227375 v -2.807376 -0.044739 -1.089407 v -2.812300 0.044739 -1.091680 v -2.812300 0.000000 -1.091680 v -1.779834 -0.000000 -1.645859 v -2.255680 -0.044739 -1.549915 v -2.25684"
"steamusercontent-a.akamaihd.net\other\asset__5673cf7eeae9265d.bin","C:\Users\Evan\Documents\GitHub\xwing-unified-1e\assets\source\legacy1e\steamusercontent-a.akamaihd.net\other\asset__5673cf7eeae9265d.bin",".bin","77100","Unknown binary","Manual review","23 20 42 6C 65 6E 64 65 72 20 76 32 2E 37 31 20","# Blender v2.71 (sub 0) OBJ File: '' # www.blender.org mtllib A4.mtl o Curve_Mesh v -1.903336 0.000000 -0.098646 v -1.912693 0.000000 -0.138875 v -1.924167 0.000000 -0.182069 v -1.937677 0.000000 -0.227620 v -1.953141 0.000000 -0.274915 v -1.970477 0.000000 -0.323347 v -1.989606 0.000000 -0.372304 v -2.010444 0.000000 -0.421176 v -2.032912 0.000000 -0.469354 v -2.056927 0.000000 -0.516227 v -2.082409 0.000000 -0.561186 v -2.109276 0.000000 -0.603620 v -2.137447 0.000000 -0.642918"
"steamusercontent-a.akamaihd.net\other\asset__57c9e087a6f67b6e.bin","C:\Users\Evan\Documents\GitHub\xwing-unified-1e\assets\source\legacy1e\steamusercontent-a.akamaihd.net\other\asset__57c9e087a6f67b6e.bin",".bin","17640","Unknown binary","Manual review","23 20 42 6C 65 6E 64 65 72 20 76 32 2E 37 38 20","# Blender v2.78 (sub 0) OBJ File: '' # www.blender.org mtllib tokendualside.mtl o Cylinder1_Cylinder1_auv v 0.950000 0.100000 0.000000 v 0.945426 0.100000 -0.093116 v 0.945426 0.100000 0.093116 v 0.931746 0.100000 0.185336 v 0.931746 0.100000 -0.185336 v 0.909093 0.100000 0.275770 v 0.909093 0.100000 -0.275770 v 0.877686 0.100000 0.363549 v 0.877686 0.100000 -0.363549 v 0.837825 0.100000 0.447827 v 0.837825 0.100000 -0.447827 v 0.789896 0.100000 0.527792 v 0.789896 0.100000 -0.527792 v 0.734360"
"steamusercontent-a.akamaihd.net\other\asset__5b0946b7da2c7459.bin","C:\Users\Evan\Documents\GitHub\xwing-unified-1e\assets\source\legacy1e\steamusercontent-a.akamaihd.net\other\asset__5b0946b7da2c7459.bin",".bin","29021","Unknown binary","Manual review","23 20 42 6C 65 6E 64 65 72 20 76 32 2E 36 38 20","# Blender v2.68 (sub 0) OBJ File: '' # www.blender.org mtllib Bomb Guide.mtl o Circle.003_Circle.000 v -3.375407 -0.000002 11.058050 v -4.294176 -0.000002 10.827910 v 5.185978 -0.000002 10.508820 v 4.294191 -0.000002 10.827906 v -2.438505 -0.000002 11.197025 v 6.042193 -0.000002 10.103859 v 0.000008 -0.000002 11.243500 v 6.854595 -0.000002 9.616922 v 0.000000 0.000002 -11.243500 v 2.438545 0.000002 -11.197021 v 7.615355 -0.000001 9.052704 v 11.097525 0.000000 -2.538006 v 11.144000 -0.000000 0.00"
"steamusercontent-a.akamaihd.net\other\asset__60153044a308349b.bin","C:\Users\Evan\Documents\GitHub\xwing-unified-1e\assets\source\legacy1e\steamusercontent-a.akamaihd.net\other\asset__60153044a308349b.bin",".bin","105628","Unknown binary","Manual review","23 20 45 78 70 6F 72 74 65 64 20 66 72 6F 6D 20","# Exported from Wings 3D 1.5.3 mtllib prox_mine.mtl o STL object #256 vertices, 508 faces v -3.58133841 0.0000000e+0 -1.27718866 v -3.58133841 0.0000000e+0 -1.23315167 v -3.58133841 0.20000000 -1.27718866 v -3.58133841 0.20000000 -1.23315167 v -3.57367849 0.0000000e+0 1.24617851 v -3.57367849 0.20000000 1.24617851 v -3.57079959 0.0000000e+0 -1.31994593 v -3.57079959 0.0000000e+0 -1.19039440 v -3.57079959 0.20000000 -1.31994593 v -3.57079959 0.20000000 -1.19039440 v -3.56776047 0.00"
"steamusercontent-a.akamaihd.net\other\asset__608214851c34a2c6.bin","C:\Users\Evan\Documents\GitHub\xwing-unified-1e\assets\source\legacy1e\steamusercontent-a.akamaihd.net\other\asset__608214851c34a2c6.bin",".bin","161331","Unknown binary","Manual review","23 20 54 68 69 73 20 66 69 6C 65 20 75 73 65 73","# This file uses centimeters as units for non-parametric coordinates. v -2.035325 0.045075 1.636888 v -2.035325 -0.045075 1.636888 v 1.886400 0.045075 -0.767893 v 1.886400 -0.045075 -0.767893 v -0.594828 0.045075 -1.585138 v -0.594828 -0.045075 -1.585138 v -1.982409 0.045075 0.313971 v -1.982409 -0.045075 0.313971 v -2.466750 0.045075 0.821085 v -2.466750 -0.045075 0.821085 v -2.466750 0.000000 0.821085 v -2.035325 0.000000 1.636888 v -2.432783 0.045075 1.331727 v -2.432783 0.000"
"steamusercontent-a.akamaihd.net\other\asset__66a2c7806bf2d5ec.bin","C:\Users\Evan\Documents\GitHub\xwing-unified-1e\assets\source\legacy1e\steamusercontent-a.akamaihd.net\other\asset__66a2c7806bf2d5ec.bin",".bin","52070","Unknown binary","Manual review","23 20 45 78 70 6F 72 74 65 64 20 66 72 6F 6D 20","# Exported from Wings 3D 1.5.3 mtllib evade.mtl o Cylinder1 #128 vertices, 252 faces v 0.95000000 0.10000000 0.0000000e+0 v 0.94542549 0.10000000 9.3116283e-2 v 0.93174602 0.10000000 0.18533581 v 0.90909332 0.10000000 0.27577044 v 0.87768556 0.10000000 0.36354926 v 0.83782520 0.10000000 0.44782690 v 0.78989613 0.10000000 0.52779172 v 0.73435993 0.10000000 0.60267362 v 0.67175144 0.10000000 0.67175144 v 0.60267362 0.10000000 0.73435993 v 0.52779172 0.10000000 0.78989613 v 0.4478269"
"steamusercontent-a.akamaihd.net\other\asset__68f617eaf066b0c2.bin","C:\Users\Evan\Documents\GitHub\xwing-unified-1e\assets\source\legacy1e\steamusercontent-a.akamaihd.net\other\asset__68f617eaf066b0c2.bin",".bin","66075","Unknown binary","Manual review","23 20 42 6C 65 6E 64 65 72 20 76 32 2E 37 31 20","# Blender v2.71 (sub 0) OBJ File: '' # www.blender.org mtllib A5.mtl o Curve_Mesh v -1.570635 0.000000 0.044227 v -1.602977 0.000000 0.020169 v -1.639096 0.000000 -0.009807 v -1.677735 0.000000 -0.044175 v -1.717640 0.000000 -0.081408 v -1.757554 0.000000 -0.119980 v -1.796221 0.000000 -0.158363 v -1.832385 0.000000 -0.195030 v -1.864790 0.000000 -0.228454 v -1.892180 0.000000 -0.257109 v -1.913300 0.000000 -0.279467 v -1.926892 0.000000 -0.294002 v -1.931702 0.000000 -0.299186"
"steamusercontent-a.akamaihd.net\other\asset__6aee44c099c90adf.bin","C:\Users\Evan\Documents\GitHub\xwing-unified-1e\assets\source\legacy1e\steamusercontent-a.akamaihd.net\other\asset__6aee44c099c90adf.bin",".bin","9771","Unknown binary","Manual review","23 20 45 78 70 6F 72 74 65 64 20 66 72 6F 6D 20","# Exported from Wings 3D 1.5.3 mtllib rangeruler_huge_2.mtl o Range_5_Cube.001 #28 vertices, 47 faces v 0.44286000 6.6758000e-2 -2.47691648 v 0.44286000 6.6758000e-2 14.86215352 v 0.44286000 -6.6758000e-2 14.86215352 v 0.44286000 -6.6758000e-2 -2.47691648 v -0.44286000 6.6758000e-2 14.86215352 v -0.44286000 -6.6758000e-2 14.86215352 v -0.44286000 6.6758000e-2 -2.47691648 v -0.44286000 -6.6758000e-2 -2.47691648 v -0.44286000 6.6758000e-2 9.08246352 v -0.44286000 6.6758000e-2 3.30277252 v 0.442860"
"steamusercontent-a.akamaihd.net\other\asset__6cbabeab3f5fb79e.bin","C:\Users\Evan\Documents\GitHub\xwing-unified-1e\assets\source\legacy1e\steamusercontent-a.akamaihd.net\other\asset__6cbabeab3f5fb79e.bin",".bin","126335","Unknown binary","Manual review","23 20 54 68 69 73 20 66 69 6C 65 20 75 73 65 73","# This file uses centimeters as units for non-parametric coordinates. v -0.537986 0.045139 1.644520 v -0.537986 -0.045139 1.644520 v 0.269363 0.045139 -1.628596 v 0.269363 -0.045139 -1.628596 v -1.547807 0.045139 -0.518934 v -1.547807 -0.045139 -0.518934 v -1.613142 0.045139 1.094775 v -1.613142 -0.045139 1.094775 v -1.210387 0.045139 1.595258 v -1.210387 -0.045139 1.595258 v -1.210387 0.000000 1.595258 v -0.537986 0.000000 1.644520 v -0.866788 0.045139 1.690597 v -0.866788 0.000"
"steamusercontent-a.akamaihd.net\other\asset__7c7a78a8d9b90dc3.bin","C:\Users\Evan\Documents\GitHub\xwing-unified-1e\assets\source\legacy1e\steamusercontent-a.akamaihd.net\other\asset__7c7a78a8d9b90dc3.bin",".bin","576841","Unknown binary","Manual review","23 20 42 6C 65 6E 64 65 72 20 76 32 2E 37 38 20","# Blender v2.78 (sub 0) OBJ File: 'u-wblend.blend' # www.blender.org mtllib UDEMONIACA5.mtl o Cylinder.070 v -2.329790 -0.145256 2.329789 v -2.329789 -0.145255 -0.000000 v -2.045669 -0.145256 2.329789 v -2.045669 0.072628 2.329789 v -2.045669 0.145255 2.329789 v -0.760087 -0.145256 2.329789 v -0.760087 -0.145255 -0.000000 v -0.561715 -0.145256 2.329789 v -0.760087 -0.004746 2.398938 v -0.760087 -0.004745 2.329789 v -0.760087 0.072628 2.329789 v -2.045669 0.245255 2.329789 v -2.329790 0.245255 2."
"steamusercontent-a.akamaihd.net\other\asset__7def02132ec12944.bin","C:\Users\Evan\Documents\GitHub\xwing-unified-1e\assets\source\legacy1e\steamusercontent-a.akamaihd.net\other\asset__7def02132ec12944.bin",".bin","207177","Unknown binary","Manual review","23 20 42 6C 65 6E 64 65 72 20 76 33 2E 36 2E 32","# Blender v3.6.2 OBJ File: '' # www.blender.org mtllib r2.mtl o Curve_Mesh.001 v 0.970230 0.399761 13.934263 v 0.970230 -0.100239 13.934263 v 0.838949 -0.100239 13.934263 v 0.838949 0.399761 13.934263 v -13.891913 0.399763 -3.331917 v -13.891913 -0.100237 -3.331917 v -13.890395 -0.100237 -3.353440 v -13.890395 0.399763 -3.353440 v 13.937230 0.399762 0.100220 v 13.937230 -0.100238 0.100220 v 13.937230 -0.100238 0.135683 v 13.937230 0.399762 0.135683 v 0.640632 -0.100239 13.934263 v 0.640632 0.399"
"steamusercontent-a.akamaihd.net\other\asset__7f997ffbf00b08ec.bin","C:\Users\Evan\Documents\GitHub\xwing-unified-1e\assets\source\legacy1e\steamusercontent-a.akamaihd.net\other\asset__7f997ffbf00b08ec.bin",".bin","24016","Unknown binary","Manual review","23 20 45 78 70 6F 72 74 65 64 20 66 72 6F 6D 20","# Exported from Wings 3D v1.5.3.2015-03-17---20-19.mlab mtllib stress_2.mtl o STL object #60 vertices, 116 faces v -0.69106834 -2.4999997e-2 -0.96809798 v -0.69106834 -2.4999997e-2 0.96809798 v -0.69106834 0.17500000 -0.96809798 v -0.69106834 0.17500000 0.96809798 v -0.68936466 -2.4999997e-2 -0.98103893 v -0.68936466 -2.4999997e-2 0.98103893 v -0.68936466 0.17500000 -0.98103893 v -0.68936466 0.17500000 0.98103893 v -0.68436961 -2.4999997e-2 -0.99309802 v -0.68436961 -2.4999997e-2 0."
"steamusercontent-a.akamaihd.net\other\asset__8227a125982596d5.bin","C:\Users\Evan\Documents\GitHub\xwing-unified-1e\assets\source\legacy1e\steamusercontent-a.akamaihd.net\other\asset__8227a125982596d5.bin",".bin","4748448","Unknown binary","Manual review","23 20 45 78 70 6F 72 74 65 64 20 66 72 6F 6D 20","# Exported from Wings 3D 1.5.3 mtllib arc170 final.mtl o ARC_170_LEE_RAY_polySurface1394_sep460 #3 vertices, 1 faces v -0.60023065 3.58187808 -8.0647269e-3 v -0.59699892 3.57303775 8.9552951e-3 v -0.60021653 3.58187807 8.9579760e-3 vt 0.35097703 6.0357722e-2 vt 0.35116751 5.7953462e-2 vn 0.93969237 0.34201993 -7.7925557e-4 vn 0.93969237 0.34201993 -7.7925557e-4 vn 0.93969237 0.34201993 -7.7925557e-4 g ARC_170_LEE_RAY_polySurface1394_sep460_blinn1 usemtl blinn1 s 1 f 1/1/1 3/2/3 2/"
"steamusercontent-a.akamaihd.net\other\asset__8444433b4d8321f1.bin","C:\Users\Evan\Documents\GitHub\xwing-unified-1e\assets\source\legacy1e\steamusercontent-a.akamaihd.net\other\asset__8444433b4d8321f1.bin",".bin","26737","Unknown binary","Manual review","23 20 33 64 73 20 4D 61 78 20 57 61 76 65 66 72","# 3ds Max Wavefront OBJ Exporter v0.97b - (c)2007 guruware # File Created: 31.07.2024 16:53:01 # # object Cylinder8_Cylinder8_auv # v  0.9454 0.1000 0.0931 v  1.0951 -0.1000 0.0784 v  1.0951 0.1000 0.0784 v  0.8378 0.1000 0.4478 v  0.9541 -0.1000 0.5433 v  0.8378 -0.1000 0.4478 v  0.6027 0.1000 0.7344 v  0.7190 -0.1000 0.8298 v  0.7190 0.1000 0.8298 v  0.2758 0.1000 0.9091 v  0.2905 -0.1000 1.0588 v  0.2758 -0.1000 0.9091 v  -0.0931 0.1000 0.9454 v  -0.0784 -0.1000 1.0951"
"steamusercontent-a.akamaihd.net\other\asset__85d1e6c375220c9f.bin","C:\Users\Evan\Documents\GitHub\xwing-unified-1e\assets\source\legacy1e\steamusercontent-a.akamaihd.net\other\asset__85d1e6c375220c9f.bin",".bin","271088","Unknown binary","Manual review","23 20 45 78 70 6F 72 74 65 64 20 66 72 6F 6D 20","# Exported from Wings 3D 1.5.3 mtllib tiestriker_with_base2.mtl o small_base_Cube.002 #218 vertices, 364 faces v -1.15593700 -0.14525500 1.15593700 v -1.15593700 0.14525500 1.15593700 v -0.96131500 0.14525500 1.15593700 v -0.96131500 -0.14525500 1.15593700 v -1.15593700 0.24525500 1.15593700 v -0.96131500 0.24525500 1.15593700 v -0.56171500 -0.14525500 1.15593700 v -0.56171500 0.14525500 1.15593700 v -0.76008800 0.14525500 1.15593700 v -0.76008800 -0.14525500 1.15593700 v -1.155937"
"steamusercontent-a.akamaihd.net\other\asset__89db5c76972d5b52.bin","C:\Users\Evan\Documents\GitHub\xwing-unified-1e\assets\source\legacy1e\steamusercontent-a.akamaihd.net\other\asset__89db5c76972d5b52.bin",".bin","167910","Unknown binary","Manual review","23 20 42 6C 65 6E 64 65 72 20 76 33 2E 36 2E 32","# Blender v3.6.2 OBJ File: '' # www.blender.org mtllib primaryarc.mtl o Curve_Mesh.001 v 2.778339 0.399764 -19.730221 v 2.778339 -0.100236 -19.730221 v 2.790286 -0.100236 -19.729496 v 2.790286 0.399764 -19.729496 v -2.902904 0.399764 -19.732862 v -2.902904 -0.100236 -19.732862 v -2.873951 -0.100236 -19.734768 v -2.873951 0.399764 -19.734768 v -3.409426 0.399762 -8.030500 v -3.409426 -0.100238 -8.030500 v -3.376738 -0.100238 -8.034849 v -3.376738 0.399762 -8.034849 v 2.798194 -0.100236 -19.729015"
"steamusercontent-a.akamaihd.net\other\asset__8a8da7185c73d609.bin","C:\Users\Evan\Documents\GitHub\xwing-unified-1e\assets\source\legacy1e\steamusercontent-a.akamaihd.net\other\asset__8a8da7185c73d609.bin",".bin","243333","Unknown binary","Manual review","23 20 45 78 70 6F 72 74 65 64 20 66 72 6F 6D 20","# Exported from Wings 3D 1.5.3 mtllib sabines_tie.mtl o small_base_Cube.002 #152 vertices, 292 faces v -1.15593700 -0.14525500 1.15593700 v -1.15593700 0.14525500 1.15593700 v -0.96131500 0.14525500 1.15593700 v -0.96131500 -0.14525500 1.15593700 v -1.15593700 0.24525500 1.15593700 v -0.96131500 0.24525500 1.15593700 v -0.56171500 -0.14525500 1.15593700 v -0.56171500 0.14525500 1.15593700 v -0.76008800 0.14525500 1.15593700 v -0.76008800 -0.14525500 1.15593700 v -1.15593700 -0.1452"
"steamusercontent-a.akamaihd.net\other\asset__8b523348429a41aa.bin","C:\Users\Evan\Documents\GitHub\xwing-unified-1e\assets\source\legacy1e\steamusercontent-a.akamaihd.net\other\asset__8b523348429a41aa.bin",".bin","77317","Unknown binary","Manual review","23 20 42 6C 65 6E 64 65 72 20 76 32 2E 37 31 20","# Blender v2.71 (sub 0) OBJ File: 'A5.blend' # www.blender.org mtllib A1fin.mtl o Curve_Mesh v 2.401417 0.054119 -2.865160 v 2.424429 0.054119 -2.813848 v 2.452952 0.054119 -2.736427 v 2.485668 0.054119 -2.638068 v 2.521257 0.054119 -2.523943 v 2.558403 0.054119 -2.399225 v 2.595787 0.054119 -2.269084 v 2.632092 0.054119 -2.138692 v 2.665997 0.054119 -2.013221 v 2.696186 0.054119 -1.897842 v 2.721341 0.054119 -1.797727 v 2.740144 0.054119 -1.718049 v 2.751276 0.054119 -1.663978"
"steamusercontent-a.akamaihd.net\other\asset__9614700be802d522.bin","C:\Users\Evan\Documents\GitHub\xwing-unified-1e\assets\source\legacy1e\steamusercontent-a.akamaihd.net\other\asset__9614700be802d522.bin",".bin","644707","Unknown binary","Manual review","23 20 42 6C 65 6E 64 65 72 20 76 32 2E 37 38 20","# Blender v2.78 (sub 0) OBJ File: '' # www.blender.org mtllib QUATROCAPETAS3.mtl o QuadDOINFERNO v 0.228166 3.039491 0.627016 v 0.026318 2.892622 0.627016 v 0.139373 2.886721 0.627016 v 0.043310 2.914751 0.627016 v 0.043310 2.970551 0.627016 v 0.022605 2.989252 0.627016 v -0.042495 2.989252 0.627016 v -0.087189 2.844748 0.627016 v 0.046080 2.844748 0.627016 v -0.171564 2.883860 0.627016 v -0.038759 2.892622 0.627016 v -0.202434 2.941176 0.627016 v -0.058714 2.912122 0.627016 v -0.058714 2.970551"
"steamusercontent-a.akamaihd.net\other\asset__97fa98cfc3880bf8.bin","C:\Users\Evan\Documents\GitHub\xwing-unified-1e\assets\source\legacy1e\steamusercontent-a.akamaihd.net\other\asset__97fa98cfc3880bf8.bin",".bin","63277","Unknown binary","Manual review","23 20 42 6C 65 6E 64 65 72 20 76 32 2E 37 31 20","# Blender v2.71 (sub 0) OBJ File: 'A22.blend' # www.blender.org mtllib A2.mtl o Curve_Mesh v -2.122839 0.000000 0.306810 v -2.116495 0.000000 0.268743 v -2.104257 0.000000 0.231139 v -2.087355 0.000000 0.194540 v -2.067017 0.000000 0.159488 v -2.044471 0.000000 0.126527 v -2.020945 0.000000 0.096199 v -1.997669 0.000000 0.069048 v -1.975870 0.000000 0.045617 v -1.956777 0.000000 0.026447 v -1.941618 0.000000 0.012082 v -1.931622 0.000000 0.003065 v -1.928017 0.000000 -0.000061 v"
"steamusercontent-a.akamaihd.net\other\asset__9e372e241642b8c0.bin","C:\Users\Evan\Documents\GitHub\xwing-unified-1e\assets\source\legacy1e\steamusercontent-a.akamaihd.net\other\asset__9e372e241642b8c0.bin",".bin","4163","Unknown binary","Manual review","23 20 45 78 70 6F 72 74 65 64 20 66 72 6F 6D 20","# Exported from Wings 3D 1.5.3 mtllib porx_collision.mtl o Cylinder3 #32 vertices, 18 faces v 3.39999962 0.20000000 0.0000000e+0 v 3.14119003 0.20000000 1.30112367 v 2.40416268 0.20000000 2.40416306 v 1.30112329 0.20000000 3.14119041 v -3.7724072e-7 0.20000000 3.40000000 v -1.30112405 0.20000000 3.14119041 v -2.40416343 0.20000000 2.40416306 v -3.14119079 0.20000000 1.30112367 v -3.40000038 0.20000000 4.1637991e-16 v -3.14119079 0.20000000 -1.30112367 v -2.40416343 0.20000000 -2.40"
"steamusercontent-a.akamaihd.net\other\asset__cc9e59fdab33492b.bin","C:\Users\Evan\Documents\GitHub\xwing-unified-1e\assets\source\legacy1e\steamusercontent-a.akamaihd.net\other\asset__cc9e59fdab33492b.bin",".bin","52108","Unknown binary","Manual review","23 20 45 78 70 6F 72 74 65 64 20 66 72 6F 6D 20","# Exported from Wings 3D 1.5.3 mtllib focus.mtl o Cylinder1 #128 vertices, 252 faces v 0.95000000 0.10000000 0.0000000e+0 v 0.94542549 0.10000000 9.3116283e-2 v 0.93174602 0.10000000 0.18533581 v 0.90909332 0.10000000 0.27577044 v 0.87768556 0.10000000 0.36354926 v 0.83782520 0.10000000 0.44782690 v 0.78989613 0.10000000 0.52779172 v 0.73435993 0.10000000 0.60267362 v 0.67175144 0.10000000 0.67175144 v 0.60267362 0.10000000 0.73435993 v 0.52779172 0.10000000 0.78989613 v 0.4478269"
"steamusercontent-a.akamaihd.net\other\asset__d615f51d03704c08.bin","C:\Users\Evan\Documents\GitHub\xwing-unified-1e\assets\source\legacy1e\steamusercontent-a.akamaihd.net\other\asset__d615f51d03704c08.bin",".bin","178512","Unknown binary","Manual review","23 20 42 6C 65 6E 64 65 72 20 76 33 2E 36 2E 32","# Blender v3.6.2 OBJ File: '' # www.blender.org mtllib mobile small.mtl o base_plate_Curve_Mesh.002 v -1.809405 0.399465 -18.354025 v -1.799490 0.399465 -18.354025 v -1.799490 -0.100535 -18.354025 v -1.809405 -0.100535 -18.354025 v -1.784514 0.399465 -18.354025 v -1.784514 -0.100535 -18.354025 v -1.765740 0.399465 -18.354025 v -1.765740 -0.100535 -18.354025 v -1.744434 0.399465 -18.354025 v -1.744434 -0.100535 -18.354025 v -1.721863 0.399465 -18.354025 v -1.721863 -0.100535 -18.354025 v -1.69929"
"steamusercontent-a.akamaihd.net\other\asset__d654e42dbf52622d.bin","C:\Users\Evan\Documents\GitHub\xwing-unified-1e\assets\source\legacy1e\steamusercontent-a.akamaihd.net\other\asset__d654e42dbf52622d.bin",".bin","775536","Unknown binary","Manual review","23 20 42 6C 65 6E 64 65 72 20 76 32 2E 37 38 20","# Blender v2.78 (sub 0) OBJ File: '' # www.blender.org mtllib TESTTS5.mtl o Barbatana v -0.312120 3.806853 -0.986243 v -0.311795 3.804623 -0.751581 v -0.312120 3.806853 -0.751581 v -0.311795 3.804623 -0.986243 v -0.299623 3.804815 -1.085323 v -0.299061 3.807032 -1.085323 v -0.299196 3.805887 -1.085323 v -0.300314 3.803890 -1.085323 v -0.299228 3.808174 -1.085323 v -0.301220 3.803175 -1.085323 v -0.299684 3.809233 -1.085323 v -0.302280 3.802719 -1.085323 v -0.300400 3.810139 -1.085323 v -0.303423"
"steamusercontent-a.akamaihd.net\other\asset__e4f3f6ac7cad92f6.bin","C:\Users\Evan\Documents\GitHub\xwing-unified-1e\assets\source\legacy1e\steamusercontent-a.akamaihd.net\other\asset__e4f3f6ac7cad92f6.bin",".bin","183605","Unknown binary","Manual review","23 20 42 6C 65 6E 64 65 72 20 76 33 2E 36 2E 32","# Blender v3.6.2 OBJ File: '' # www.blender.org mtllib mobile.mtl o Curve_Mesh.001 v -6.093338 0.399763 -6.747766 v -6.093338 -0.100237 -6.747766 v -5.797690 -0.100237 -6.982794 v -5.797690 0.399763 -6.982794 v 14.641862 0.399761 -14.648590 v 14.641862 -0.100239 -14.648590 v 14.742076 -0.100239 -14.547327 v 14.742076 0.399761 -14.547327 v -3.556210 0.399763 -19.695961 v -3.556210 -0.100237 -19.695961 v -3.551254 -0.100237 -19.696327 v -3.551254 0.399763 -19.696327 v 0.100221 0.399762 -13.937230"
"steamusercontent-a.akamaihd.net\other\asset__e7a56e0e60897d10.bin","C:\Users\Evan\Documents\GitHub\xwing-unified-1e\assets\source\legacy1e\steamusercontent-a.akamaihd.net\other\asset__e7a56e0e60897d10.bin",".bin","214291","Unknown binary","Manual review","23 20 42 6C 65 6E 64 65 72 20 76 32 2E 37 38 20","# Blender v2.78 (sub 0) OBJ File: '' # www.blender.org mtllib PROTECAPETA2.mtl o PROTECAPETA v 0.366108 3.416280 -1.037408 v 0.368833 3.417271 -0.986588 v 0.368502 3.417271 -1.037423 v 0.366440 3.416280 -0.986573 v -0.094797 3.473326 0.135633 v 0.126607 3.473326 -0.074729 v -0.111644 3.473326 -0.073176 v 0.112482 3.473326 0.134283 v 0.050594 3.552044 0.134686 v -0.045396 3.552044 -0.073608 v 0.055471 3.552044 -0.074265 v -0.037161 3.552044 0.135258 v -0.173274 3.482865 1.204771 v 0.199554 3.4733"
"steamusercontent-a.akamaihd.net\other\asset__f5e534f5198cab10.bin","C:\Users\Evan\Documents\GitHub\xwing-unified-1e\assets\source\legacy1e\steamusercontent-a.akamaihd.net\other\asset__f5e534f5198cab10.bin",".bin","65383","Unknown binary","Manual review","23 20 45 78 70 6F 72 74 65 64 20 66 72 6F 6D 20","# Exported from Wings 3D 1.5.3 mtllib sesimic_charge.mtl o STL object #160 vertices, 316 faces v -1.79999995 0.0000000e+0 -1.27999997 v -1.79999995 0.0000000e+0 1.27999997 v -1.79999995 0.20000000 -1.27999997 v -1.79999995 0.20000000 1.27999997 v -1.79726541 0.0000000e+0 -1.31125665 v -1.79726541 0.0000000e+0 -1.24874330 v -1.79726541 0.0000000e+0 1.24874330 v -1.79726541 0.0000000e+0 1.31125665 v -1.79726541 0.20000000 -1.31125665 v -1.79726541 0.20000000 -1.24874330 v -1.79726541"
"steamusercontent-a.akamaihd.net\other\asset__f8284ad32f92e5f5.bin","C:\Users\Evan\Documents\GitHub\xwing-unified-1e\assets\source\legacy1e\steamusercontent-a.akamaihd.net\other\asset__f8284ad32f92e5f5.bin",".bin","119268","Unknown binary","Manual review","23 20 54 68 69 73 20 66 69 6C 65 20 75 73 65 73","# This file uses centimeters as units for non-parametric coordinates. v 0.183544 0.044815 1.874132 v 0.183544 -0.044815 1.874132 v -0.755726 0.044815 -1.547812 v -0.755726 -0.044815 -1.547812 v -1.783192 0.044815 0.631141 v -1.783192 -0.044815 0.631141 v -0.626232 0.044815 1.451289 v -0.626232 -0.044815 1.451289 v -0.253018 0.044815 1.737431 v -0.253018 -0.044815 1.737431 v -0.253018 0.000000 1.737431 v 0.183544 0.000000 1.874132 v -0.051220 0.044815 1.844463 v -0.051220 0.000000"
"steamusercontent-a.akamaihd.net\other\asset__f8b77d79a59af82b.bin","C:\Users\Evan\Documents\GitHub\xwing-unified-1e\assets\source\legacy1e\steamusercontent-a.akamaihd.net\other\asset__f8b77d79a59af82b.bin",".bin","421770","Unknown binary","Manual review","23 20 42 6C 65 6E 64 65 72 20 76 32 2E 37 38 20","# Blender v2.78 (sub 0) OBJ File: '' # www.blender.org mtllib TITSFINALMAPEADA2.mtl o Mesh0.002 v -0.019819 3.669314 0.243757 v -0.021807 3.665693 0.254020 v -0.023637 3.665200 0.253687 v -0.020838 3.809412 0.038553 v -0.021434 3.810092 0.039011 v -0.020072 3.811645 0.040059 v -0.019819 3.678027 0.249633 v -0.023637 3.679055 0.250327 v -0.021807 3.669868 0.256836 v -0.020072 3.814368 0.040164 v -0.021990 3.815287 0.040784 v -0.021434 3.815922 0.041212 v -0.023637 3.764010 0.102126 v -0.027130 3."
"steamusercontent-a.akamaihd.net\other\asset__fadcd0cb2e0c3756.bin","C:\Users\Evan\Documents\GitHub\xwing-unified-1e\assets\source\legacy1e\steamusercontent-a.akamaihd.net\other\asset__fadcd0cb2e0c3756.bin",".bin","20255","Unknown binary","Manual review","23 20 45 78 70 6F 72 74 65 64 20 66 72 6F 6D 20","# Exported from Wings 3D v1.5.3.2015-03-17---20-19.mlab mtllib ion.mtl o Cylinder1_sep3_u_Cylinder1_u_Cylinder1_sep3_u_Cylinder1 #112 vertices, 220 faces v 5.8170723e-17 0.10000000 0.95000000 v 0.87768556 -0.10000000 0.36354926 v 0.51093443 0.10000000 0.80000000 v -0.95000000 -0.10000000 1.1634145e-16 v -0.94542549 0.10000000 9.3116283e-2 v -0.18533581 -0.10000000 0.93174602 v -0.90909332 0.10000000 -0.27577044 v -9.3116283e-2 0.10000000 0.94542549 v 0.18533581 0.10000000 -0.93174602"
"tts-db.firebaseio.com\data\modLoadCount__9af76dadf9e4b2ae.json","C:\Users\Evan\Documents\GitHub\xwing-unified-1e\assets\source\legacy1e\tts-db.firebaseio.com\data\modLoadCount__9af76dadf9e4b2ae.json",".json","7","Unknown binary","Manual review","31 30 38 39 30 39 36","1089096"
