sheetAssetId,sheetRepositoryPath,sheetWarehouse,sheetStatus,pilotId,targetId,pilotName,shipId,faction,pilotSkill,squadPointCost,recommendedAction
"AST-025826A0244BC9E5","assets/source/legacy1e/steamusercontent-a.akamaihd.net/images/asset__b52c3d72d013ceaf.jpg","legacy1e","clear","PILOT-F3936AB17701","ig88c","IG-88C","aggressor","scumandvillainy","6","36","Crop and validate this pilot's individual base token from the clear source sheet."
"AST-070E9132BB7062D8","assets/source/legacy1e/steamusercontent-a.akamaihd.net/images/asset__9fa3eacaa97eb075.jpg","legacy1e","clear","PILOT-3EA7FF41AB8A","spicerunner","Spice Runner","hwk290","scumandvillainy","1","16","Crop and validate this pilot's individual base token from the clear source sheet."
"AST-07EEAAA7DDD3D1A5","assets/source/legacy1e/steamusercontent-a.akamaihd.net/images/asset__1ce28bfa8588d1c0.jpg","legacy1e","clear","PILOT-24EED7FB9599","ap5","AP-5","sheathipedeclassshuttle","rebelalliance","1","15","Crop and validate this pilot's individual base token from the clear source sheet."
"AST-0868093752192D67","assets/source/legacy1e/steamusercontent-a.akamaihd.net/images/asset__e59c4a387e1a8612.jpg","legacy1e","clear","PILOT-2699BB62E4DA","majorrhymer","Major Rhymer","tiebomber","galacticempire","7","26","Crop and validate this pilot's individual base token from the clear source sheet."
"AST-08A72E2763F8E1AB","assets/source/legacy1e/steamusercontent-a.akamaihd.net/images/asset__6dda404247201f0c.png","legacy1e","clear","PILOT-47BE7DD4C303","blacksunace","Black Sun Ace","kihraxzfighter","scumandvillainy","5","23","Crop and validate this pilot's individual base token from the clear source sheet."
"AST-0984543EA367BD1E","assets/source/legacy1e/steamusercontent-a.akamaihd.net/images/asset__a9a2dd9dc6870c66.jpg","legacy1e","clear","PILOT-F578A712FB2F","redline","""Redline""","tiepunisher","galacticempire","7","27","Crop and validate this pilot's individual base token from the clear source sheet."
"AST-0B50322807EA931F","assets/source/legacy1e/steamusercontent-a.akamaihd.net/images/asset__6ea7c985873a0654.jpg","legacy1e","clear","PILOT-8A5CA1DCCBEA","bobafett","Boba Fett","firespray31","scumandvillainy","8","39","Crop and validate this pilot's individual base token from the clear source sheet."
"AST-0C785B50D0104EEE","assets/source/legacy1e/steamusercontent-a.akamaihd.net/images/asset__918718401447f3eb.jpg","legacy1e","clear","PILOT-AB91776CBC66","turrphennir","Turr Phennir","tieinterceptor","galacticempire","7","25","Crop and validate this pilot's individual base token from the clear source sheet."
"AST-0C839CB3E1E6C464","assets/source/legacy1e/steamusercontent-a.akamaihd.net/images/asset__986563eedafd2375.jpg","legacy1e","clear","PILOT-B83A2C097842","outerrimsmuggler","Outer Rim Smuggler","yt1300","rebelalliance","1","27","Crop and validate this pilot's individual base token from the clear source sheet."
"AST-0CAA706016204C88","assets/source/legacy1e/steamusercontent-a.akamaihd.net/images/asset__18f0fc42531efb0d.png","legacy1e","clear","PILOT-29C434698216","doubleedge","""Double Edge""","tieaggressor","galacticempire","4","19","Crop and validate this pilot's individual base token from the clear source sheet."
"AST-0E38D44E9D15BA42","assets/source/legacy1e/steamusercontent-a.akamaihd.net/images/asset__6a0c60074efb9f5c.png","legacy1e","clear","PILOT-DA5161BA5569","academypilot","Academy Pilot","tiefighter","galacticempire","1","12","Crop and validate this pilot's individual base token from the clear source sheet."
"AST-11B92D15828B797B","assets/source/legacy1e/steamusercontent-a.akamaihd.net/images/asset__530db44fdeb67130.png","legacy1e","clear","PILOT-2BF2DAE8F20E","captainjostero","Captain Jostero","kihraxzfighter","scumandvillainy","4","24","Crop and validate this pilot's individual base token from the clear source sheet."
"AST-129872542DD7F8A0","assets/source/legacy1e/steamusercontent-a.akamaihd.net/images/asset__26c202af3d983f80.png","legacy1e","clear","PILOT-AD0AF9F4FADA","sarcoplank","Sarco Plank","quadjumper","scumandvillainy","5","18","Crop and validate this pilot's individual base token from the clear source sheet."
"AST-13B0ADF0A1CF070D","assets/source/legacy1e/steamusercontent-a.akamaihd.net/images/asset__a1e17ff2f9beebdd.jpg","legacy1e","clear","PILOT-333658D8223F","rearadmiralchiraneau","Rear Admiral Chiraneau","vt49decimator","galacticempire","8","46","Crop and validate this pilot's individual base token from the clear source sheet."
"AST-14EEF94E219E80C5","assets/source/legacy1e/steamusercontent-a.akamaihd.net/images/asset__31c8025202b87472.jpg","legacy1e","clear","PILOT-0EB1111C98FA","banditsquadronpilot","Bandit Squadron Pilot","z95headhunter","rebelalliance","2","12","Crop and validate this pilot's individual base token from the clear source sheet."
"AST-151CCF8058620D0E","assets/source/legacy1e/steamusercontent-a.akamaihd.net/images/asset__4af57bb26524ed0b.jpg","legacy1e","clear","PILOT-0E181989C08C","mirandadoni","Miranda Doni","kwing","rebelalliance","8","29","Crop and validate this pilot's individual base token from the clear source sheet."
"AST-1526AB5322C2D6C2","assets/source/legacy1e/steamusercontent-a.akamaihd.net/images/asset__a2255d00c6c09113.jpg","legacy1e","clear","PILOT-A0F3DB878B53","lieutenantkarsabi","Lieutenant Karsabi","alphaclassstarwing","galacticempire","5","24","Crop and validate this pilot's individual base token from the clear source sheet."
"AST-166B984CF51D515B","assets/source/legacy1e/steamusercontent-a.akamaihd.net/images/asset__979839eadedbe9b0.png","legacy1e","clear","PILOT-3CF4B6B87B64","ndrusuhlak","N'dru Suhlak","z95headhunter","scumandvillainy","7","17","Crop and validate this pilot's individual base token from the clear source sheet."
"AST-1765F322E8CCC419","assets/source/legacy1e/steamusercontent-a.akamaihd.net/images/asset__d20434c33edde0ed.png","legacy1e","clear","PILOT-3D71D27165EA","toranikulda","Torani Kulda","m12lkimogilafighter","scumandvillainy","8","27","Crop and validate this pilot's individual base token from the clear source sheet."
"AST-184F54CCEFF55E33","assets/source/legacy1e/steamusercontent-a.akamaihd.net/images/asset__0d8c2cd2b70ca7d6.jpg","legacy1e","clear","PILOT-FCE29317C456","echo","""Echo""","tiephantom","galacticempire","6","30","Crop and validate this pilot's individual base token from the clear source sheet."
"AST-199FCC7D850DED8C","assets/source/legacy1e/steamusercontent-a.akamaihd.net/images/asset__cbe3d2c0a7e07b45.png","legacy1e","clear","PILOT-54C91594FE87","cassianandor","Cassian Andor","uwing","rebelalliance","6","27","Crop and validate this pilot's individual base token from the clear source sheet."
"AST-1AF03E545EA7EAFA","assets/source/legacy1e/steamusercontent-a.akamaihd.net/images/asset__e06ad4dfec665dde.jpg","legacy1e","clear","PILOT-5E5A8B3D8F0A","dacebonearm","Dace Bonearm","hwk290","scumandvillainy","7","23","Crop and validate this pilot's individual base token from the clear source sheet."
"AST-1B67CA60C0F16693","assets/source/legacy1e/steamusercontent-a.akamaihd.net/images/asset__5ecaf2bd7f8d7b76.jpg","legacy1e","clear","PILOT-5158A0D06CE9","sabinewren","Sabine Wren","attackshuttle","rebelalliance","5","21","Crop and validate this pilot's individual base token from the clear source sheet."
"AST-1B67CA60C0F16693","assets/source/legacy1e/steamusercontent-a.akamaihd.net/images/asset__5ecaf2bd7f8d7b76.jpg","legacy1e","clear","PILOT-371A0F61CCFE","chopper","""Chopper""","vcx100","rebelalliance","4","37","Crop and validate this pilot's individual base token from the clear source sheet."
"AST-1D6E641138B056B5","assets/source/legacy1e/steamusercontent-a.akamaihd.net/images/asset__283b62cba7623fcb.png","legacy1e","clear","PILOT-4E5B3C6C644F","cartelexecutioner","Cartel Executioner","m12lkimogilafighter","scumandvillainy","5","24","Crop and validate this pilot's individual base token from the clear source sheet."
"AST-1D9A0AD4BD84DC2A","assets/source/legacy1e/steamusercontent-a.akamaihd.net/images/asset__f47d513e7c69022d.jpg","legacy1e","clear","PILOT-80A485DC5242","captainkagi","Captain Kagi","lambdaclassshuttle","galacticempire","8","27","Crop and validate this pilot's individual base token from the clear source sheet."
"AST-1E399FB660D9892E","assets/source/legacy1e/steamusercontent-a.akamaihd.net/images/asset__4267f6573a9e0524.jpg","legacy1e","clear","PILOT-6252CB094EFA","zeborrelios","""Zeb"" Orrelios","sheathipedeclassshuttle","rebelalliance","3","16","Crop and validate this pilot's individual base token from the clear source sheet."
"AST-1E5B0686AD3BC00F","assets/source/legacy1e/steamusercontent-a.akamaihd.net/images/asset__69f4ecd608d361bf.png","legacy1e","clear","PILOT-E8E9694B8D34","blacksunassassin","Black Sun Assassin","starviper","scumandvillainy","5","28","Crop and validate this pilot's individual base token from the clear source sheet."
"AST-20A1EE8351AF21D3","assets/source/legacy1e/steamusercontent-a.akamaihd.net/images/asset__3948b5a8e50c3bd1.jpg","legacy1e","clear","PILOT-5274E11EAA41","leebo","""Leebo""","yt2400","rebelalliance","5","34","Crop and validate this pilot's individual base token from the clear source sheet."
"AST-2792FF17B692FFDF","assets/source/legacy1e/steamusercontent-a.akamaihd.net/images/asset__ab8adb2fb4d787ec.png","legacy1e","clear","PILOT-DD498FAA74C0","quickdraw","""Quickdraw""","tiesffighter","firstorder","9","29","Crop and validate this pilot's individual base token from the clear source sheet."
"AST-27D71F0E98F57CF2","assets/source/legacy1e/steamusercontent-a.akamaihd.net/images/asset__ae80120d522a404a.png","legacy1e","clear","PILOT-9F00C0DDB4E8","ketsuonyo","Ketsu Onyo","lancerclasspursuitcraft","scumandvillainy","7","38","Crop and validate this pilot's individual base token from the clear source sheet."
"AST-28B50648F4E23878","assets/source/legacy1e/steamusercontent-a.akamaihd.net/images/asset__6feb9e8d6d3b24e9.jpg","legacy1e","clear","PILOT-E244DBA12DC6","blacksunsoldier","Black Sun Soldier","z95headhunter","scumandvillainy","3","13","Crop and validate this pilot's individual base token from the clear source sheet."
"AST-2A364C6D8EC72B29","assets/source/legacy1e/steamusercontent-a.akamaihd.net/images/asset__3bf6a0f4e42179fc.jpg","legacy1e","clear","PILOT-7C8D83A06980","kaatoleeachos","Kaa'to Leeachos","z95headhunter","scumandvillainy","5","15","Crop and validate this pilot's individual base token from the clear source sheet."
"AST-2B4CC369F65371C8","assets/source/legacy1e/steamusercontent-a.akamaihd.net/images/asset__befe00aee8b10b7f.jpg","legacy1e","clear","PILOT-91F3D05B5EA1","dutchvander","""Dutch"" Vander","ywing","rebelalliance","6","23","Crop and validate this pilot's individual base token from the clear source sheet."
"AST-2D4D4569F0858EE8","assets/source/legacy1e/steamusercontent-a.akamaihd.net/images/asset__cd0d22c8f4347996.png","legacy1e","clear","PILOT-D23BF9016C0D","inaldra","Inaldra","m3ainterceptor","scumandvillainy","3","15","Crop and validate this pilot's individual base token from the clear source sheet."
"AST-2E30C7B90852E05B","assets/source/legacy1e/steamusercontent-a.akamaihd.net/images/asset__47198294f94ca5ea.png","legacy1e","clear","PILOT-7BE38960675C","countdown","""Countdown""","tiestriker","galacticempire","5","20","Crop and validate this pilot's individual base token from the clear source sheet."
"AST-2E852055CCCF281B","assets/source/legacy1e/steamusercontent-a.akamaihd.net/images/asset__0e078b693215dcd2.jpg","legacy1e","clear","PILOT-22931F77E0C5","ig88b","IG-88B","aggressor","scumandvillainy","6","36","Crop and validate this pilot's individual base token from the clear source sheet."
"AST-2FDA7255CF9D0505","assets/source/legacy1e/steamusercontent-a.akamaihd.net/images/asset__b02206a528ff82c0.png","legacy1e","clear","PILOT-1B8C5D844954","deathfire","""Deathfire""","tiebomber","galacticempire","3","17","Crop and validate this pilot's individual base token from the clear source sheet."
"AST-31F04F99DABD3094","assets/source/legacy1e/steamusercontent-a.akamaihd.net/images/asset__91075d77874a97f5.jpg","legacy1e","clear","PILOT-3D59B61C04C1","kavil","Kavil","ywing","scumandvillainy","7","24","Crop and validate this pilot's individual base token from the clear source sheet."
"AST-32F59747F99D7F5A","assets/source/legacy1e/steamusercontent-a.akamaihd.net/other/asset__99ca394b4a5a3ac4.png","legacy1e","clear","PILOT-A3C94DEA1FDD","jakkugunrunner","Jakku Gunrunner","quadjumper","scumandvillainy","1","15","Crop and validate this pilot's individual base token from the clear source sheet."
"AST-346A6D56DBAA923A","assets/source/legacy1e/steamusercontent-a.akamaihd.net/images/asset__38c73e26b7ef0f5c.png","legacy1e","clear","PILOT-41AAAC334224","sawgerrera","Saw Gerrera","uwing","rebelalliance","6","26","Crop and validate this pilot's individual base token from the clear source sheet."
"AST-3734612C0A380CC7","assets/source/legacy1e/steamusercontent-a.akamaihd.net/images/asset__9206d67cb1951531.png","legacy1e","clear","PILOT-C1CD7D44A8EF","magvayarro","Magva Yarro","uwing","rebelalliance","5","25","Crop and validate this pilot's individual base token from the clear source sheet."
"AST-3A9560411E177477","assets/source/legacy1e/steamusercontent-a.akamaihd.net/images/asset__a28587a196c79e16.jpg","legacy1e","clear","PILOT-BA7FB595439C","lothalrebel","Lothal Rebel","vcx100","rebelalliance","3","35","Crop and validate this pilot's individual base token from the clear source sheet."
"AST-3C219D1E02E42F0E","assets/source/legacy1e/steamusercontent-a.akamaihd.net/images/asset__f60079774097c6e1.jpg","legacy1e","clear","PILOT-E36B6ADA5CD4","majorvynder","Major Vynder","alphaclassstarwing","galacticempire","7","26","Crop and validate this pilot's individual base token from the clear source sheet."
"AST-3CAE9B9FDF5C555A","assets/source/legacy1e/steamusercontent-a.akamaihd.net/images/asset__3ca5873ebdf5b343.png","legacy1e","clear","PILOT-78154C684A5D","tomaxbren","Tomax Bren","tiebomber","galacticempire","8","24","Crop and validate this pilot's individual base token from the clear source sheet."
"AST-3CD8B807B264B81C","assets/source/legacy1e/steamusercontent-a.akamaihd.net/images/asset__2c21c96d3d0f6df4.png","legacy1e","clear","PILOT-0C207B0C74CF","maulermithel","""Mauler Mithel""","tiefighter","galacticempire","7","17","Crop and validate this pilot's individual base token from the clear source sheet."
"AST-3CF16EA7BAE17E65","assets/source/legacy1e/steamusercontent-a.akamaihd.net/images/asset__2a09386f0ae85856.jpg","legacy1e","clear","PILOT-D1DA1E944AA9","cutlasssquadronpilot","Cutlass Squadron Pilot","tiepunisher","galacticempire","2","21","Crop and validate this pilot's individual base token from the clear source sheet."
"AST-3E34398D748BCCBA","assets/source/legacy1e/steamusercontent-a.akamaihd.net/images/asset__4807b3729c8343a3.jpg","legacy1e","clear","PILOT-1F99131CE3E0","tansariipointveteran","Tansarii Point Veteran","m3ainterceptor","scumandvillainy","5","17","Crop and validate this pilot's individual base token from the clear source sheet."
"AST-3E5E615DEF3FF4A9","assets/source/legacy1e/steamusercontent-a.akamaihd.net/images/asset__e2f5bbe9505b7e7b.jpg","legacy1e","clear","PILOT-A0AE862C1758","jakefarrell","Jake Farrell","awing","rebelalliance","7","24","Crop and validate this pilot's individual base token from the clear source sheet."
"AST-3F7A00C7B63D3594","assets/source/legacy1e/steamusercontent-a.akamaihd.net/images/asset__588199dc62ebbe1e.jpg","legacy1e","clear","PILOT-3ACC0B4A3795","4lom","4-LOM","g1astarfighter","scumandvillainy","6","27","Crop and validate this pilot's individual base token from the clear source sheet."
"AST-3FCBA881EC05F279","assets/source/legacy1e/steamusercontent-a.akamaihd.net/other/asset__44c6141bf7b66f45.png","legacy1e","clear","PILOT-CE8814AF4A55","lieutenantdormitz","Lieutenant Dormitz","upsilonclassshuttle","firstorder","3","31","Crop and validate this pilot's individual base token from the clear source sheet."
"AST-40D49A0FB32C6BCD","assets/source/legacy1e/steamusercontent-a.akamaihd.net/images/asset__062ebd85ad782fed.jpg","legacy1e","clear","PILOT-3E3851496A42","torkilmux","Torkil Mux","hwk290","scumandvillainy","3","19","Crop and validate this pilot's individual base token from the clear source sheet."
"AST-4327AF8F57947812","assets/source/legacy1e/steamusercontent-a.akamaihd.net/images/asset__9a170e187ec8bdd3.jpg","legacy1e","clear","PILOT-BDAA55AD958F","captainjonus","Captain Jonus","tiebomber","galacticempire","6","22","Crop and validate this pilot's individual base token from the clear source sheet."
"AST-43741159EEBDA3AA","assets/source/legacy1e/steamusercontent-a.akamaihd.net/images/asset__43e91ad6b8c25e5a.jpg","legacy1e","clear","PILOT-0175B6FFF67D","guri","Guri","starviper","scumandvillainy","5","30","Crop and validate this pilot's individual base token from the clear source sheet."
"AST-44319E5317ED3C79","assets/source/legacy1e/steamusercontent-a.akamaihd.net/images/asset__eced59873189ee96.jpg","legacy1e","clear","PILOT-FEEF6D0DA6D8","kylekatarn","Kyle Katarn","hwk290","rebelalliance","6","21","Crop and validate this pilot's individual base token from the clear source sheet."
"AST-49ED4F9EB783ED6B","assets/source/legacy1e/steamusercontent-a.akamaihd.net/images/asset__bdc4f60f73995490.png","legacy1e","clear","PILOT-43214C180796","lokrevenant","Lok Revenant","scurrgh6bomber","scumandvillainy","3","26","Crop and validate this pilot's individual base token from the clear source sheet."
"AST-4B6201160A863C5A","assets/source/legacy1e/steamusercontent-a.akamaihd.net/images/asset__bf4b5787efe937b3.png","legacy1e","clear","PILOT-6F908E59D57F","poedameron-swx57","Poe Dameron","t70xwing","resistance","9","33","Crop and validate this pilot's individual base token from the clear source sheet."
"AST-4D7DD00B8F3E9704","assets/source/legacy1e/steamusercontent-a.akamaihd.net/images/asset__44cc2e9f77a0f54f.jpg","legacy1e","clear","PILOT-2E5D2CAD25B4","ig88d","IG-88D","aggressor","scumandvillainy","6","36","Crop and validate this pilot's individual base token from the clear source sheet."
"AST-4DA6D3FF681F510A","assets/source/legacy1e/steamusercontent-a.akamaihd.net/images/asset__56b3528f863cf077.jpg","legacy1e","clear","PILOT-3C24070F17DF","junoeclipse","Juno Eclipse","tieadvanced","galacticempire","8","28","Crop and validate this pilot's individual base token from the clear source sheet."
"AST-4F5A68FCA5F817C6","assets/source/legacy1e/steamusercontent-a.akamaihd.net/images/asset__9832f52a2ba74315.png","legacy1e","clear","PILOT-037C78BAF9E1","elloasty","Ello Asty","t70xwing","resistance","7","30","Crop and validate this pilot's individual base token from the clear source sheet."
"AST-4F5A68FCA5F817C6","assets/source/legacy1e/steamusercontent-a.akamaihd.net/images/asset__9832f52a2ba74315.png","legacy1e","clear","PILOT-64E329984278","niennunb","Nien Nunb","t70xwing","resistance","7","29","Crop and validate this pilot's individual base token from the clear source sheet."
"AST-4F7D0A8C532A7B65","assets/source/legacy1e/steamusercontent-a.akamaihd.net/images/asset__8552ac06500a17cf.jpg","legacy1e","clear","PILOT-59737EAA2DAB","landocalrissian","Lando Calrissian","yt1300","rebelalliance","7","44","Crop and validate this pilot's individual base token from the clear source sheet."
"AST-509A37FB8A96557E","assets/source/legacy1e/steamusercontent-a.akamaihd.net/other/asset__a8f5fe0246709993.png","legacy1e","clear","PILOT-C52E6EAB9ED5","zealousrecruit","Zealous Recruit","protectoratestarfighter","scumandvillainy","1","20","Crop and validate this pilot's individual base token from the clear source sheet."
"AST-50FB0F5A0EF4D300","assets/source/legacy1e/steamusercontent-a.akamaihd.net/other/asset__b31888e41b3fa302.png","legacy1e","clear","PILOT-0CCB6DEA3E06","lieutenantkestal","Lieutenant Kestal","tieaggressor","galacticempire","7","22","Crop and validate this pilot's individual base token from the clear source sheet."
"AST-5455BD4F6FE8C4A0","assets/source/legacy1e/steamusercontent-a.akamaihd.net/other/asset__fd3611066d36b27d.png","legacy1e","clear","PILOT-212219B823A7","talonbanecobra","Talonbane Cobra","kihraxzfighter","scumandvillainy","9","28","Crop and validate this pilot's individual base token from the clear source sheet."
"AST-577E4D42EFD6BDBF","assets/source/legacy1e/steamusercontent-a.akamaihd.net/images/asset__41d30b92b50898f3.png","legacy1e","clear","PILOT-68D5625BBE63","oldteroch","Old Teroch","protectoratestarfighter","scumandvillainy","7","26","Crop and validate this pilot's individual base token from the clear source sheet."
"AST-5A2BE6CD77D524AD","assets/source/legacy1e/steamusercontent-a.akamaihd.net/images/asset__5cae101d5041fcf3.png","legacy1e","clear","PILOT-92CC97D0C2A9","unkarplutt","Unkar Plutt","quadjumper","scumandvillainy","3","17","Crop and validate this pilot's individual base token from the clear source sheet."
"AST-5C70BF298C200257","assets/source/legacy1e/steamusercontent-a.akamaihd.net/images/asset__e9974f4b5c04ff70.jpg","legacy1e","clear","PILOT-94A1E988D420","lieutenantblount","Lieutenant Blount","z95headhunter","rebelalliance","6","17","Crop and validate this pilot's individual base token from the clear source sheet."
"AST-5DA22F1CFBC354E3","assets/source/legacy1e/steamusercontent-a.akamaihd.net/other/asset__1248f3c878f1f0a5.png","legacy1e","clear","PILOT-C280AC2074B3","captainrex","Captain Rex","tiefighter","rebelalliance","4","14","Crop and validate this pilot's individual base token from the clear source sheet."
"AST-5E701DA557AA7F88","assets/source/legacy1e/steamusercontent-a.akamaihd.net/images/asset__479ac4c40d60d726.png","legacy1e","clear","PILOT-EAFFA73EDEAA","jekporkins","Jek Porkins","xwing","rebelalliance","7","26","Crop and validate this pilot's individual base token from the clear source sheet."
"AST-5E701DA557AA7F88","assets/source/legacy1e/steamusercontent-a.akamaihd.net/images/asset__479ac4c40d60d726.png","legacy1e","clear","PILOT-AA47833EE888","lukeskywalker","Luke Skywalker","xwing","rebelalliance","8","28","Crop and validate this pilot's individual base token from the clear source sheet."
"AST-5E701DA557AA7F88","assets/source/legacy1e/steamusercontent-a.akamaihd.net/images/asset__479ac4c40d60d726.png","legacy1e","clear","PILOT-D860BA3F714B","wesjanson","Wes Janson","xwing","rebelalliance","8","29","Crop and validate this pilot's individual base token from the clear source sheet."
"AST-5EDD983CA411B8A0","assets/source/legacy1e/steamusercontent-a.akamaihd.net/images/asset__234090aa2d6c6f2f.jpg","legacy1e","clear","PILOT-C43BAE681F2F","rexlerbrath","Rexler Brath","tiedefender","galacticempire","8","37","Crop and validate this pilot's individual base token from the clear source sheet."
"AST-60EF69CD53EB0D92","assets/source/legacy1e/steamusercontent-a.akamaihd.net/images/asset__b5702c22e1f3090a.jpg","legacy1e","clear","PILOT-04881CC2D835","moraloeval","Moralo Eval","yv666","scumandvillainy","6","34","Crop and validate this pilot's individual base token from the clear source sheet."
"AST-62E1B5BA52A85DDA","assets/source/legacy1e/steamusercontent-a.akamaihd.net/images/asset__cfac7c679683abfc.jpg","legacy1e","clear","PILOT-FE672ED5EA46","gandfindsman","Gand Findsman","g1astarfighter","scumandvillainy","5","25","Crop and validate this pilot's individual base token from the clear source sheet."
"AST-65E80DE1F1AFA074","assets/source/legacy1e/steamusercontent-a.akamaihd.net/images/asset__82ba063d7c019215.jpg","legacy1e","clear","PILOT-020CE92F238A","kathscarlet","Kath Scarlet","firespray31","scumandvillainy","7","38","Crop and validate this pilot's individual base token from the clear source sheet."
"AST-6614CFBB4A233005","assets/source/legacy1e/steamusercontent-a.akamaihd.net/images/asset__ca35a99351fca329.jpg","legacy1e","clear","PILOT-3A312B3BC35F","herasyndulla","Hera Syndulla","attackshuttle","rebelalliance","7","22","Crop and validate this pilot's individual base token from the clear source sheet."
"AST-6614CFBB4A233005","assets/source/legacy1e/steamusercontent-a.akamaihd.net/images/asset__ca35a99351fca329.jpg","legacy1e","clear","PILOT-4B3605E8AAE6","herasyndulla","Hera Syndulla","vcx100","rebelalliance","7","40","Crop and validate this pilot's individual base token from the clear source sheet."
"AST-676D1FFAEE23C379","assets/source/legacy1e/steamusercontent-a.akamaihd.net/images/asset__9beb1f88fe4cb44e.jpg","legacy1e","clear","PILOT-E19EAEE63E13","dengar","Dengar","jumpmaster5000","scumandvillainy","9","33","Crop and validate this pilot's individual base token from the clear source sheet."
"AST-6C966C811CEB6A25","assets/source/legacy1e/steamusercontent-a.akamaihd.net/images/asset__4fa26aa87794e2f9.jpg","legacy1e","clear","PILOT-31738DF69B79","darthvader","Darth Vader","tieadvanced","galacticempire","9","29","Crop and validate this pilot's individual base token from the clear source sheet."
"AST-6D233A8571ABE3E8","assets/source/legacy1e/steamusercontent-a.akamaihd.net/images/asset__f9d7b7f88a169996.jpg","legacy1e","clear","PILOT-CF7DB3C80A89","tennumb","Ten Numb","bwing","rebelalliance","8","31","Crop and validate this pilot's individual base token from the clear source sheet."
"AST-6DA3D52EF8042A0D","assets/source/legacy1e/steamusercontent-a.akamaihd.net/images/asset__a001fb6c459d02b9.png","legacy1e","clear","PILOT-E73EEF28DBC2","asajjventress","Asajj Ventress","lancerclasspursuitcraft","scumandvillainy","6","37","Crop and validate this pilot's individual base token from the clear source sheet."
"AST-725809CC38366F0F","assets/source/legacy1e/steamusercontent-a.akamaihd.net/images/asset__6e97d1e9c3fe2186.jpg","legacy1e","clear","PILOT-D3947C6F77DF","maarekstele","Maarek Stele","tieadvanced","galacticempire","7","27","Crop and validate this pilot's individual base token from the clear source sheet."
"AST-73390B056214CB5C","assets/source/legacy1e/steamusercontent-a.akamaihd.net/images/asset__f2685b96e319f2dc.jpg","legacy1e","clear","PILOT-75CA1AC0B24B","binayrepirate","Binayre Pirate","z95headhunter","scumandvillainy","1","12","Crop and validate this pilot's individual base token from the clear source sheet."
"AST-748E59F350CFCB40","assets/source/legacy1e/steamusercontent-a.akamaihd.net/images/asset__9d1653feddb3d6be.png","legacy1e","clear","PILOT-13EC6BA835CC","firstordertestpilot","First Order Test Pilot","tiesilencer","firstorder","6","29","Crop and validate this pilot's individual base token from the clear source sheet."
"AST-76196BFC64DA12C8","assets/source/legacy1e/steamusercontent-a.akamaihd.net/images/asset__27a89001f714f298.jpg","legacy1e","clear","PILOT-919CB508CC2A","zeborrelios","""Zeb"" Orrelios","attackshuttle","rebelalliance","3","18","Crop and validate this pilot's individual base token from the clear source sheet."
"AST-76ABC6CBC8117343","assets/source/legacy1e/steamusercontent-a.akamaihd.net/images/asset__313bf3911892eafb.jpg","legacy1e","clear","PILOT-D7E3AF0C1A39","contractedscout","Contracted Scout","jumpmaster5000","scumandvillainy","3","25","Crop and validate this pilot's individual base token from the clear source sheet."
"AST-77EAD0758500FC8C","assets/source/legacy1e/steamusercontent-a.akamaihd.net/images/asset__631e741e3464206b.png","legacy1e","clear","PILOT-E142B034674E","sunnybounder","Sunny Bounder","m3ainterceptor","scumandvillainy","1","14","Crop and validate this pilot's individual base token from the clear source sheet."
"AST-7810D67B19270395","assets/source/legacy1e/steamusercontent-a.akamaihd.net/images/asset__18bbda2defef0191.png","legacy1e","clear","PILOT-0E6BC4A34F91","wampa","""Wampa""","tiefighter","galacticempire","4","14","Crop and validate this pilot's individual base token from the clear source sheet."
"AST-782747239F7975A5","assets/source/legacy1e/steamusercontent-a.akamaihd.net/images/asset__6225167008bb5fce.jpg","legacy1e","clear","PILOT-67211D993AB3","colonelvessery","Colonel Vessery","tiedefender","galacticempire","6","35","Crop and validate this pilot's individual base token from the clear source sheet."
"AST-7971DF3D327F8B2F","assets/source/legacy1e/steamusercontent-a.akamaihd.net/images/asset__cbf384b34d6aa8f8.jpg","legacy1e","clear","PILOT-8027C5B39295","ezrabridger","Ezra Bridger","attackshuttle","rebelalliance","4","20","Crop and validate this pilot's individual base token from the clear source sheet."
"AST-7971DF3D327F8B2F","assets/source/legacy1e/steamusercontent-a.akamaihd.net/images/asset__cbf384b34d6aa8f8.jpg","legacy1e","clear","PILOT-3E85BCEF81A8","kananjarrus","Kanan Jarrus","vcx100","rebelalliance","5","38","Crop and validate this pilot's individual base token from the clear source sheet."
"AST-7BE44DA9143B525E","assets/source/legacy1e/steamusercontent-a.akamaihd.net/images/asset__8effc513fca46c17.png","legacy1e","clear","PILOT-37807F1567D3","poedameron","Poe Dameron","t70xwing","resistance","8","31","Crop and validate this pilot's individual base token from the clear source sheet."
"AST-7C72A2FF7A8EC2D4","assets/source/legacy1e/steamusercontent-a.akamaihd.net/images/asset__b9e58f63e4cb7887.jpg","legacy1e","clear","PILOT-F72AA964C4DE","blacksunenforcer","Black Sun Enforcer","starviper","scumandvillainy","1","25","Crop and validate this pilot's individual base token from the clear source sheet."
"AST-80B5126A48A7ABBE","assets/source/legacy1e/steamusercontent-a.akamaihd.net/images/asset__dd936d7ad2ac1b8b.jpg","legacy1e","clear","PILOT-D7F4D8FFEF99","bountyhunter","Bounty Hunter","firespray31","galacticempire","3","33","Crop and validate this pilot's individual base token from the clear source sheet."
"AST-819F67CEFA4C04CB","assets/source/legacy1e/steamusercontent-a.akamaihd.net/images/asset__26d4850cfab22457.jpg","legacy1e","clear","PILOT-8B20DCC32738","alphasquadronpilot","Alpha Squadron Pilot","tieinterceptor","galacticempire","1","18","Crop and validate this pilot's individual base token from the clear source sheet."
"AST-8262741C8D683CC1","assets/source/legacy1e/steamusercontent-a.akamaihd.net/images/asset__1ea8b35fc299dd61.jpg","legacy1e","clear","PILOT-E69C40F49478","whisper","""Whisper""","tiephantom","galacticempire","7","32","Crop and validate this pilot's individual base token from the clear source sheet."
"AST-82C6CDE4E6433109","assets/source/legacy1e/steamusercontent-a.akamaihd.net/images/asset__895a9c2c30243998.jpg","legacy1e","clear","PILOT-BF77493C3681","soontirfel","Soontir Fel","tieinterceptor","galacticempire","9","27","Crop and validate this pilot's individual base token from the clear source sheet."
"AST-8AB19AC62432A296","assets/source/legacy1e/steamusercontent-a.akamaihd.net/images/asset__bcec43fd2f22948f.jpg","legacy1e","clear","PILOT-4405E8F8586F","omicrongrouppilot","Omicron Group Pilot","lambdaclassshuttle","galacticempire","2","21","Crop and validate this pilot's individual base token from the clear source sheet."
"AST-8B32398AA0D30C57","assets/source/legacy1e/steamusercontent-a.akamaihd.net/images/asset__bcd097999b97995a.jpg","legacy1e","clear","PILOT-666D323B9384","tempestsquadronpilot","Tempest Squadron Pilot","tieadvanced","galacticempire","2","21","Crop and validate this pilot's individual base token from the clear source sheet."
"AST-8E6AF8F6FEE8B5D4","assets/source/legacy1e/steamusercontent-a.akamaihd.net/images/asset__a4c0920136fa57ad.jpg","legacy1e","clear","PILOT-6BCA69AA2E6F","scimitarsquadronpilot","Scimitar Squadron Pilot","tiebomber","galacticempire","2","16","Crop and validate this pilot's individual base token from the clear source sheet."
"AST-8F6A8AB06BCE8A3C","assets/source/legacy1e/steamusercontent-a.akamaihd.net/images/asset__ea547c1dff2119e2.png","legacy1e","clear","PILOT-0EEE1974B721","countessryad","Countess Ryad","tiedefender","galacticempire","5","34","Crop and validate this pilot's individual base token from the clear source sheet."
"AST-900D04F897CCA41F","assets/source/legacy1e/steamusercontent-a.akamaihd.net/images/asset__c11f0b0c5569b188.jpg","legacy1e","clear","PILOT-41C7BEBD81D9","hiredgun","Hired Gun","ywing","scumandvillainy","4","20","Crop and validate this pilot's individual base token from the clear source sheet."
"AST-9301963E43016631","assets/source/legacy1e/steamusercontent-a.akamaihd.net/images/asset__61e603ba4eae6169.jpg","legacy1e","clear","PILOT-2FF8E40F2FB9","manaroo","Manaroo","jumpmaster5000","scumandvillainy","4","27","Crop and validate this pilot's individual base token from the clear source sheet."
"AST-9306C1286D082CE2","assets/source/legacy1e/steamusercontent-a.akamaihd.net/images/asset__2b628d8e1453f008.jpg","legacy1e","clear","PILOT-6842AEDDCC32","laetinashera","Laetin A'shera","m3ainterceptor","scumandvillainy","6","18","Crop and validate this pilot's individual base token from the clear source sheet."
"AST-94430E76F30D9958","assets/source/legacy1e/steamusercontent-a.akamaihd.net/images/asset__028ca35d37b338dc.png","legacy1e","clear","PILOT-7274E5F48E24","sienarspecialist","Sienar Specialist","tieaggressor","galacticempire","2","17","Crop and validate this pilot's individual base token from the clear source sheet."
"AST-95A55FCDC5AC6F47","assets/source/legacy1e/steamusercontent-a.akamaihd.net/images/asset__b73f48e259f94c7a.jpg","legacy1e","clear","PILOT-7D6B4693D0CC","wardensquadronpilot","Warden Squadron Pilot","kwing","rebelalliance","2","23","Crop and validate this pilot's individual base token from the clear source sheet."
"AST-96453D46BFD0EA27","assets/source/legacy1e/steamusercontent-a.akamaihd.net/images/asset__c9bee59c36adbb41.jpg","legacy1e","clear","PILOT-D128BD38A4EB","lattsrazzi","Latts Razzi","yv666","scumandvillainy","5","33","Crop and validate this pilot's individual base token from the clear source sheet."
"AST-9A00639504EE3435","assets/source/legacy1e/steamusercontent-a.akamaihd.net/images/asset__e78024cfec97ccf4.png","legacy1e","clear","PILOT-40E4C0339168","partisanrenegade","Partisan Renegade","uwing","rebelalliance","1","22","Crop and validate this pilot's individual base token from the clear source sheet."
"AST-A0704921D4C902D6","assets/source/legacy1e/steamusercontent-a.akamaihd.net/images/asset__9a769a90c445cf85.png","legacy1e","clear","PILOT-85511699241B","nightbeast","""Night Beast""","tiefighter","galacticempire","5","15","Crop and validate this pilot's individual base token from the clear source sheet."
"AST-A1CC4AB479770BFA","assets/source/legacy1e/steamusercontent-a.akamaihd.net/images/asset__bbd4152ba4e36d5d.jpg","legacy1e","clear","PILOT-E5B046CE0938","corranhorn","Corran Horn","ewing","rebelalliance","8","35","Crop and validate this pilot's individual base token from the clear source sheet."
"AST-A259921069112946","assets/source/legacy1e/steamusercontent-a.akamaihd.net/images/asset__c8c2ec297394f8f6.png","legacy1e","clear","PILOT-18166CD2AACD","cartelmarauder","Cartel Marauder","kihraxzfighter","scumandvillainy","2","20","Crop and validate this pilot's individual base token from the clear source sheet."
"AST-A5870A68AED14690","assets/source/legacy1e/steamusercontent-a.akamaihd.net/images/asset__80d72ea254b5531f.png","legacy1e","clear","PILOT-25F20C6B5ABA","howlrunner","""Howlrunner""","tiefighter","galacticempire","8","18","Crop and validate this pilot's individual base token from the clear source sheet."
"AST-A7D9A0056A3B749F","assets/source/legacy1e/steamusercontent-a.akamaihd.net/images/asset__f070c97abcf335e3.jpg","legacy1e","clear","PILOT-9FF20AE8C7AB","cartelspacer","Cartel Spacer","m3ainterceptor","scumandvillainy","2","14","Crop and validate this pilot's individual base token from the clear source sheet."
"AST-A8EEE115A55E8EFE","assets/source/legacy1e/steamusercontent-a.akamaihd.net/images/asset__bf9278b4260ea961.jpg","legacy1e","clear","PILOT-19D285178AC9","gemmersojan","Gemmer Sojan","awing","rebelalliance","5","22","Crop and validate this pilot's individual base token from the clear source sheet."
"AST-A8EEE115A55E8EFE","assets/source/legacy1e/steamusercontent-a.akamaihd.net/images/asset__bf9278b4260ea961.jpg","legacy1e","clear","PILOT-82934A2FA2F1","greensquadronpilot","Green Squadron Pilot","awing","rebelalliance","3","19","Crop and validate this pilot's individual base token from the clear source sheet."
"AST-ABE6DF6DB2740D97","assets/source/legacy1e/steamusercontent-a.akamaihd.net/images/asset__468416f146e1f06d.png","legacy1e","clear","PILOT-39658D5B350B","solsixxa","Sol Sixxa","scurrgh6bomber","scumandvillainy","6","28","Crop and validate this pilot's individual base token from the clear source sheet."
"AST-AC767F2762A1CA26","assets/source/legacy1e/steamusercontent-a.akamaihd.net/images/asset__8865722a5fd3eea8.jpg","legacy1e","clear","PILOT-3C9E6338EBC2","nusquadronpilot","Nu Squadron Pilot","alphaclassstarwing","galacticempire","2","18","Crop and validate this pilot's individual base token from the clear source sheet."
"AST-AECCF7C1D3414560","assets/source/legacy1e/steamusercontent-a.akamaihd.net/images/asset__8edcd63544e01278.jpg","legacy1e","clear","PILOT-F6ADBD0D6A79","lieutenantlorrir","Lieutenant Lorrir","tieinterceptor","galacticempire","5","23","Crop and validate this pilot's individual base token from the clear source sheet."
"AST-AF3B6A66FC6ADD7D","assets/source/legacy1e/steamusercontent-a.akamaihd.net/images/asset__a3cfaa9135262e74.jpg","legacy1e","clear","PILOT-818969B87243","bossk","Bossk","yv666","scumandvillainy","7","35","Crop and validate this pilot's individual base token from the clear source sheet."
"AST-B0191ED3864D4715","assets/source/legacy1e/steamusercontent-a.akamaihd.net/images/asset__f4359359768a4bea.jpg","legacy1e","clear","PILOT-B618B90B5E10","trandoshanslaver","Trandoshan Slaver","yv666","scumandvillainy","2","29","Crop and validate this pilot's individual base token from the clear source sheet."
"AST-B287C4A9C9A1DE8A","assets/source/legacy1e/steamusercontent-a.akamaihd.net/images/asset__4c009f4e322d5c41.png","legacy1e","clear","PILOT-53F462B28696","viktorhel","Viktor Hel","kihraxzfighter","scumandvillainy","7","25","Crop and validate this pilot's individual base token from the clear source sheet."
"AST-B35601D8F91DF4AD","assets/source/legacy1e/steamusercontent-a.akamaihd.net/images/asset__3d0e951020b2d514.png","legacy1e","clear","PILOT-7E5AEEBC41D6","kashyyykdefender","Kashyyyk Defender","auzituckgunship","rebelalliance","1","24","Crop and validate this pilot's individual base token from the clear source sheet."
"AST-B63B867934D64F00","assets/source/legacy1e/steamusercontent-a.akamaihd.net/images/asset__a722e3b695f20f08.jpg","legacy1e","clear","PILOT-20D8BF313D24","captainoicunn","Captain Oicunn","vt49decimator","galacticempire","4","42","Crop and validate this pilot's individual base token from the clear source sheet."
"AST-B7D4449B661A705F","assets/source/legacy1e/steamusercontent-a.akamaihd.net/images/asset__816196eb61b9f0d0.png","legacy1e","clear","PILOT-FE8EB2DFD9A2","sabinewren","Sabine Wren","tiefighter","rebelalliance","5","15","Crop and validate this pilot's individual base token from the clear source sheet."
"AST-B839B5F952C8BB4B","assets/source/legacy1e/steamusercontent-a.akamaihd.net/images/asset__ccb0d2e08e9cd6cc.jpg","legacy1e","clear","PILOT-93894EBA60F9","hansolo","Han Solo","yt1300","rebelalliance","9","46","Crop and validate this pilot's individual base token from the clear source sheet."
"AST-B91FA6B5D58FA2E9","assets/source/legacy1e/steamusercontent-a.akamaihd.net/images/asset__b9cca8a13d1b9614.png","legacy1e","clear","PILOT-54CD395BE440","dalanoberos","Dalan Oberos","m12lkimogilafighter","scumandvillainy","7","25","Crop and validate this pilot's individual base token from the clear source sheet."
"AST-B9ED865CD4E3B31C","assets/source/legacy1e/steamusercontent-a.akamaihd.net/images/asset__87382251cddea164.jpg","legacy1e","clear","PILOT-37D736F37A40","princexizor","Prince Xizor","starviper","scumandvillainy","7","31","Crop and validate this pilot's individual base token from the clear source sheet."
"AST-BAD110AFDAC6DFC1","assets/source/legacy1e/steamusercontent-a.akamaihd.net/images/asset__b9203c0314cdfe2d.jpg","legacy1e","clear","PILOT-02501A6A0AA0","zuckuss","Zuckuss","g1astarfighter","scumandvillainy","7","28","Crop and validate this pilot's individual base token from the clear source sheet."
"AST-BAE1C3F0325E8660","assets/source/legacy1e/steamusercontent-a.akamaihd.net/images/asset__2ddee426d5cd4e0a.png","legacy1e","clear","PILOT-2B9E8D56012F","puresabacc","""Pure Sabacc""","tiestriker","galacticempire","6","22","Crop and validate this pilot's individual base token from the clear source sheet."
"AST-BC132E290CC3067B","assets/source/legacy1e/steamusercontent-a.akamaihd.net/images/asset__83a1eb5a43caf6e4.jpg","legacy1e","clear","PILOT-265EEE6A9410","chewbacca","Chewbacca","yt1300","rebelalliance","5","42","Crop and validate this pilot's individual base token from the clear source sheet."
"AST-BC1B8E2589C99C5D","assets/source/legacy1e/steamusercontent-a.akamaihd.net/images/asset__12292d3a084cbe3c.jpg","legacy1e","clear","PILOT-F288E7D5E0D6","patrolleader","Patrol Leader","vt49decimator","galacticempire","3","40","Crop and validate this pilot's individual base token from the clear source sheet."
"AST-BE628660DAAC7FAB","assets/source/legacy1e/steamusercontent-a.akamaihd.net/images/asset__290cc31e747a82fa.png","legacy1e","clear","PILOT-B1012D7A2DDA","bodhirook","Bodhi Rook","uwing","rebelalliance","4","25","Crop and validate this pilot's individual base token from the clear source sheet."
"AST-BFCD54276CDDDBDD","assets/source/legacy1e/steamusercontent-a.akamaihd.net/images/asset__70dd166decee0563.jpg","legacy1e","clear","PILOT-9A7ADD2621BF","zertikstrom","Zertik Strom","tieadvanced","galacticempire","6","26","Crop and validate this pilot's individual base token from the clear source sheet."
"AST-C26BB7D4E034776E","assets/source/legacy1e/steamusercontent-a.akamaihd.net/images/asset__07b611202808b32f.jpg","legacy1e","clear","PILOT-EB50363AACFE","dashrendar","Dash Rendar","yt2400","rebelalliance","7","36","Crop and validate this pilot's individual base token from the clear source sheet."
"AST-C47C0FD6863D4935","assets/source/legacy1e/steamusercontent-a.akamaihd.net/images/asset__397623d826256999.jpg","legacy1e","clear","PILOT-A2E41CCFAB5F","esegetuketu","Esege Tuketu","kwing","rebelalliance","6","28","Crop and validate this pilot's individual base token from the clear source sheet."
"AST-C627DB6596AAC7C6","assets/source/legacy1e/steamusercontent-a.akamaihd.net/images/asset__b5d5d5cf72e82648.jpg","legacy1e","clear","PILOT-A4DF0B594BE3","coloneljendon","Colonel Jendon","lambdaclassshuttle","galacticempire","6","26","Crop and validate this pilot's individual base token from the clear source sheet."
"AST-C6419F2313F74950","assets/source/legacy1e/steamusercontent-a.akamaihd.net/images/asset__055f87ae1f2bccdf.jpg","legacy1e","clear","PILOT-D90034F6DCC7","roarkgarnet","Roark Garnet","hwk290","rebelalliance","4","19","Crop and validate this pilot's individual base token from the clear source sheet."
"AST-C837BBD433F583B9","assets/source/legacy1e/steamusercontent-a.akamaihd.net/images/asset__a6af41a30fdc15ee.jpg","legacy1e","clear","PILOT-6736E13C64B7","fennrau","Fenn Rau","sheathipedeclassshuttle","rebelalliance","9","20","Crop and validate this pilot's individual base token from the clear source sheet."
"AST-C9CF689EA37A880F","assets/source/legacy1e/steamusercontent-a.akamaihd.net/images/asset__0007b1a704707540.png","legacy1e","clear","PILOT-7F08D82863DA","darkcurse","""Dark Curse""","tiefighter","galacticempire","6","16","Crop and validate this pilot's individual base token from the clear source sheet."
"AST-CA2813F74B7C5C61","assets/source/legacy1e/steamusercontent-a.akamaihd.net/other/asset__6399115905c4dff2.png","legacy1e","clear","PILOT-CD598BB7C3BD","sabinewren","Sabine Wren","lancerclasspursuitcraft","scumandvillainy","5","35","Crop and validate this pilot's individual base token from the clear source sheet."
"AST-CA2AFEDBDD5DF675","assets/source/legacy1e/steamusercontent-a.akamaihd.net/images/asset__188553706626c179.png","legacy1e","clear","PILOT-5BCFC38B51FB","duchess","""Duchess""","tiestriker","galacticempire","8","23","Crop and validate this pilot's individual base token from the clear source sheet."
"AST-CB7B4374BAD1A503","assets/source/legacy1e/steamusercontent-a.akamaihd.net/images/asset__c9d335848f3ae246.png","legacy1e","clear","PILOT-4324FB797B41","dalanoberos","Dalan Oberos","starviper","scumandvillainy","6","30","Crop and validate this pilot's individual base token from the clear source sheet."
"AST-CB97F9BE120E8B1B","assets/source/legacy1e/steamusercontent-a.akamaihd.net/images/asset__116b5f5103b89cc7.jpg","legacy1e","clear","PILOT-65F6F265F16D","norrawexley","Norra Wexley","arc170","rebelalliance","7","29","Crop and validate this pilot's individual base token from the clear source sheet."
"AST-CC38EFFF529D1C26","assets/source/legacy1e/steamusercontent-a.akamaihd.net/images/asset__825891661acc77de.png","legacy1e","clear","PILOT-6796D62E5DC1","bluesquadronpilot","Blue Squadron Pilot","bwing","rebelalliance","2","22","Crop and validate this pilot's individual base token from the clear source sheet."
"AST-CCC00B2C563B2A35","assets/source/legacy1e/steamusercontent-a.akamaihd.net/images/asset__68ff2cc03d300acb.png","legacy1e","clear","PILOT-FEAD77745B91","quinnjast","Quinn Jast","m3ainterceptor","scumandvillainy","6","18","Crop and validate this pilot's individual base token from the clear source sheet."
"AST-D0EFE68BEC83E69E","assets/source/legacy1e/steamusercontent-a.akamaihd.net/images/asset__222fd202161556fa.jpg","legacy1e","clear","PILOT-65747E26907E","baronoftheempire","Baron of the Empire","tieadvprototype","galacticempire","4","19","Crop and validate this pilot's individual base token from the clear source sheet."
"AST-D1192FD684977D62","assets/source/legacy1e/steamusercontent-a.akamaihd.net/images/asset__3b663ec0ec08d3c1.jpg","legacy1e","clear","PILOT-33E821BC8D93","emonazzameen","Emon Azzameen","firespray31","scumandvillainy","6","36","Crop and validate this pilot's individual base token from the clear source sheet."
"AST-D1AA5DA26869F11E","assets/source/legacy1e/steamusercontent-a.akamaihd.net/images/asset__764db731223587eb.png","legacy1e","clear","PILOT-F5731D9E2983","backdraft","""Backdraft""","tiesffighter","firstorder","7","27","Crop and validate this pilot's individual base token from the clear source sheet."
"AST-D26C943F88D57CBF","assets/source/legacy1e/steamusercontent-a.akamaihd.net/other/asset__270c2482690a5731.png","legacy1e","clear","PILOT-40A82A73B01F","captainnym","Captain Nym","scurrgh6bomber","scumandvillainy","8","30","Crop and validate this pilot's individual base token from the clear source sheet."
"AST-D6B1FF67B063CA59","assets/source/legacy1e/steamusercontent-a.akamaihd.net/images/asset__029a55df7aa12763.jpg","legacy1e","clear","PILOT-E89CD27DF359","tychocelchu","Tycho Celchu","awing","rebelalliance","8","26","Crop and validate this pilot's individual base token from the clear source sheet."
"AST-D7A7DDE679A90B2C","assets/source/legacy1e/steamusercontent-a.akamaihd.net/images/asset__b50b1b6db57105a6.jpg","legacy1e","clear","PILOT-A1FB4CD13D43","ezrabridger","Ezra Bridger","sheathipedeclassshuttle","rebelalliance","5","17","Crop and validate this pilot's individual base token from the clear source sheet."
"AST-DA60D3BFA3891D8C","assets/source/legacy1e/steamusercontent-a.akamaihd.net/images/asset__284cf739230c5520.jpg","legacy1e","clear","PILOT-75FAB3AFE0AF","krassistrelix","Krassis Trelix","firespray31","galacticempire","5","36","Crop and validate this pilot's individual base token from the clear source sheet."
"AST-DD60314FA67F5EEB","assets/source/legacy1e/steamusercontent-a.akamaihd.net/images/asset__48e6bba4f70cfabc.jpg","legacy1e","clear","PILOT-697F037E14A6","deltasquadronpilot","Delta Squadron Pilot","tiedefender","galacticempire","1","30","Crop and validate this pilot's individual base token from the clear source sheet."
"AST-DDF0DBD70CB28186","assets/source/legacy1e/steamusercontent-a.akamaihd.net/images/asset__de7f7833467986a1.jpg","legacy1e","clear","PILOT-6E45DDA6A55F","biggsdarklighter","Biggs Darklighter","xwing","rebelalliance","5","25","Crop and validate this pilot's individual base token from the clear source sheet."
"AST-DDF0DBD70CB28186","assets/source/legacy1e/steamusercontent-a.akamaihd.net/images/asset__de7f7833467986a1.jpg","legacy1e","clear","PILOT-13315D365D27","garvendreis","Garven Dreis","xwing","rebelalliance","6","26","Crop and validate this pilot's individual base token from the clear source sheet."
"AST-DDF0DBD70CB28186","assets/source/legacy1e/steamusercontent-a.akamaihd.net/images/asset__de7f7833467986a1.jpg","legacy1e","clear","PILOT-73CCA504AA40","wedgeantilles","Wedge Antilles","xwing","rebelalliance","9","29","Crop and validate this pilot's individual base token from the clear source sheet."
"AST-DEAE91AADB095245","assets/source/legacy1e/steamusercontent-a.akamaihd.net/images/asset__e9f1cb1cfdd09180.jpg","legacy1e","clear","PILOT-39582D5DAD5C","palobgodalhi","Palob Godalhi","hwk290","scumandvillainy","5","20","Crop and validate this pilot's individual base token from the clear source sheet."
"AST-DEF7A8969C03F4F0","assets/source/legacy1e/steamusercontent-a.akamaihd.net/images/asset__7416dd8e946ea549.png","legacy1e","clear","PILOT-9508F007B8DE","backstabber","""Backstabber""","tiefighter","galacticempire","6","16","Crop and validate this pilot's individual base token from the clear source sheet."
"AST-DFF1BEEE2B8AD31A","assets/source/legacy1e/steamusercontent-a.akamaihd.net/other/asset__11a4cb00a7691e6a.png","legacy1e","clear","PILOT-23C52D18FCC8","fennrau","Fenn Rau","protectoratestarfighter","scumandvillainy","9","28","Crop and validate this pilot's individual base token from the clear source sheet."
"AST-E4AEFF3C18E3B422","assets/source/legacy1e/steamusercontent-a.akamaihd.net/images/asset__d382c67e280ab176.jpg","legacy1e","clear","PILOT-782C47437218","wildspacefringer","Wild Space Fringer","yt2400","rebelalliance","2","30","Crop and validate this pilot's individual base token from the clear source sheet."
"AST-E6570DD33FDD7CBA","assets/source/legacy1e/steamusercontent-a.akamaihd.net/images/asset__c4a6b653de4bd51e.jpg","legacy1e","clear","PILOT-5A913DE74C65","airencracken","Airen Cracken","z95headhunter","rebelalliance","8","19","Crop and validate this pilot's individual base token from the clear source sheet."
"AST-E74F43336ECD54E2","assets/source/legacy1e/steamusercontent-a.akamaihd.net/images/asset__eecd9a22a38e56f2.png","legacy1e","clear","PILOT-6BE5FCD8CD1A","kadsolus","Kad Solus","protectoratestarfighter","scumandvillainy","6","25","Crop and validate this pilot's individual base token from the clear source sheet."
"AST-E7640FA3647D965A","assets/source/legacy1e/steamusercontent-a.akamaihd.net/images/asset__eb28ba3b0e2c290d.png","legacy1e","clear","PILOT-018CB30BE480","obsidiansquadronpilot","Obsidian Squadron Pilot","tiefighter","galacticempire","3","13","Crop and validate this pilot's individual base token from the clear source sheet."
"AST-E94DAE7F31A974E1","assets/source/legacy1e/steamusercontent-a.akamaihd.net/images/asset__fe2a679015d845c5.jpg","legacy1e","clear","PILOT-F4184700D1DA","janors","Jan Ors","hwk290","rebelalliance","8","25","Crop and validate this pilot's individual base token from the clear source sheet."
"AST-E9CF84F929B265B0","assets/source/legacy1e/steamusercontent-a.akamaihd.net/images/asset__e52b3d40c9434835.png","legacy1e","clear","PILOT-01CF39ABD27A","zetasquadronpilot","Zeta Squadron Pilot","tiefofighter","firstorder","3","16","Crop and validate this pilot's individual base token from the clear source sheet."
"AST-ED5C42E1246D3BDA","assets/source/legacy1e/steamusercontent-a.akamaihd.net/images/asset__997851fbd402a21b.jpg","legacy1e","clear","PILOT-34B839E60AB6","drearenthal","Drea Renthal","ywing","scumandvillainy","5","22","Crop and validate this pilot's individual base token from the clear source sheet."
"AST-EDB8E5846EFAAB9A","assets/source/legacy1e/steamusercontent-a.akamaihd.net/images/asset__3f53e0f9d8299340.jpg","legacy1e","clear","PILOT-2F800C27D775","talasquadronpilot","Tala Squadron Pilot","z95headhunter","rebelalliance","4","13","Crop and validate this pilot's individual base token from the clear source sheet."
"AST-EF60CDF65BDF6CC2","assets/source/legacy1e/steamusercontent-a.akamaihd.net/images/asset__3c511d937f9cfc39.png","legacy1e","clear","PILOT-69DC976B7248","benthictwotubes","Benthic Two Tubes","uwing","rebelalliance","4","24","Crop and validate this pilot's individual base token from the clear source sheet."
"AST-EF97AAF7DCC92D4B","assets/source/legacy1e/steamusercontent-a.akamaihd.net/other/asset__b80f8b192eeb9801.png","legacy1e","clear","PILOT-6A68ADF29BDA","zeborrelios","""Zeb"" Orrelios","tiefighter","rebelalliance","3","13","Crop and validate this pilot's individual base token from the clear source sheet."
"AST-EF9E27B8AFD84953","assets/source/legacy1e/steamusercontent-a.akamaihd.net/images/asset__6938d04d38918f0f.png","legacy1e","clear","PILOT-6382835EA36B","blacksquadronscout","Black Squadron Scout","tiestriker","galacticempire","4","20","Crop and validate this pilot's individual base token from the clear source sheet."
"AST-EF9E3EDF519F2750","assets/source/legacy1e/steamusercontent-a.akamaihd.net/other/asset__00212d35a60a2976.png","legacy1e","clear","PILOT-FC4E49F9AF99","hefftobber","Heff Tobber","uwing","rebelalliance","3","24","Crop and validate this pilot's individual base token from the clear source sheet."
"AST-F1E8BDFFFC67F752","assets/source/legacy1e/steamusercontent-a.akamaihd.net/images/asset__d398213884accbf0.png","legacy1e","clear","PILOT-2303FF614CAF","starkillerbasepilot","Starkiller Base Pilot","upsilonclassshuttle","firstorder","2","30","Crop and validate this pilot's individual base token from the clear source sheet."
"AST-F1FDBD46153749EA","assets/source/legacy1e/steamusercontent-a.akamaihd.net/other/asset__7397588122ee10dc.png","legacy1e","clear","PILOT-5C3E62A09DB1","constablezuvio","Constable Zuvio","quadjumper","scumandvillainy","7","19","Crop and validate this pilot's individual base token from the clear source sheet."
"AST-F23CD7146F105620","assets/source/legacy1e/steamusercontent-a.akamaihd.net/images/asset__1fc394576a49cbf6.jpg","legacy1e","clear","PILOT-11EA529AE573","hortonsalm","Horton Salm","ywing","rebelalliance","8","25","Crop and validate this pilot's individual base token from the clear source sheet."
"AST-F58C3AFB4DA62217","assets/source/legacy1e/steamusercontent-a.akamaihd.net/images/asset__9bffdd5d64d90455.png","legacy1e","clear","PILOT-A15B41525FF5","cavernangelszealot","Cavern Angels Zealot","xwing","rebelalliance","1","22","Crop and validate this pilot's individual base token from the clear source sheet."
"AST-F58C3AFB4DA62217","assets/source/legacy1e/steamusercontent-a.akamaihd.net/images/asset__9bffdd5d64d90455.png","legacy1e","clear","PILOT-B59DE7402044","edriotwotubes","Edrio Two Tubes","xwing","rebelalliance","4","24","Crop and validate this pilot's individual base token from the clear source sheet."
"AST-F58C3AFB4DA62217","assets/source/legacy1e/steamusercontent-a.akamaihd.net/images/asset__9bffdd5d64d90455.png","legacy1e","clear","PILOT-5F40E4920B73","kullbeesperado","Kullbee Sperado","xwing","rebelalliance","7","26","Crop and validate this pilot's individual base token from the clear source sheet."
"AST-F58C3AFB4DA62217","assets/source/legacy1e/steamusercontent-a.akamaihd.net/images/asset__9bffdd5d64d90455.png","legacy1e","clear","PILOT-63D29F362B3C","leevantenza","Leevan Tenza","xwing","rebelalliance","5","25","Crop and validate this pilot's individual base token from the clear source sheet."
"AST-F7615091702AC01E","assets/source/legacy1e/steamusercontent-a.akamaihd.net/images/asset__5da59378b7d9f2a3.png","legacy1e","clear","PILOT-9AF4734CA538","kyloren","Kylo Ren","tiesilencer","firstorder","9","35","Crop and validate this pilot's individual base token from the clear source sheet."
"AST-F825D33A98C491A3","assets/source/legacy1e/steamusercontent-a.akamaihd.net/images/asset__c2c20e05b16f9336.jpg","legacy1e","clear","PILOT-989DFFE571D6","serissu","Serissu","m3ainterceptor","scumandvillainy","8","20","Crop and validate this pilot's individual base token from the clear source sheet."
"AST-F91703D29C862AE3","assets/source/legacy1e/steamusercontent-a.akamaihd.net/other/asset__3bbda7c129bcb4e0.png","legacy1e","clear","PILOT-8A9E83FBEE45","shadowporthunter","Shadowport Hunter","lancerclasspursuitcraft","scumandvillainy","2","33","Crop and validate this pilot's individual base token from the clear source sheet."
"AST-FA1B86882D08B2F2","assets/source/legacy1e/steamusercontent-a.akamaihd.net/images/asset__02e20fbebf2cc778.jpg","legacy1e","clear","PILOT-386EE2761A70","ig88a","IG-88A","aggressor","scumandvillainy","6","36","Crop and validate this pilot's individual base token from the clear source sheet."
"AST-FAFB5A1DEE06CA49","assets/source/legacy1e/steamusercontent-a.akamaihd.net/images/asset__d71c337fc09e0da9.jpg","legacy1e","clear","PILOT-FBBD2835AF68","teltrevura","Tel Trevura","jumpmaster5000","scumandvillainy","7","30","Crop and validate this pilot's individual base token from the clear source sheet."
"AST-FC1E613F161999E9","assets/source/legacy1e/steamusercontent-a.akamaihd.net/images/asset__8a8d56e8970d3f13.jpg","legacy1e","clear","PILOT-1C20ACAE73AB","sharabey","Shara Bey","arc170","rebelalliance","6","28","Crop and validate this pilot's individual base token from the clear source sheet."
"AST-FC20EA1543BE6121","assets/source/legacy1e/steamusercontent-a.akamaihd.net/images/asset__b9071ee9ca4d83b5.jpg","legacy1e","clear","PILOT-ABFC7C17FCAC","arvelcrynyd","Arvel Crynyd","awing","rebelalliance","6","23","Crop and validate this pilot's individual base token from the clear source sheet."
"AST-FF847B440D9AA68C","assets/source/legacy1e/steamusercontent-a.akamaihd.net/images/asset__1786b38448ff15bc.jpg","legacy1e","clear","PILOT-9380AE7D1934","deathrain","""Deathrain""","tiepunisher","galacticempire","6","26","Crop and validate this pilot's individual base token from the clear source sheet."
"","","","missing","PILOT-9F19E7E69203","majorstridan","Major Stridan","upsilonclassshuttle","firstorder","4","32","Locate a First Edition pilot base-token sheet before extraction."
"","","","missing","PILOT-4F7FCC996CCB","lowhhrick","Lowhhrick","auzituckgunship","rebelalliance","5","28","Locate a First Edition pilot base-token sheet before extraction."
"","","","missing","PILOT-AF7029FD12A1","wullffwarro","Wullffwarro","auzituckgunship","rebelalliance","7","30","Locate a First Edition pilot base-token sheet before extraction."
"","","","missing","PILOT-4D5D323202E6","genesisred","Genesis Red","m3ainterceptor","scumandvillainy","7","19","Locate a First Edition pilot base-token sheet before extraction."
