pilotId,targetId,pilotName,shipId,faction,role,recommendedResolution
"PILOT-F5731D9E2983","backdraft","""Backdraft""","tiesffighter","firstorder","PilotBaseToken","Locate token sheet and extract the individual First Edition pilot base token."
"PILOT-9508F007B8DE","backstabber","""Backstabber""","tiefighter","galacticempire","PilotBaseToken","Locate token sheet and extract the individual First Edition pilot base token."
"PILOT-371A0F61CCFE","chopper","""Chopper""","vcx100","rebelalliance","PilotBaseToken","Locate token sheet and extract the individual First Edition pilot base token."
"PILOT-7BE38960675C","countdown","""Countdown""","tiestriker","galacticempire","PilotBaseToken","Locate token sheet and extract the individual First Edition pilot base token."
"PILOT-7F08D82863DA","darkcurse","""Dark Curse""","tiefighter","galacticempire","PilotBaseToken","Locate token sheet and extract the individual First Edition pilot base token."
"PILOT-1B8C5D844954","deathfire","""Deathfire""","tiebomber","galacticempire","PilotBaseToken","Locate token sheet and extract the individual First Edition pilot base token."
"PILOT-9380AE7D1934","deathrain","""Deathrain""","tiepunisher","galacticempire","PilotBaseToken","Locate token sheet and extract the individual First Edition pilot base token."
"PILOT-29C434698216","doubleedge","""Double Edge""","tieaggressor","galacticempire","PilotBaseToken","Locate token sheet and extract the individual First Edition pilot base token."
"PILOT-5BCFC38B51FB","duchess","""Duchess""","tiestriker","galacticempire","PilotBaseToken","Locate token sheet and extract the individual First Edition pilot base token."
"PILOT-91F3D05B5EA1","dutchvander","""Dutch"" Vander","ywing","rebelalliance","PilotBaseToken","Locate token sheet and extract the individual First Edition pilot base token."
"PILOT-FCE29317C456","echo","""Echo""","tiephantom","galacticempire","PilotBaseToken","Locate token sheet and extract the individual First Edition pilot base token."
"PILOT-25F20C6B5ABA","howlrunner","""Howlrunner""","tiefighter","galacticempire","PilotBaseToken","Locate token sheet and extract the individual First Edition pilot base token."
"PILOT-5274E11EAA41","leebo","""Leebo""","yt2400","rebelalliance","PilotBaseToken","Locate token sheet and extract the individual First Edition pilot base token."
"PILOT-0C207B0C74CF","maulermithel","""Mauler Mithel""","tiefighter","galacticempire","PilotBaseToken","Locate token sheet and extract the individual First Edition pilot base token."
"PILOT-85511699241B","nightbeast","""Night Beast""","tiefighter","galacticempire","PilotBaseToken","Locate token sheet and extract the individual First Edition pilot base token."
"PILOT-2B9E8D56012F","puresabacc","""Pure Sabacc""","tiestriker","galacticempire","PilotBaseToken","Locate token sheet and extract the individual First Edition pilot base token."
"PILOT-DD498FAA74C0","quickdraw","""Quickdraw""","tiesffighter","firstorder","PilotBaseToken","Locate token sheet and extract the individual First Edition pilot base token."
"PILOT-F578A712FB2F","redline","""Redline""","tiepunisher","galacticempire","PilotBaseToken","Locate token sheet and extract the individual First Edition pilot base token."
"PILOT-0E6BC4A34F91","wampa","""Wampa""","tiefighter","galacticempire","PilotBaseToken","Locate token sheet and extract the individual First Edition pilot base token."
"PILOT-E69C40F49478","whisper","""Whisper""","tiephantom","galacticempire","PilotBaseToken","Locate token sheet and extract the individual First Edition pilot base token."
"PILOT-919CB508CC2A","zeborrelios","""Zeb"" Orrelios","attackshuttle","rebelalliance","PilotBaseToken","Locate token sheet and extract the individual First Edition pilot base token."
"PILOT-6252CB094EFA","zeborrelios","""Zeb"" Orrelios","sheathipedeclassshuttle","rebelalliance","PilotBaseToken","Locate token sheet and extract the individual First Edition pilot base token."
"PILOT-6A68ADF29BDA","zeborrelios","""Zeb"" Orrelios","tiefighter","rebelalliance","PilotBaseToken","Locate token sheet and extract the individual First Edition pilot base token."
"PILOT-3ACC0B4A3795","4lom","4-LOM","g1astarfighter","scumandvillainy","PilotBaseToken","Locate token sheet and extract the individual First Edition pilot base token."
"PILOT-DA5161BA5569","academypilot","Academy Pilot","tiefighter","galacticempire","PilotBaseToken","Locate token sheet and extract the individual First Edition pilot base token."
"PILOT-5A913DE74C65","airencracken","Airen Cracken","z95headhunter","rebelalliance","PilotBaseToken","Locate token sheet and extract the individual First Edition pilot base token."
"PILOT-8B20DCC32738","alphasquadronpilot","Alpha Squadron Pilot","tieinterceptor","galacticempire","PilotBaseToken","Locate token sheet and extract the individual First Edition pilot base token."
"PILOT-24EED7FB9599","ap5","AP-5","sheathipedeclassshuttle","rebelalliance","PilotBaseToken","Locate token sheet and extract the individual First Edition pilot base token."
"PILOT-ABFC7C17FCAC","arvelcrynyd","Arvel Crynyd","awing","rebelalliance","PilotBaseToken","Locate token sheet and extract the individual First Edition pilot base token."
"PILOT-E73EEF28DBC2","asajjventress","Asajj Ventress","lancerclasspursuitcraft","scumandvillainy","PilotBaseToken","Locate token sheet and extract the individual First Edition pilot base token."
"PILOT-0EB1111C98FA","banditsquadronpilot","Bandit Squadron Pilot","z95headhunter","rebelalliance","PilotBaseToken","Locate token sheet and extract the individual First Edition pilot base token."
"PILOT-65747E26907E","baronoftheempire","Baron of the Empire","tieadvprototype","galacticempire","PilotBaseToken","Locate token sheet and extract the individual First Edition pilot base token."
"PILOT-69DC976B7248","benthictwotubes","Benthic Two Tubes","uwing","rebelalliance","PilotBaseToken","Locate token sheet and extract the individual First Edition pilot base token."
"PILOT-6E45DDA6A55F","biggsdarklighter","Biggs Darklighter","xwing","rebelalliance","PilotBaseToken","Locate token sheet and extract the individual First Edition pilot base token."
"PILOT-75CA1AC0B24B","binayrepirate","Binayre Pirate","z95headhunter","scumandvillainy","PilotBaseToken","Locate token sheet and extract the individual First Edition pilot base token."
"PILOT-6382835EA36B","blacksquadronscout","Black Squadron Scout","tiestriker","galacticempire","PilotBaseToken","Locate token sheet and extract the individual First Edition pilot base token."
"PILOT-47BE7DD4C303","blacksunace","Black Sun Ace","kihraxzfighter","scumandvillainy","PilotBaseToken","Locate token sheet and extract the individual First Edition pilot base token."
"PILOT-E8E9694B8D34","blacksunassassin","Black Sun Assassin","starviper","scumandvillainy","PilotBaseToken","Locate token sheet and extract the individual First Edition pilot base token."
"PILOT-F72AA964C4DE","blacksunenforcer","Black Sun Enforcer","starviper","scumandvillainy","PilotBaseToken","Locate token sheet and extract the individual First Edition pilot base token."
"PILOT-E244DBA12DC6","blacksunsoldier","Black Sun Soldier","z95headhunter","scumandvillainy","PilotBaseToken","Locate token sheet and extract the individual First Edition pilot base token."
"PILOT-6796D62E5DC1","bluesquadronpilot","Blue Squadron Pilot","bwing","rebelalliance","PilotBaseToken","Locate token sheet and extract the individual First Edition pilot base token."
"PILOT-8A5CA1DCCBEA","bobafett","Boba Fett","firespray31","scumandvillainy","PilotBaseToken","Locate token sheet and extract the individual First Edition pilot base token."
"PILOT-B1012D7A2DDA","bodhirook","Bodhi Rook","uwing","rebelalliance","PilotBaseToken","Locate token sheet and extract the individual First Edition pilot base token."
"PILOT-818969B87243","bossk","Bossk","yv666","scumandvillainy","PilotBaseToken","Locate token sheet and extract the individual First Edition pilot base token."
"PILOT-D7F4D8FFEF99","bountyhunter","Bounty Hunter","firespray31","galacticempire","PilotBaseToken","Locate token sheet and extract the individual First Edition pilot base token."
"PILOT-BDAA55AD958F","captainjonus","Captain Jonus","tiebomber","galacticempire","PilotBaseToken","Locate token sheet and extract the individual First Edition pilot base token."
"PILOT-2BF2DAE8F20E","captainjostero","Captain Jostero","kihraxzfighter","scumandvillainy","PilotBaseToken","Locate token sheet and extract the individual First Edition pilot base token."
"PILOT-80A485DC5242","captainkagi","Captain Kagi","lambdaclassshuttle","galacticempire","PilotBaseToken","Locate token sheet and extract the individual First Edition pilot base token."
"PILOT-40A82A73B01F","captainnym","Captain Nym","scurrgh6bomber","scumandvillainy","PilotBaseToken","Locate token sheet and extract the individual First Edition pilot base token."
"PILOT-20D8BF313D24","captainoicunn","Captain Oicunn","vt49decimator","galacticempire","PilotBaseToken","Locate token sheet and extract the individual First Edition pilot base token."
"PILOT-C280AC2074B3","captainrex","Captain Rex","tiefighter","rebelalliance","PilotBaseToken","Locate token sheet and extract the individual First Edition pilot base token."
"PILOT-4E5B3C6C644F","cartelexecutioner","Cartel Executioner","m12lkimogilafighter","scumandvillainy","PilotBaseToken","Locate token sheet and extract the individual First Edition pilot base token."
"PILOT-18166CD2AACD","cartelmarauder","Cartel Marauder","kihraxzfighter","scumandvillainy","PilotBaseToken","Locate token sheet and extract the individual First Edition pilot base token."
"PILOT-9FF20AE8C7AB","cartelspacer","Cartel Spacer","m3ainterceptor","scumandvillainy","PilotBaseToken","Locate token sheet and extract the individual First Edition pilot base token."
"PILOT-54C91594FE87","cassianandor","Cassian Andor","uwing","rebelalliance","PilotBaseToken","Locate token sheet and extract the individual First Edition pilot base token."
"PILOT-A15B41525FF5","cavernangelszealot","Cavern Angels Zealot","xwing","rebelalliance","PilotBaseToken","Locate token sheet and extract the individual First Edition pilot base token."
"PILOT-265EEE6A9410","chewbacca","Chewbacca","yt1300","rebelalliance","PilotBaseToken","Locate token sheet and extract the individual First Edition pilot base token."
"PILOT-A4DF0B594BE3","coloneljendon","Colonel Jendon","lambdaclassshuttle","galacticempire","PilotBaseToken","Locate token sheet and extract the individual First Edition pilot base token."
"PILOT-67211D993AB3","colonelvessery","Colonel Vessery","tiedefender","galacticempire","PilotBaseToken","Locate token sheet and extract the individual First Edition pilot base token."
"PILOT-5C3E62A09DB1","constablezuvio","Constable Zuvio","quadjumper","scumandvillainy","PilotBaseToken","Locate token sheet and extract the individual First Edition pilot base token."
"PILOT-D7E3AF0C1A39","contractedscout","Contracted Scout","jumpmaster5000","scumandvillainy","PilotBaseToken","Locate token sheet and extract the individual First Edition pilot base token."
"PILOT-E5B046CE0938","corranhorn","Corran Horn","ewing","rebelalliance","PilotBaseToken","Locate token sheet and extract the individual First Edition pilot base token."
"PILOT-0EEE1974B721","countessryad","Countess Ryad","tiedefender","galacticempire","PilotBaseToken","Locate token sheet and extract the individual First Edition pilot base token."
"PILOT-D1DA1E944AA9","cutlasssquadronpilot","Cutlass Squadron Pilot","tiepunisher","galacticempire","PilotBaseToken","Locate token sheet and extract the individual First Edition pilot base token."
"PILOT-5E5A8B3D8F0A","dacebonearm","Dace Bonearm","hwk290","scumandvillainy","PilotBaseToken","Locate token sheet and extract the individual First Edition pilot base token."
"PILOT-54CD395BE440","dalanoberos","Dalan Oberos","m12lkimogilafighter","scumandvillainy","PilotBaseToken","Locate token sheet and extract the individual First Edition pilot base token."
"PILOT-4324FB797B41","dalanoberos","Dalan Oberos","starviper","scumandvillainy","PilotBaseToken","Locate token sheet and extract the individual First Edition pilot base token."
"PILOT-31738DF69B79","darthvader","Darth Vader","tieadvanced","galacticempire","PilotBaseToken","Locate token sheet and extract the individual First Edition pilot base token."
"PILOT-EB50363AACFE","dashrendar","Dash Rendar","yt2400","rebelalliance","PilotBaseToken","Locate token sheet and extract the individual First Edition pilot base token."
"PILOT-697F037E14A6","deltasquadronpilot","Delta Squadron Pilot","tiedefender","galacticempire","PilotBaseToken","Locate token sheet and extract the individual First Edition pilot base token."
"PILOT-E19EAEE63E13","dengar","Dengar","jumpmaster5000","scumandvillainy","PilotBaseToken","Locate token sheet and extract the individual First Edition pilot base token."
"PILOT-34B839E60AB6","drearenthal","Drea Renthal","ywing","scumandvillainy","PilotBaseToken","Locate token sheet and extract the individual First Edition pilot base token."
"PILOT-B59DE7402044","edriotwotubes","Edrio Two Tubes","xwing","rebelalliance","PilotBaseToken","Locate token sheet and extract the individual First Edition pilot base token."
"PILOT-037C78BAF9E1","elloasty","Ello Asty","t70xwing","resistance","PilotBaseToken","Locate token sheet and extract the individual First Edition pilot base token."
"PILOT-33E821BC8D93","emonazzameen","Emon Azzameen","firespray31","scumandvillainy","PilotBaseToken","Locate token sheet and extract the individual First Edition pilot base token."
"PILOT-A2E41CCFAB5F","esegetuketu","Esege Tuketu","kwing","rebelalliance","PilotBaseToken","Locate token sheet and extract the individual First Edition pilot base token."
"PILOT-8027C5B39295","ezrabridger","Ezra Bridger","attackshuttle","rebelalliance","PilotBaseToken","Locate token sheet and extract the individual First Edition pilot base token."
"PILOT-A1FB4CD13D43","ezrabridger","Ezra Bridger","sheathipedeclassshuttle","rebelalliance","PilotBaseToken","Locate token sheet and extract the individual First Edition pilot base token."
"PILOT-23C52D18FCC8","fennrau","Fenn Rau","protectoratestarfighter","scumandvillainy","PilotBaseToken","Locate token sheet and extract the individual First Edition pilot base token."
"PILOT-6736E13C64B7","fennrau","Fenn Rau","sheathipedeclassshuttle","rebelalliance","PilotBaseToken","Locate token sheet and extract the individual First Edition pilot base token."
"PILOT-13EC6BA835CC","firstordertestpilot","First Order Test Pilot","tiesilencer","firstorder","PilotBaseToken","Locate token sheet and extract the individual First Edition pilot base token."
"PILOT-FE672ED5EA46","gandfindsman","Gand Findsman","g1astarfighter","scumandvillainy","PilotBaseToken","Locate token sheet and extract the individual First Edition pilot base token."
"PILOT-13315D365D27","garvendreis","Garven Dreis","xwing","rebelalliance","PilotBaseToken","Locate token sheet and extract the individual First Edition pilot base token."
"PILOT-19D285178AC9","gemmersojan","Gemmer Sojan","awing","rebelalliance","PilotBaseToken","Locate token sheet and extract the individual First Edition pilot base token."
"PILOT-4D5D323202E6","genesisred","Genesis Red","m3ainterceptor","scumandvillainy","PilotBaseToken","Locate token sheet and extract the individual First Edition pilot base token."
"PILOT-82934A2FA2F1","greensquadronpilot","Green Squadron Pilot","awing","rebelalliance","PilotBaseToken","Locate token sheet and extract the individual First Edition pilot base token."
"PILOT-0175B6FFF67D","guri","Guri","starviper","scumandvillainy","PilotBaseToken","Locate token sheet and extract the individual First Edition pilot base token."
"PILOT-93894EBA60F9","hansolo","Han Solo","yt1300","rebelalliance","PilotBaseToken","Locate token sheet and extract the individual First Edition pilot base token."
"PILOT-FC4E49F9AF99","hefftobber","Heff Tobber","uwing","rebelalliance","PilotBaseToken","Locate token sheet and extract the individual First Edition pilot base token."
"PILOT-3A312B3BC35F","herasyndulla","Hera Syndulla","attackshuttle","rebelalliance","PilotBaseToken","Locate token sheet and extract the individual First Edition pilot base token."
"PILOT-4B3605E8AAE6","herasyndulla","Hera Syndulla","vcx100","rebelalliance","PilotBaseToken","Locate token sheet and extract the individual First Edition pilot base token."
"PILOT-41C7BEBD81D9","hiredgun","Hired Gun","ywing","scumandvillainy","PilotBaseToken","Locate token sheet and extract the individual First Edition pilot base token."
"PILOT-11EA529AE573","hortonsalm","Horton Salm","ywing","rebelalliance","PilotBaseToken","Locate token sheet and extract the individual First Edition pilot base token."
"PILOT-386EE2761A70","ig88a","IG-88A","aggressor","scumandvillainy","PilotBaseToken","Locate token sheet and extract the individual First Edition pilot base token."
"PILOT-22931F77E0C5","ig88b","IG-88B","aggressor","scumandvillainy","PilotBaseToken","Locate token sheet and extract the individual First Edition pilot base token."
"PILOT-F3936AB17701","ig88c","IG-88C","aggressor","scumandvillainy","PilotBaseToken","Locate token sheet and extract the individual First Edition pilot base token."
"PILOT-2E5D2CAD25B4","ig88d","IG-88D","aggressor","scumandvillainy","PilotBaseToken","Locate token sheet and extract the individual First Edition pilot base token."
"PILOT-D23BF9016C0D","inaldra","Inaldra","m3ainterceptor","scumandvillainy","PilotBaseToken","Locate token sheet and extract the individual First Edition pilot base token."
"PILOT-A0AE862C1758","jakefarrell","Jake Farrell","awing","rebelalliance","PilotBaseToken","Locate token sheet and extract the individual First Edition pilot base token."
"PILOT-A3C94DEA1FDD","jakkugunrunner","Jakku Gunrunner","quadjumper","scumandvillainy","PilotBaseToken","Locate token sheet and extract the individual First Edition pilot base token."
"PILOT-F4184700D1DA","janors","Jan Ors","hwk290","rebelalliance","PilotBaseToken","Locate token sheet and extract the individual First Edition pilot base token."
"PILOT-EAFFA73EDEAA","jekporkins","Jek Porkins","xwing","rebelalliance","PilotBaseToken","Locate token sheet and extract the individual First Edition pilot base token."
"PILOT-3C24070F17DF","junoeclipse","Juno Eclipse","tieadvanced","galacticempire","PilotBaseToken","Locate token sheet and extract the individual First Edition pilot base token."
"PILOT-7C8D83A06980","kaatoleeachos","Kaa'to Leeachos","z95headhunter","scumandvillainy","PilotBaseToken","Locate token sheet and extract the individual First Edition pilot base token."
"PILOT-6BE5FCD8CD1A","kadsolus","Kad Solus","protectoratestarfighter","scumandvillainy","PilotBaseToken","Locate token sheet and extract the individual First Edition pilot base token."
"PILOT-3E85BCEF81A8","kananjarrus","Kanan Jarrus","vcx100","rebelalliance","PilotBaseToken","Locate token sheet and extract the individual First Edition pilot base token."
"PILOT-7E5AEEBC41D6","kashyyykdefender","Kashyyyk Defender","auzituckgunship","rebelalliance","PilotBaseToken","Locate token sheet and extract the individual First Edition pilot base token."
"PILOT-020CE92F238A","kathscarlet","Kath Scarlet","firespray31","scumandvillainy","PilotBaseToken","Locate token sheet and extract the individual First Edition pilot base token."
"PILOT-3D59B61C04C1","kavil","Kavil","ywing","scumandvillainy","PilotBaseToken","Locate token sheet and extract the individual First Edition pilot base token."
"PILOT-9F00C0DDB4E8","ketsuonyo","Ketsu Onyo","lancerclasspursuitcraft","scumandvillainy","PilotBaseToken","Locate token sheet and extract the individual First Edition pilot base token."
"PILOT-75FAB3AFE0AF","krassistrelix","Krassis Trelix","firespray31","galacticempire","PilotBaseToken","Locate token sheet and extract the individual First Edition pilot base token."
"PILOT-5F40E4920B73","kullbeesperado","Kullbee Sperado","xwing","rebelalliance","PilotBaseToken","Locate token sheet and extract the individual First Edition pilot base token."
"PILOT-FEEF6D0DA6D8","kylekatarn","Kyle Katarn","hwk290","rebelalliance","PilotBaseToken","Locate token sheet and extract the individual First Edition pilot base token."
"PILOT-9AF4734CA538","kyloren","Kylo Ren","tiesilencer","firstorder","PilotBaseToken","Locate token sheet and extract the individual First Edition pilot base token."
"PILOT-6842AEDDCC32","laetinashera","Laetin A'shera","m3ainterceptor","scumandvillainy","PilotBaseToken","Locate token sheet and extract the individual First Edition pilot base token."
"PILOT-59737EAA2DAB","landocalrissian","Lando Calrissian","yt1300","rebelalliance","PilotBaseToken","Locate token sheet and extract the individual First Edition pilot base token."
"PILOT-D128BD38A4EB","lattsrazzi","Latts Razzi","yv666","scumandvillainy","PilotBaseToken","Locate token sheet and extract the individual First Edition pilot base token."
"PILOT-63D29F362B3C","leevantenza","Leevan Tenza","xwing","rebelalliance","PilotBaseToken","Locate token sheet and extract the individual First Edition pilot base token."
"PILOT-94A1E988D420","lieutenantblount","Lieutenant Blount","z95headhunter","rebelalliance","PilotBaseToken","Locate token sheet and extract the individual First Edition pilot base token."
"PILOT-CE8814AF4A55","lieutenantdormitz","Lieutenant Dormitz","upsilonclassshuttle","firstorder","PilotBaseToken","Locate token sheet and extract the individual First Edition pilot base token."
"PILOT-A0F3DB878B53","lieutenantkarsabi","Lieutenant Karsabi","alphaclassstarwing","galacticempire","PilotBaseToken","Locate token sheet and extract the individual First Edition pilot base token."
"PILOT-0CCB6DEA3E06","lieutenantkestal","Lieutenant Kestal","tieaggressor","galacticempire","PilotBaseToken","Locate token sheet and extract the individual First Edition pilot base token."
"PILOT-F6ADBD0D6A79","lieutenantlorrir","Lieutenant Lorrir","tieinterceptor","galacticempire","PilotBaseToken","Locate token sheet and extract the individual First Edition pilot base token."
"PILOT-43214C180796","lokrevenant","Lok Revenant","scurrgh6bomber","scumandvillainy","PilotBaseToken","Locate token sheet and extract the individual First Edition pilot base token."
"PILOT-BA7FB595439C","lothalrebel","Lothal Rebel","vcx100","rebelalliance","PilotBaseToken","Locate token sheet and extract the individual First Edition pilot base token."
"PILOT-4F7FCC996CCB","lowhhrick","Lowhhrick","auzituckgunship","rebelalliance","PilotBaseToken","Locate token sheet and extract the individual First Edition pilot base token."
"PILOT-AA47833EE888","lukeskywalker","Luke Skywalker","xwing","rebelalliance","PilotBaseToken","Locate token sheet and extract the individual First Edition pilot base token."
"PILOT-D3947C6F77DF","maarekstele","Maarek Stele","tieadvanced","galacticempire","PilotBaseToken","Locate token sheet and extract the individual First Edition pilot base token."
"PILOT-C1CD7D44A8EF","magvayarro","Magva Yarro","uwing","rebelalliance","PilotBaseToken","Locate token sheet and extract the individual First Edition pilot base token."
"PILOT-2699BB62E4DA","majorrhymer","Major Rhymer","tiebomber","galacticempire","PilotBaseToken","Locate token sheet and extract the individual First Edition pilot base token."
"PILOT-9F19E7E69203","majorstridan","Major Stridan","upsilonclassshuttle","firstorder","PilotBaseToken","Locate token sheet and extract the individual First Edition pilot base token."
"PILOT-E36B6ADA5CD4","majorvynder","Major Vynder","alphaclassstarwing","galacticempire","PilotBaseToken","Locate token sheet and extract the individual First Edition pilot base token."
"PILOT-2FF8E40F2FB9","manaroo","Manaroo","jumpmaster5000","scumandvillainy","PilotBaseToken","Locate token sheet and extract the individual First Edition pilot base token."
"PILOT-0E181989C08C","mirandadoni","Miranda Doni","kwing","rebelalliance","PilotBaseToken","Locate token sheet and extract the individual First Edition pilot base token."
"PILOT-04881CC2D835","moraloeval","Moralo Eval","yv666","scumandvillainy","PilotBaseToken","Locate token sheet and extract the individual First Edition pilot base token."
"PILOT-3CF4B6B87B64","ndrusuhlak","N'dru Suhlak","z95headhunter","scumandvillainy","PilotBaseToken","Locate token sheet and extract the individual First Edition pilot base token."
"PILOT-64E329984278","niennunb","Nien Nunb","t70xwing","resistance","PilotBaseToken","Locate token sheet and extract the individual First Edition pilot base token."
"PILOT-65F6F265F16D","norrawexley","Norra Wexley","arc170","rebelalliance","PilotBaseToken","Locate token sheet and extract the individual First Edition pilot base token."
"PILOT-3C9E6338EBC2","nusquadronpilot","Nu Squadron Pilot","alphaclassstarwing","galacticempire","PilotBaseToken","Locate token sheet and extract the individual First Edition pilot base token."
"PILOT-018CB30BE480","obsidiansquadronpilot","Obsidian Squadron Pilot","tiefighter","galacticempire","PilotBaseToken","Locate token sheet and extract the individual First Edition pilot base token."
"PILOT-68D5625BBE63","oldteroch","Old Teroch","protectoratestarfighter","scumandvillainy","PilotBaseToken","Locate token sheet and extract the individual First Edition pilot base token."
"PILOT-4405E8F8586F","omicrongrouppilot","Omicron Group Pilot","lambdaclassshuttle","galacticempire","PilotBaseToken","Locate token sheet and extract the individual First Edition pilot base token."
"PILOT-B83A2C097842","outerrimsmuggler","Outer Rim Smuggler","yt1300","rebelalliance","PilotBaseToken","Locate token sheet and extract the individual First Edition pilot base token."
"PILOT-39582D5DAD5C","palobgodalhi","Palob Godalhi","hwk290","scumandvillainy","PilotBaseToken","Locate token sheet and extract the individual First Edition pilot base token."
"PILOT-40E4C0339168","partisanrenegade","Partisan Renegade","uwing","rebelalliance","PilotBaseToken","Locate token sheet and extract the individual First Edition pilot base token."
"PILOT-F288E7D5E0D6","patrolleader","Patrol Leader","vt49decimator","galacticempire","PilotBaseToken","Locate token sheet and extract the individual First Edition pilot base token."
"PILOT-37807F1567D3","poedameron","Poe Dameron","t70xwing","resistance","PilotBaseToken","Locate token sheet and extract the individual First Edition pilot base token."
"PILOT-6F908E59D57F","poedameron-swx57","Poe Dameron","t70xwing","resistance","PilotBaseToken","Locate token sheet and extract the individual First Edition pilot base token."
"PILOT-37D736F37A40","princexizor","Prince Xizor","starviper","scumandvillainy","PilotBaseToken","Locate token sheet and extract the individual First Edition pilot base token."
"PILOT-FEAD77745B91","quinnjast","Quinn Jast","m3ainterceptor","scumandvillainy","PilotBaseToken","Locate token sheet and extract the individual First Edition pilot base token."
"PILOT-333658D8223F","rearadmiralchiraneau","Rear Admiral Chiraneau","vt49decimator","galacticempire","PilotBaseToken","Locate token sheet and extract the individual First Edition pilot base token."
"PILOT-C43BAE681F2F","rexlerbrath","Rexler Brath","tiedefender","galacticempire","PilotBaseToken","Locate token sheet and extract the individual First Edition pilot base token."
"PILOT-D90034F6DCC7","roarkgarnet","Roark Garnet","hwk290","rebelalliance","PilotBaseToken","Locate token sheet and extract the individual First Edition pilot base token."
"PILOT-5158A0D06CE9","sabinewren","Sabine Wren","attackshuttle","rebelalliance","PilotBaseToken","Locate token sheet and extract the individual First Edition pilot base token."
"PILOT-CD598BB7C3BD","sabinewren","Sabine Wren","lancerclasspursuitcraft","scumandvillainy","PilotBaseToken","Locate token sheet and extract the individual First Edition pilot base token."
"PILOT-FE8EB2DFD9A2","sabinewren","Sabine Wren","tiefighter","rebelalliance","PilotBaseToken","Locate token sheet and extract the individual First Edition pilot base token."
"PILOT-AD0AF9F4FADA","sarcoplank","Sarco Plank","quadjumper","scumandvillainy","PilotBaseToken","Locate token sheet and extract the individual First Edition pilot base token."
"PILOT-41AAAC334224","sawgerrera","Saw Gerrera","uwing","rebelalliance","PilotBaseToken","Locate token sheet and extract the individual First Edition pilot base token."
"PILOT-6BCA69AA2E6F","scimitarsquadronpilot","Scimitar Squadron Pilot","tiebomber","galacticempire","PilotBaseToken","Locate token sheet and extract the individual First Edition pilot base token."
"PILOT-989DFFE571D6","serissu","Serissu","m3ainterceptor","scumandvillainy","PilotBaseToken","Locate token sheet and extract the individual First Edition pilot base token."
"PILOT-8A9E83FBEE45","shadowporthunter","Shadowport Hunter","lancerclasspursuitcraft","scumandvillainy","PilotBaseToken","Locate token sheet and extract the individual First Edition pilot base token."
"PILOT-1C20ACAE73AB","sharabey","Shara Bey","arc170","rebelalliance","PilotBaseToken","Locate token sheet and extract the individual First Edition pilot base token."
"PILOT-7274E5F48E24","sienarspecialist","Sienar Specialist","tieaggressor","galacticempire","PilotBaseToken","Locate token sheet and extract the individual First Edition pilot base token."
"PILOT-39658D5B350B","solsixxa","Sol Sixxa","scurrgh6bomber","scumandvillainy","PilotBaseToken","Locate token sheet and extract the individual First Edition pilot base token."
"PILOT-BF77493C3681","soontirfel","Soontir Fel","tieinterceptor","galacticempire","PilotBaseToken","Locate token sheet and extract the individual First Edition pilot base token."
"PILOT-3EA7FF41AB8A","spicerunner","Spice Runner","hwk290","scumandvillainy","PilotBaseToken","Locate token sheet and extract the individual First Edition pilot base token."
"PILOT-2303FF614CAF","starkillerbasepilot","Starkiller Base Pilot","upsilonclassshuttle","firstorder","PilotBaseToken","Locate token sheet and extract the individual First Edition pilot base token."
"PILOT-E142B034674E","sunnybounder","Sunny Bounder","m3ainterceptor","scumandvillainy","PilotBaseToken","Locate token sheet and extract the individual First Edition pilot base token."
"PILOT-2F800C27D775","talasquadronpilot","Tala Squadron Pilot","z95headhunter","rebelalliance","PilotBaseToken","Locate token sheet and extract the individual First Edition pilot base token."
"PILOT-212219B823A7","talonbanecobra","Talonbane Cobra","kihraxzfighter","scumandvillainy","PilotBaseToken","Locate token sheet and extract the individual First Edition pilot base token."
"PILOT-1F99131CE3E0","tansariipointveteran","Tansarii Point Veteran","m3ainterceptor","scumandvillainy","PilotBaseToken","Locate token sheet and extract the individual First Edition pilot base token."
"PILOT-FBBD2835AF68","teltrevura","Tel Trevura","jumpmaster5000","scumandvillainy","PilotBaseToken","Locate token sheet and extract the individual First Edition pilot base token."
"PILOT-666D323B9384","tempestsquadronpilot","Tempest Squadron Pilot","tieadvanced","galacticempire","PilotBaseToken","Locate token sheet and extract the individual First Edition pilot base token."
"PILOT-CF7DB3C80A89","tennumb","Ten Numb","bwing","rebelalliance","PilotBaseToken","Locate token sheet and extract the individual First Edition pilot base token."
"PILOT-78154C684A5D","tomaxbren","Tomax Bren","tiebomber","galacticempire","PilotBaseToken","Locate token sheet and extract the individual First Edition pilot base token."
"PILOT-3D71D27165EA","toranikulda","Torani Kulda","m12lkimogilafighter","scumandvillainy","PilotBaseToken","Locate token sheet and extract the individual First Edition pilot base token."
"PILOT-3E3851496A42","torkilmux","Torkil Mux","hwk290","scumandvillainy","PilotBaseToken","Locate token sheet and extract the individual First Edition pilot base token."
"PILOT-B618B90B5E10","trandoshanslaver","Trandoshan Slaver","yv666","scumandvillainy","PilotBaseToken","Locate token sheet and extract the individual First Edition pilot base token."
"PILOT-AB91776CBC66","turrphennir","Turr Phennir","tieinterceptor","galacticempire","PilotBaseToken","Locate token sheet and extract the individual First Edition pilot base token."
"PILOT-E89CD27DF359","tychocelchu","Tycho Celchu","awing","rebelalliance","PilotBaseToken","Locate token sheet and extract the individual First Edition pilot base token."
"PILOT-92CC97D0C2A9","unkarplutt","Unkar Plutt","quadjumper","scumandvillainy","PilotBaseToken","Locate token sheet and extract the individual First Edition pilot base token."
"PILOT-53F462B28696","viktorhel","Viktor Hel","kihraxzfighter","scumandvillainy","PilotBaseToken","Locate token sheet and extract the individual First Edition pilot base token."
"PILOT-7D6B4693D0CC","wardensquadronpilot","Warden Squadron Pilot","kwing","rebelalliance","PilotBaseToken","Locate token sheet and extract the individual First Edition pilot base token."
"PILOT-73CCA504AA40","wedgeantilles","Wedge Antilles","xwing","rebelalliance","PilotBaseToken","Locate token sheet and extract the individual First Edition pilot base token."
"PILOT-D860BA3F714B","wesjanson","Wes Janson","xwing","rebelalliance","PilotBaseToken","Locate token sheet and extract the individual First Edition pilot base token."
"PILOT-782C47437218","wildspacefringer","Wild Space Fringer","yt2400","rebelalliance","PilotBaseToken","Locate token sheet and extract the individual First Edition pilot base token."
"PILOT-AF7029FD12A1","wullffwarro","Wullffwarro","auzituckgunship","rebelalliance","PilotBaseToken","Locate token sheet and extract the individual First Edition pilot base token."
"PILOT-C52E6EAB9ED5","zealousrecruit","Zealous Recruit","protectoratestarfighter","scumandvillainy","PilotBaseToken","Locate token sheet and extract the individual First Edition pilot base token."
"PILOT-9A7ADD2621BF","zertikstrom","Zertik Strom","tieadvanced","galacticempire","PilotBaseToken","Locate token sheet and extract the individual First Edition pilot base token."
"PILOT-01CF39ABD27A","zetasquadronpilot","Zeta Squadron Pilot","tiefofighter","firstorder","PilotBaseToken","Locate token sheet and extract the individual First Edition pilot base token."
"PILOT-02501A6A0AA0","zuckuss","Zuckuss","g1astarfighter","scumandvillainy","PilotBaseToken","Locate token sheet and extract the individual First Edition pilot base token."
